物件名,所在地,掲載サイト,詳細URL,latitude,longitude,家賃,家賃_円,面積,面積_㎡_補正,坪数,坪数_補正,坪単価,飲食可否,立地区分,店舗規模,物件タイプ推定,階数判定,駐車場判定,事業成立パターン,不足理由,推奨カフェモデル,推定席数,想定客単価,月間固定費,必要月商,必要日商_26日営業,必要日客数_26日営業,理論必要日客数,推奨必要日客数,初期投資中央値,事業成立性スコア,評価ランク,評価コメント,ダッシュボード表示コメント
西高松第2メディカルビル,高松市郷東町-148-3,テナント香川,https://www.tenantkagawa.com/article/search/00002636,34.3473129,134.0147595,,,,,,,,確認必要,郊外,不明,店舗系,不明,不明,家賃・面積不明型,家賃・面積不明,要問い合わせ・個別検討,,1000,,,,,,,,0,要確認,必要月商または推奨必要日客数が算定不可,家賃・面積不明型。必要月商円、必要日客数人が目安。
ISB店舗1F【今里町】,高松市今里町-2-11-2,テナント香川,https://www.tenantkagawa.com/article/search/00002638,34.3223726,134.0572363,,,,,,,,確認必要,準中心街,不明,店舗系,1階・路面想定,不明,家賃・面積不明型,家賃・面積不明,要問い合わせ・個別検討,,1000,,,,,,,,0,要確認,必要月商または推奨必要日客数が算定不可,家賃・面積不明型。必要月商円、必要日客数人が目安。
大山テナントビル【中央町】1F,高松市中央町-4-17,テナント香川,https://www.tenantkagawa.com/article/search/00002641,34.3364526,134.0452022,,,,,,,,可,準中心街,不明,店舗系,1階・路面想定,不明,家賃・面積不明型,家賃・面積不明,要問い合わせ・個別検討,,1000,,,,,,,,0,要確認,必要月商または推奨必要日客数が算定不可,家賃・面積不明型。必要月商円、必要日客数人が目安。
西山崎貸事務所付き倉庫,高松市西山崎町-892-1,テナント香川,https://www.tenantkagawa.com/article/search/00002642,34.280444,133.9941345,,,,,,,,確認必要,郊外,不明,倉庫・工場系,不明,不明,家賃・面積不明型,家賃・面積不明,要問い合わせ・個別検討,,1000,,,,,,,,0,要確認,必要月商または推奨必要日客数が算定不可,家賃・面積不明型。必要月商円、必要日客数人が目安。
ドミール松縄西号【今里町】レインボーエリアテナント,高松市今里町2丁目-30-17,テナント香川,https://www.tenantkagawa.com/article/search/00002643,34.3252684,134.0629058,,,,,,,,確認必要,準中心街,不明,店舗系,不明,不明,家賃・面積不明型,家賃・面積不明,要問い合わせ・個別検討,,1000,,,,,,,,0,要確認,必要月商または推奨必要日客数が算定不可,家賃・面積不明型。必要月商円、必要日客数人が目安。
サニープレイス松縄１０２号室【松縄町】レインボーテナント,高松市松縄町-１０３０―６,テナント香川,https://www.tenantkagawa.com/article/search/00002645,34.317896,134.0617251,,,,,,,,確認必要,準中心街,不明,店舗系,不明,不明,家賃・面積不明型,家賃・面積不明,要問い合わせ・個別検討,,1000,,,,,,,,0,要確認,必要月商または推奨必要日客数が算定不可,家賃・面積不明型。必要月商円、必要日客数人が目安。
久保木工店舗【檀紙町】テナント,高松市檀紙町-851-6,テナント香川,https://www.tenantkagawa.com/article/search/00002646,34.3040121,133.9999688,,,,,,,,確認必要,郊外,不明,店舗系,不明,不明,家賃・面積不明型,家賃・面積不明,要問い合わせ・個別検討,,1000,,,,,,,,0,要確認,必要月商または推奨必要日客数が算定不可,家賃・面積不明型。必要月商円、必要日客数人が目安。
大住ビル１Ｆ【田町】商店街テナント,高松市田町-5-7,テナント香川,https://www.tenantkagawa.com/article/search/00002378,34.3370322,134.048861,,,,,,,,確認必要,不明,不明,店舗系,不明,不明,家賃・面積不明型,家賃・面積不明,要問い合わせ・個別検討,,1000,,,,,,,,0,要確認,必要月商または推奨必要日客数が算定不可,家賃・面積不明型。必要月商円、必要日客数人が目安。
ガーデンコート高松２Ｆ【大工町】テナント,高松市大工町7--1,テナント香川,https://www.tenantkagawa.com/article/search/00002440,,,,,,,,,,確認必要,中心街,不明,店舗系,不明,不明,家賃・面積不明型,家賃・面積不明,要問い合わせ・個別検討,,1000,,,,,,,,0,要確認,必要月商または推奨必要日客数が算定不可,家賃・面積不明型。必要月商円、必要日客数人が目安。
サニープレイス松縄１０３号室【松縄町】レインボーテナント,高松市松縄町-１０３０―６,テナント香川,https://www.tenantkagawa.com/article/search/00002238,34.317896,134.0617251,,,,,,,,確認必要,準中心街,不明,店舗系,不明,不明,家賃・面積不明型,家賃・面積不明,要問い合わせ・個別検討,,1000,,,,,,,,0,要確認,必要月商または推奨必要日客数が算定不可,家賃・面積不明型。必要月商円、必要日客数人が目安。
ラフォーレナミキ南ビル１Ｆ南西【香西南町】テナント,高松市香西南町-４７２,テナント香川,https://www.tenantkagawa.com/article/search/00002327,34.3394484,134.0002361,,,,,,,,確認必要,郊外,不明,店舗系,不明,不明,家賃・面積不明型,家賃・面積不明,要問い合わせ・個別検討,,1000,,,,,,,,0,要確認,必要月商または推奨必要日客数が算定不可,家賃・面積不明型。必要月商円、必要日客数人が目安。
オーレックス西宝　１Ｆ【西宝町】テナント,高松市西宝町1--16-26,テナント香川,https://www.tenantkagawa.com/article/search/00002336,,,,,,,,,,確認必要,準中心街,不明,店舗系,不明,不明,家賃・面積不明型,家賃・面積不明,要問い合わせ・個別検討,,1000,,,,,,,,0,要確認,必要月商または推奨必要日客数が算定不可,家賃・面積不明型。必要月商円、必要日客数人が目安。
岡ビル１Ｆ【瓦町１丁目】テナント,高松市瓦町1--１３-１０,テナント香川,https://www.tenantkagawa.com/article/search/00002345,,,,,,,,,,確認必要,中心街,不明,店舗系,不明,不明,家賃・面積不明型,家賃・面積不明,要問い合わせ・個別検討,,1000,,,,,,,,0,要確認,必要月商または推奨必要日客数が算定不可,家賃・面積不明型。必要月商円、必要日客数人が目安。
丸協ビル２Ｆ【今里町】レインボーエリアテナント,高松市今里町2-29-21,テナント香川,https://www.tenantkagawa.com/article/search/00002101,34.3252684,134.0629058,,,,,,,,確認必要,準中心街,不明,店舗系,不明,不明,家賃・面積不明型,家賃・面積不明,要問い合わせ・個別検討,,1000,,,,,,,,0,要確認,必要月商または推奨必要日客数が算定不可,家賃・面積不明型。必要月商円、必要日客数人が目安。
ＳＹＫ店舗【伏石町】テナント,高松市伏石町-2166-10,テナント香川,https://www.tenantkagawa.com/article/search/00002614,34.312094,134.0553112,,,,,,,,可,準中心街,不明,店舗系,不明,不明,家賃・面積不明型,家賃・面積不明,要問い合わせ・個別検討,,1000,,,,,,,,0,要確認,必要月商または推奨必要日客数が算定不可,家賃・面積不明型。必要月商円、必要日客数人が目安。
高橋ビル２Ｆ【松福町】テナント,高松市松福町2-11-18,テナント香川,https://www.tenantkagawa.com/article/search/00002006,,,,,,,,,,確認必要,準中心街,不明,店舗系,不明,不明,家賃・面積不明型,家賃・面積不明,要問い合わせ・個別検討,,1000,,,,,,,,0,要確認,必要月商または推奨必要日客数が算定不可,家賃・面積不明型。必要月商円、必要日客数人が目安。
扇町メゾネット【扇町】タウンハウステナント,高松市扇町1丁目-1-7,テナント香川,https://www.tenantkagawa.com/article/search/00002046,34.3467131,134.036024,,,,,,,,確認必要,準中心街,不明,店舗系,不明,不明,家賃・面積不明型,家賃・面積不明,要問い合わせ・個別検討,,1000,,,,,,,,0,要確認,必要月商または推奨必要日客数が算定不可,家賃・面積不明型。必要月商円、必要日客数人が目安。
橋本ビル１Ｆ【木太町】レインボーエリアテナント,高松市木太町-１１３０-１,テナント香川,https://www.tenantkagawa.com/article/search/00001904,34.3278475,134.0747791,,,,,,,,確認必要,準中心街,不明,店舗系,不明,不明,家賃・面積不明型,家賃・面積不明,要問い合わせ・個別検討,,1000,,,,,,,,0,要確認,必要月商または推奨必要日客数が算定不可,家賃・面積不明型。必要月商円、必要日客数人が目安。
ラフォーレナミキ南店１Ｆ北【香西南町】テナント,高松市香西南町-４７２,テナント香川,https://www.tenantkagawa.com/article/search/00001918,34.3394484,134.0002361,,,,,,,,確認必要,郊外,不明,店舗系,不明,不明,家賃・面積不明型,家賃・面積不明,要問い合わせ・個別検討,,1000,,,,,,,,0,要確認,必要月商または推奨必要日客数が算定不可,家賃・面積不明型。必要月商円、必要日客数人が目安。
ＹＨ店舗1棟貸【国分寺町新居】,高松市国分寺町新居-1340-1,テナント香川,https://www.tenantkagawa.com/article/search/00002619,34.3150123,133.9666553,,,,,,,,確認必要,郊外,不明,店舗系,不明,不明,家賃・面積不明型,家賃・面積不明,要問い合わせ・個別検討,,1000,,,,,,,,0,要確認,必要月商または推奨必要日客数が算定不可,家賃・面積不明型。必要月商円、必要日客数人が目安。
川田ビル【香西東町】,高松市香西東町-329-11,テナント香川,https://www.tenantkagawa.com/article/search/00002622,34.3403451,134.007635,,,,,,,,確認必要,郊外,不明,店舗系,不明,不明,家賃・面積不明型,家賃・面積不明,要問い合わせ・個別検討,,1000,,,,,,,,0,要確認,必要月商または推奨必要日客数が算定不可,家賃・面積不明型。必要月商円、必要日客数人が目安。
二ツ橋ビル201,高松市上之町1丁目-13-18,テナント香川,https://www.tenantkagawa.com/article/search/00002627,34.3209651,134.0447038,,,,,,,,確認必要,準中心街,不明,店舗系,不明,不明,家賃・面積不明型,家賃・面積不明,要問い合わせ・個別検討,,1000,,,,,,,,0,要確認,必要月商または推奨必要日客数が算定不可,家賃・面積不明型。必要月商円、必要日客数人が目安。
二ツ橋ビル202,高松市上之町1丁目-13-18,テナント香川,https://www.tenantkagawa.com/article/search/00002629,34.3209651,134.0447038,,,,,,,,確認必要,準中心街,不明,店舗系,不明,不明,家賃・面積不明型,家賃・面積不明,要問い合わせ・個別検討,,1000,,,,,,,,0,要確認,必要月商または推奨必要日客数が算定不可,家賃・面積不明型。必要月商円、必要日客数人が目安。
新田借地【新田町】,高松市新田町甲-573-6,テナント香川,https://www.tenantkagawa.com/article/search/00002633,,,,,,,,,,確認必要,郊外,不明,店舗系,不明,不明,家賃・面積不明型,家賃・面積不明,要問い合わせ・個別検討,,1000,,,,,,,,0,要確認,必要月商または推奨必要日客数が算定不可,家賃・面積不明型。必要月商円、必要日客数人が目安。
ウッドネスト香西テナント101号室【香西北町】,高松市香西北町79-10,テナント香川,https://www.tenantkagawa.com/article/search/00002600,,,,,,,,,,確認必要,郊外,不明,店舗系,不明,不明,家賃・面積不明型,家賃・面積不明,要問い合わせ・個別検討,,1000,,,,,,,,0,要確認,必要月商または推奨必要日客数が算定不可,家賃・面積不明型。必要月商円、必要日客数人が目安。
one apartment店舗102号【新北町】,高松市新北町-13-11,テナント香川,https://www.tenantkagawa.com/article/search/00002602,34.3529843,134.0256404,,,,,,,,可,不明,不明,店舗系,不明,不明,家賃・面積不明型,家賃・面積不明,要問い合わせ・個別検討,,1000,,,,,,,,0,要確認,必要月商または推奨必要日客数が算定不可,家賃・面積不明型。必要月商円、必要日客数人が目安。
ＧＭ戸建【飯田町】,高松市飯田町-18-1,テナント香川,https://www.tenantkagawa.com/article/search/00002609,34.3202048,134.0043584,,,,,,,,確認必要,郊外,不明,店舗系,不明,不明,家賃・面積不明型,家賃・面積不明,要問い合わせ・個別検討,,1000,,,,,,,,0,要確認,必要月商または推奨必要日客数が算定不可,家賃・面積不明型。必要月商円、必要日客数人が目安。
ＳＫ店舗【屋島西町】,高松市屋島西町-1483-1,テナント香川,https://www.tenantkagawa.com/article/search/00002611,34.3603444,134.0966033,,,,,,,,確認必要,郊外,不明,店舗系,不明,不明,家賃・面積不明型,家賃・面積不明,要問い合わせ・個別検討,,1000,,,,,,,,0,要確認,必要月商または推奨必要日客数が算定不可,家賃・面積不明型。必要月商円、必要日客数人が目安。
チェリータウン103【桜町】テナント,高松市桜町2-15-46,テナント香川,https://www.tenantkagawa.com/article/search/00002594,,,,,,,,,,確認必要,準中心街,不明,店舗系,不明,不明,家賃・面積不明型,家賃・面積不明,要問い合わせ・個別検討,,1000,,,,,,,,0,要確認,必要月商または推奨必要日客数が算定不可,家賃・面積不明型。必要月商円、必要日客数人が目安。
ＳＺ店舗1棟貸【国分寺町福家】,高松市国分寺町福家-3871-8,テナント香川,https://www.tenantkagawa.com/article/search/00002574,34.2790659,133.972223,,,,,,,,確認必要,郊外,不明,店舗系,不明,不明,家賃・面積不明型,家賃・面積不明,要問い合わせ・個別検討,,1000,,,,,,,,0,要確認,必要月商または推奨必要日客数が算定不可,家賃・面積不明型。必要月商円、必要日客数人が目安。
エトワールビル1F【常磐町】,高松市常盤町1丁目-6-2,テナント香川,https://www.tenantkagawa.com/article/search/00002560,34.3387776,134.0510854,,,,,,,,確認必要,不明,不明,店舗系,1階・路面想定,不明,家賃・面積不明型,家賃・面積不明,要問い合わせ・個別検討,,1000,,,,,,,,0,要確認,必要月商または推奨必要日客数が算定不可,家賃・面積不明型。必要月商円、必要日客数人が目安。
ＭＮ店舗1Ｆ【香川町川東】,高松市香川町川東上1764番地,テナント香川,https://www.tenantkagawa.com/article/search/00002548,,,,,,,,,,可,郊外,不明,店舗系,不明,不明,家賃・面積不明型,家賃・面積不明,要問い合わせ・個別検討,,1000,,,,,,,,0,要確認,必要月商または推奨必要日客数が算定不可,家賃・面積不明型。必要月商円、必要日客数人が目安。
ルヴァン店舗1棟貸【高松町】,高松市高松町-466-1,テナント香川,https://www.tenantkagawa.com/article/search/00002532,34.3303413,134.1183614,,,,,,,,確認必要,郊外,不明,店舗系,不明,不明,家賃・面積不明型,家賃・面積不明,要問い合わせ・個別検討,,1000,,,,,,,,0,要確認,必要月商または推奨必要日客数が算定不可,家賃・面積不明型。必要月商円、必要日客数人が目安。
ＲＩ事務所【香西本町】,高松市香西本町-365-1,テナント香川,https://www.tenantkagawa.com/article/search/00002519,34.3506114,134.0024708,,,,,,,,確認必要,郊外,不明,店舗系,不明,不明,家賃・面積不明型,家賃・面積不明,要問い合わせ・個別検討,,1000,,,,,,,,0,要確認,必要月商または推奨必要日客数が算定不可,家賃・面積不明型。必要月商円、必要日客数人が目安。
ラフォーレナミキ1Ｆ南東号【香西南町】,高松市香西南町-472,テナント香川,https://www.tenantkagawa.com/article/search/00002511,34.3394484,134.0002361,,,,,,,,確認必要,郊外,不明,店舗系,不明,不明,家賃・面積不明型,家賃・面積不明,要問い合わせ・個別検討,,1000,,,,,,,,0,要確認,必要月商または推奨必要日客数が算定不可,家賃・面積不明型。必要月商円、必要日客数人が目安。
山下店舗【上之町】,高松市上之町3--9-40,テナント香川,https://www.tenantkagawa.com/article/search/00002381,,,,,,,,,,確認必要,準中心街,不明,店舗系,不明,不明,家賃・面積不明型,家賃・面積不明,要問い合わせ・個別検討,,1000,,,,,,,,0,要確認,必要月商または推奨必要日客数が算定不可,家賃・面積不明型。必要月商円、必要日客数人が目安。
内外テナント1階【国分寺町福家】,高松市国分寺町福家甲823--3,テナント香川,https://www.tenantkagawa.com/article/search/00002366,,,,,,,,,,可,郊外,不明,店舗系,1階・路面想定,不明,家賃・面積不明型,家賃・面積不明,要問い合わせ・個別検討,,1000,,,,,,,,0,要確認,必要月商または推奨必要日客数が算定不可,家賃・面積不明型。必要月商円、必要日客数人が目安。
三谷倉庫付事務所１棟貸【木太町】,高松市木太町-3173-18,テナント香川,https://www.tenantkagawa.com/article/search/00002247,,,,,,,,,,確認必要,準中心街,不明,倉庫・工場系,不明,不明,家賃・面積不明型,家賃・面積不明,要問い合わせ・個別検討,,1000,,,,,,,,0,要確認,必要月商または推奨必要日客数が算定不可,家賃・面積不明型。必要月商円、必要日客数人が目安。
阿部ビル101号【瓦町】,高松市瓦町2--8-8,テナント香川,https://www.tenantkagawa.com/article/search/00002263,34.3252684,134.0629058,,,,,,,,確認必要,中心街,不明,店舗系,不明,不明,家賃・面積不明型,家賃・面積不明,要問い合わせ・個別検討,,1000,,,,,,,,0,要確認,必要月商または推奨必要日客数が算定不可,家賃・面積不明型。必要月商円、必要日客数人が目安。
阿部ビル201号【瓦町】,高松市瓦町2--8-8,テナント香川,https://www.tenantkagawa.com/article/search/00002264,34.3252684,134.0629058,,,,,,,,確認必要,中心街,不明,店舗系,不明,不明,家賃・面積不明型,家賃・面積不明,要問い合わせ・個別検討,,1000,,,,,,,,0,要確認,必要月商または推奨必要日客数が算定不可,家賃・面積不明型。必要月商円、必要日客数人が目安。
アイアイビル1，2F【南新町】,高松市南新町5--3,テナント香川,https://www.tenantkagawa.com/article/search/00002275,,,,,,,,,,確認必要,中心街,不明,店舗系,上階・地下想定,不明,家賃・面積不明型,家賃・面積不明,要問い合わせ・個別検討,,1000,,,,,,,,0,要確認,必要月商または推奨必要日客数が算定不可,家賃・面積不明型。必要月商円、必要日客数人が目安。
あかねビル１棟貸【茜町】,高松市茜町19--12,テナント香川,https://www.tenantkagawa.com/article/search/00002282,,,,,,,,,,確認必要,不明,不明,店舗系,不明,不明,家賃・面積不明型,家賃・面積不明,要問い合わせ・個別検討,,1000,,,,,,,,0,要確認,必要月商または推奨必要日客数が算定不可,家賃・面積不明型。必要月商円、必要日客数人が目安。
オフィスビルいずみ東棟１F【上天神町】,高松市上天神町780--6,テナント香川,https://www.tenantkagawa.com/article/search/00002286,,,,,,,,,,確認必要,準中心街,不明,店舗系,1階・路面想定,不明,家賃・面積不明型,家賃・面積不明,要問い合わせ・個別検討,,1000,,,,,,,,0,要確認,必要月商または推奨必要日客数が算定不可,家賃・面積不明型。必要月商円、必要日客数人が目安。
オフィスビルいずみ東棟2F【上天神町】,高松市上天神町780--6,テナント香川,https://www.tenantkagawa.com/article/search/00002287,,,,,,,,,,確認必要,準中心街,不明,店舗系,上階・地下想定,不明,家賃・面積不明型,家賃・面積不明,要問い合わせ・個別検討,,1000,,,,,,,,0,要確認,必要月商または推奨必要日客数が算定不可,家賃・面積不明型。必要月商円、必要日客数人が目安。
オフィスビルいずみ東棟3F【上天神町】,高松市上天神町780--6,テナント香川,https://www.tenantkagawa.com/article/search/00002288,,,,,,,,,,確認必要,準中心街,不明,店舗系,上階・地下想定,不明,家賃・面積不明型,家賃・面積不明,要問い合わせ・個別検討,,1000,,,,,,,,0,要確認,必要月商または推奨必要日客数が算定不可,家賃・面積不明型。必要月商円、必要日客数人が目安。
Sunriseせきもと１F【中央町】,高松市中央町15-15,テナント香川,https://www.tenantkagawa.com/article/search/00002151,,,,,,,,,,確認必要,準中心街,不明,店舗系,1階・路面想定,不明,家賃・面積不明型,家賃・面積不明,要問い合わせ・個別検討,,1000,,,,,,,,0,要確認,必要月商または推奨必要日客数が算定不可,家賃・面積不明型。必要月商円、必要日客数人が目安。
オフィスビルいずみ東１棟貸【上天神町】,高松市上天神町780--6,テナント香川,https://www.tenantkagawa.com/article/search/00002223,,,,,,,,,,確認必要,準中心街,不明,店舗系,不明,不明,家賃・面積不明型,家賃・面積不明,要問い合わせ・個別検討,,1000,,,,,,,,0,要確認,必要月商または推奨必要日客数が算定不可,家賃・面積不明型。必要月商円、必要日客数人が目安。
Crest Court K2　1-Ａ【伏石町】,高松市伏石町-2152-4,テナント香川,https://www.tenantkagawa.com/article/search/00002253,34.312094,134.0553112,,,,,,,,確認必要,準中心街,不明,店舗系,不明,不明,家賃・面積不明型,家賃・面積不明,要問い合わせ・個別検討,,1000,,,,,,,,0,要確認,必要月商または推奨必要日客数が算定不可,家賃・面積不明型。必要月商円、必要日客数人が目安。
プリンス三条テナント【三条町】,高松市三条町-474-1,テナント香川,https://www.tenantkagawa.com/article/search/00001566,34.3144166,134.047238,,,,,,,,確認必要,準中心街,不明,店舗系,不明,不明,家賃・面積不明型,家賃・面積不明,要問い合わせ・個別検討,,1000,,,,,,,,0,要確認,必要月商または推奨必要日客数が算定不可,家賃・面積不明型。必要月商円、必要日客数人が目安。
近藤第２ビル 3F,香川県高松市常磐町２丁目,高松ハウジングサービス,https://www.takamatsuhousing.jp/kasi-tenpo/detail-66279c9acfabdb482d0d0275/,34.3375186,134.0511328,2万円,20000.0,27.25㎡,27.25,,8.24,2426.0,可,中心街,極小,不明,上階・地下想定,不明,中心街・高単価型,,隠れ家・予約寄り高単価カフェ,7.0,1600,100000.0,344828.0,13263.0,8.0,8.0,17.0,5151954.0,92,A,推奨必要日客数20人以下 / 必要月商50万円以下 / 初期投資800万円以下 / 飲食可 / 上階・地下で集客難度あり / 小規模高単価モデル向き,"中心街・高単価型。必要月商344,828円、必要日客数8人が目安。"
ソウゲンビル 5階南,香川県高松市鍛冶屋町,高松ハウジングサービス,https://www.takamatsuhousing.jp/kasi-tenpo/detail-69cf5e9d3e48c96bbe22d527/,34.3428604,134.0487343,2.53万円,25300.0,16.00㎡,16.0,,4.84,5227.0,可,中心街,極小,不明,不明,不明,中心街・高単価型,,中心街高単価・目的来店型カフェ,4.0,1400,105300.0,339677.0,13065.0,9.0,9.0,17.0,2855600.0,100,A,推奨必要日客数20人以下 / 必要月商50万円以下 / 初期投資800万円以下 / 飲食可 / 小規模高単価モデル向き / 席数に対する必要回転数は高め,"中心街・高単価型。必要月商339,677円、必要日客数9人が目安。"
クイーンズスクエア第２ビル 5－D,香川県高松市瓦町１丁目,高松ハウジングサービス,https://www.takamatsuhousing.jp/kasi-tenpo/detail-5558977c42494231d07c6e16/,34.3412277,134.051584,3.3万円,33000.0,18.96㎡,18.96,,5.74,5754.0,可,中心街,極小,不明,不明,不明,中心街・高単価型,,中心街高単価・目的来店型カフェ,5.0,1400,113000.0,364516.0,14020.0,10.0,10.0,18.0,3383886.0,100,A,推奨必要日客数20人以下 / 必要月商50万円以下 / 初期投資800万円以下 / 飲食可 / 小規模高単価モデル向き,"中心街・高単価型。必要月商364,516円、必要日客数10人が目安。"
ＡＫビル鍛冶屋町Ⅱ １Ｆ,香川県高松市鍛冶屋町,高松ハウジングサービス,https://www.takamatsuhousing.jp/kasi-tenpo/detail-6926a443aa781f981629c2d9/,34.3428604,134.0487343,3.85万円,38500.0,13.68㎡,13.68,,4.14,9304.0,不可,中心街,極小,不明,不明,不明,中心街・高単価型,,中心街高単価・目的来店型カフェ,4.0,1400,118500.0,382258.0,14702.0,11.0,11.0,19.0,2441538.0,40,D,推奨必要日客数20人以下 / 必要月商50万円以下 / 初期投資800万円以下 / 飲食不可のため原則対象外 / 小規模高単価モデル向き / 席数に対する必要回転数は高め,"中心街・高単価型。必要月商382,258円、必要日客数11人が目安。"
クイ－ンズスケア第一 ５階Ｇ,香川県高松市瓦町２丁目,高松ハウジングサービス,https://www.takamatsuhousing.jp/kasi-tenpo/detail-5ae18c079732ec4a1d17c2d6/,34.3399504,134.0514047,3.96万円,39600.0,21.07㎡,21.07,,6.37,6213.0,可,中心街,極小,不明,不明,不明,中心街・高単価型,,中心街高単価・目的来店型カフェ,5.0,1400,119600.0,385806.0,14839.0,11.0,11.0,19.0,3760468.0,100,A,推奨必要日客数20人以下 / 必要月商50万円以下 / 初期投資800万円以下 / 飲食可 / 小規模高単価モデル向き,"中心街・高単価型。必要月商385,806円、必要日客数11人が目安。"
スモールショップ　中央南側 ２階一部,香川県高松市香川町大野,高松ハウジングサービス,https://www.takamatsuhousing.jp/kasi-tenpo/detail-68363e5e5de080734497111d/,34.2664945,134.0255298,4万円,40000.0,19.00㎡,19.0,,5.75,6960.0,確認必要,郊外,極小,不明,上階・地下想定,不明,低固定費・小商圏型,,テイクアウト・スタンド型カフェ,5.0,750,120000.0,300000.0,11538.0,15.0,15.0,20.0,1666775.0,72,B,推奨必要日客数20人以下 / 必要月商50万円以下 / 初期投資800万円以下 / 飲食可否確認必要 / 上階・地下で集客難度あり / 郊外で駐車場確認必要 / 低客数で成立しやすい / 席数に対する必要回転数は高め,"低固定費・小商圏型。必要月商300,000円、必要日客数15人が目安。"
クイーンズスクエア第２ビル 3-C,香川県高松市瓦町１丁目,高松ハウジングサービス,https://www.takamatsuhousing.jp/kasi-tenpo/detail-5558977d4249410557f3b317/,34.3412277,134.051584,4.4万円,44000.0,22.47㎡,22.47,,6.8,6473.0,可,中心街,極小,不明,不明,不明,中心街・高単価型,,中心街高単価・目的来店型カフェ,5.0,1400,124000.0,400000.0,15385.0,11.0,11.0,20.0,4010334.0,100,A,推奨必要日客数20人以下 / 必要月商50万円以下 / 初期投資800万円以下 / 飲食可 / 小規模高単価モデル向き / 席数に対する必要回転数は高め,"中心街・高単価型。必要月商400,000円、必要日客数11人が目安。"
牟礼町牟礼　戸建　２Ｆ和室一部 2F,香川県高松市牟礼町牟礼,高松ハウジングサービス,https://www.takamatsuhousing.jp/kasi-tenpo/detail-6663fef91bce1051d51b1864/,34.3493325,134.133009,4.4万円,44000.0,107.05㎡,107.05,,32.38,1359.0,確認必要,郊外,中規模,不明,上階・地下想定,不明,郊外・駐車場依存型,,郊外生活圏カフェ,32.0,1050,204000.0,618182.0,23776.0,23.0,23.0,34.0,14248356.0,34,D,推奨必要日客数50人以下 / 必要月商80万円以下 / 初期投資1500万円以下 / 飲食可否確認必要 / 上階・地下で集客難度あり / 郊外で駐車場確認必要 / 席数に対する必要回転数は低め,"郊外・駐車場依存型。必要月商618,182円、必要日客数23人が目安。"
宮脇町ビル 東,香川県高松市宮脇町１丁目,高松ハウジングサービス,https://www.takamatsuhousing.jp/kasi-tenpo/detail-67c006c873b679516875e115/,34.3382366,134.0359162,4.5万円,45000.0,44.19㎡,44.19,,13.37,3366.0,可,準中心街,小規模,不明,不明,不明,準中心街・生活圏型,,要個別検討,12.0,1000,145000.0,414286.0,15934.0,16.0,16.0,24.0,6683738.0,87,A,推奨必要日客数30人以下 / 必要月商50万円以下 / 初期投資800万円以下 / 飲食可 / 席数に対する必要回転数は低め,"準中心街・生活圏型。必要月商414,286円、必要日客数16人が目安。"
飲食店募集　ウイングポート　１Ｆ　２０．７３㎡ 1階一部,香川県高松市香川町大野,高松ハウジングサービス,https://www.takamatsuhousing.jp/kasi-tenpo/detail-6628b3b9d9cbec77c6d93594/,34.2664945,134.0255298,5万円,50000.0,20.73㎡,20.73,,6.27,7973.0,可,郊外,極小,不明,1階・路面想定,不明,低固定費・小商圏型,,テイクアウト・スタンド型カフェ,5.0,750,130000.0,325000.0,12500.0,17.0,17.0,22.0,1818540.0,95,A,推奨必要日客数30人以下 / 必要月商50万円以下 / 初期投資800万円以下 / 飲食可 / 1階・路面想定 / 郊外で駐車場確認必要 / 低客数で成立しやすい / 席数に対する必要回転数は高め,"低固定費・小商圏型。必要月商325,000円、必要日客数17人が目安。"
スモールショップ　２Ｆ北側入口西側 ２階一部,香川県高松市香川町大野,高松ハウジングサービス,https://www.takamatsuhousing.jp/kasi-tenpo/detail-68362b1196571f4ba1d7d943/,34.2664945,134.0255298,5万円,50000.0,30.50㎡,30.5,,9.23,5419.0,確認必要,郊外,極小,不明,上階・地下想定,不明,低固定費・小商圏型,,テイクアウト・スタンド型カフェ,7.0,750,130000.0,325000.0,12500.0,17.0,17.0,22.0,2675612.0,64,C,推奨必要日客数30人以下 / 必要月商50万円以下 / 初期投資800万円以下 / 飲食可否確認必要 / 上階・地下で集客難度あり / 郊外で駐車場確認必要 / 低客数で成立しやすい,"低固定費・小商圏型。必要月商325,000円、必要日客数17人が目安。"
クイーンズスクエア第２ビル 5-C,香川県高松市瓦町１丁目,高松ハウジングサービス,https://www.takamatsuhousing.jp/kasi-tenpo/detail-5558977d4249410557f7b317/,34.3412277,134.051584,5万円,50000.0,26.69㎡,26.69,,8.07,6193.0,可,中心街,極小,不明,不明,不明,中心街・高単価型,,中心街高単価・目的来店型カフェ,6.0,1400,130000.0,419355.0,16129.0,12.0,12.0,21.0,4763498.0,92,A,推奨必要日客数30人以下 / 必要月商50万円以下 / 初期投資800万円以下 / 飲食可 / 小規模高単価モデル向き,"中心街・高単価型。必要月商419,355円、必要日客数12人が目安。"
クイーンズスクエア第２ビル 3-B,香川県高松市瓦町１丁目,高松ハウジングサービス,https://www.takamatsuhousing.jp/kasi-tenpo/detail-555b55d54249423b71542600/,34.3412277,134.051584,5.28万円,52800.0,24.70㎡,24.7,,7.47,7067.0,可,中心街,極小,不明,不明,不明,中心街・高単価型,,中心街高単価・目的来店型カフェ,6.0,1400,132800.0,428387.0,16476.0,12.0,12.0,21.0,4408332.0,92,A,推奨必要日客数30人以下 / 必要月商50万円以下 / 初期投資800万円以下 / 飲食可 / 小規模高単価モデル向き,"中心街・高単価型。必要月商428,387円、必要日客数12人が目安。"
高松市 春日町 の貸店舗（一部）,香川県高松市春日町,高松ハウジングサービス,https://www.takamatsuhousing.jp/kasi-tenpo/detail-64e2d04b3f7cf6132af9cfa9/,34.3304601,134.0917088,5.5万円,55000.0,38.30㎡,38.3,,11.59,4747.0,確認必要,郊外,極小,店舗系,不明,不明,低固定費・小商圏型,,小規模カフェ・テイクアウト併設,10.0,900,135000.0,355263.0,13664.0,15.0,15.0,21.0,4634300.0,72,B,推奨必要日客数30人以下 / 必要月商50万円以下 / 初期投資800万円以下 / 飲食可否確認必要 / 郊外で駐車場確認必要 / 低客数で成立しやすい,"低固定費・小商圏型。必要月商355,263円、必要日客数15人が目安。"
クイーンズスクエア第２ 7-B,香川県高松市瓦町１丁目,高松ハウジングサービス,https://www.takamatsuhousing.jp/kasi-tenpo/detail-5558977d4249410557f8b317/,34.3412277,134.051584,5.5万円,55000.0,31.57㎡,31.57,,9.55,5759.0,可,中心街,極小,不明,不明,不明,中心街・高単価型,,中心街高単価・目的来店型カフェ,8.0,1400,135000.0,435484.0,16749.0,12.0,12.0,22.0,5634456.0,92,A,推奨必要日客数30人以下 / 必要月商50万円以下 / 初期投資800万円以下 / 飲食可 / 小規模高単価モデル向き,"中心街・高単価型。必要月商435,484円、必要日客数12人が目安。"
クイーンズスクエアービル第２ 6-C,香川県高松市瓦町１丁目,高松ハウジングサービス,https://www.takamatsuhousing.jp/kasi-tenpo/detail-5c34354ad032a77cf332d8cd/,34.3412277,134.051584,5.5万円,55000.0,29.55㎡,29.55,,8.94,6153.0,可,中心街,極小,不明,不明,不明,中心街・高単価型,,中心街高単価・目的来店型カフェ,7.0,1400,135000.0,435484.0,16749.0,12.0,12.0,22.0,5273936.0,92,A,推奨必要日客数30人以下 / 必要月商50万円以下 / 初期投資800万円以下 / 飲食可 / 小規模高単価モデル向き,"中心街・高単価型。必要月商435,484円、必要日客数12人が目安。"
新井ビル 204,香川県高松市成合町,高松ハウジングサービス,https://www.takamatsuhousing.jp/kasi-tenpo/detail-5bf21f5ce5a69c7914b84609/,34.2994211,134.0156685,5.5万円,55000.0,49.59㎡,49.59,,15.0,3666.0,不可,不明,小規模,不明,不明,不明,低固定費・小商圏型,,小規模カフェ・テイクアウト併設,14.0,900,155000.0,407895.0,15688.0,17.0,17.0,24.0,6000390.0,32,D,推奨必要日客数30人以下 / 必要月商50万円以下 / 初期投資800万円以下 / 飲食不可のため原則対象外 / 低客数で成立しやすい / 席数に対する必要回転数は低め,"低固定費・小商圏型。必要月商407,895円、必要日客数17人が目安。"
高松市 今里町１丁目 (栗林公園駅) の貸店舗・事務所(一部),香川県高松市今里町１丁目,高松ハウジングサービス,https://www.takamatsuhousing.jp/kasi-tenpo/detail-653cce171dae78356cd1ee74/,34.3257633,134.0570519,6万円,60000.0,37.50㎡,37.5,,11.34,5289.0,可,準中心街,極小,店舗系,不明,不明,準中心街・生活圏型,,要個別検討,10.0,1000,140000.0,400000.0,15385.0,15.0,15.0,23.0,5671875.0,87,A,推奨必要日客数30人以下 / 必要月商50万円以下 / 初期投資800万円以下 / 飲食可,"準中心街・生活圏型。必要月商400,000円、必要日客数15人が目安。"
高松市 瓦町１丁目 (瓦町駅) の貸店舗（一部）,香川県高松市瓦町１丁目,高松ハウジングサービス,https://www.takamatsuhousing.jp/kasi-tenpo/detail-69f442181c76787766fc6df6/,34.3412277,134.051584,6万円,60000.0,30.51㎡,30.51,,9.23,6501.0,確認必要,中心街,極小,店舗系,不明,不明,中心街・高単価型,,中心街高単価・目的来店型カフェ,7.0,1400,140000.0,451613.0,17370.0,12.0,12.0,22.0,5445272.0,77,B,推奨必要日客数30人以下 / 必要月商50万円以下 / 初期投資800万円以下 / 飲食可否確認必要 / 小規模高単価モデル向き,"中心街・高単価型。必要月商451,613円、必要日客数12人が目安。"
高松市 昭和町２丁目 (昭和町駅) の貸店舗・事務所(一部),香川県高松市昭和町２丁目,高松ハウジングサービス,https://www.takamatsuhousing.jp/kasi-tenpo/detail-6850eddb0113b875040064de/,34.3430435,134.0313439,6万円,60000.0,31.92㎡,31.92,,9.66,6214.0,確認必要,準中心街,極小,店舗系,不明,不明,準中心街・生活圏型,,要個別検討,8.0,1000,140000.0,400000.0,15385.0,15.0,15.0,23.0,4827900.0,72,B,推奨必要日客数30人以下 / 必要月商50万円以下 / 初期投資800万円以下 / 飲食可否確認必要,"準中心街・生活圏型。必要月商400,000円、必要日客数15人が目安。"
高松市 花ノ宮町３丁目 (栗林公園駅) の貸店舗（一部）,香川県高松市花ノ宮町３丁目,高松ハウジングサービス,https://www.takamatsuhousing.jp/kasi-tenpo/detail-69e042035de080bdbee75f45/,34.3246462,134.0457846,6万円,60000.0,19.52㎡,19.52,,5.9,10161.0,確認必要,不明,極小,店舗系,不明,不明,低固定費・小商圏型,,テイクアウト・スタンド型カフェ,5.0,750,140000.0,350000.0,13462.0,18.0,18.0,23.0,1712392.0,77,B,推奨必要日客数30人以下 / 必要月商50万円以下 / 初期投資800万円以下 / 飲食可否確認必要 / 低客数で成立しやすい / 席数に対する必要回転数は高め,"低固定費・小商圏型。必要月商350,000円、必要日客数18人が目安。"
高松市 東田町 (瓦町駅) の貸店舗・事務所(一部),香川県高松市東田町,高松ハウジングサービス,https://www.takamatsuhousing.jp/kasi-tenpo/detail-6052fa6fadffbc51ad7e043f/,34.335862,134.0496573,6万円,60000.0,50.00㎡,50.0,,15.13,3967.0,不可,不明,小規模,店舗系,不明,不明,低固定費・小商圏型,,小規模カフェ・テイクアウト併設,14.0,900,160000.0,421053.0,16194.0,18.0,18.0,25.0,6050000.0,32,D,推奨必要日客数30人以下 / 必要月商50万円以下 / 初期投資800万円以下 / 飲食不可のため原則対象外 / 低客数で成立しやすい / 席数に対する必要回転数は低め,"低固定費・小商圏型。必要月商421,053円、必要日客数18人が目安。"
ソウゲンビル 5階,香川県高松市鍛冶屋町,高松ハウジングサービス,https://www.takamatsuhousing.jp/kasi-tenpo/detail-69cf5969be5a90e31cbaa050/,34.3428604,134.0487343,6.05万円,60500.0,31.60㎡,31.6,,9.56,6329.0,可,中心街,極小,不明,不明,不明,中心街・高単価型,,中心街高単価・目的来店型カフェ,8.0,1400,140500.0,453226.0,17432.0,12.0,12.0,22.0,5639810.0,92,A,推奨必要日客数30人以下 / 必要月商50万円以下 / 初期投資800万円以下 / 飲食可 / 小規模高単価モデル向き,"中心街・高単価型。必要月商453,226円、必要日客数12人が目安。"
クイーンズスクエア第２ 5-B,香川県高松市瓦町１丁目,高松ハウジングサービス,https://www.takamatsuhousing.jp/kasi-tenpo/detail-5558977d4249410557f6b317/,34.3412277,134.051584,6.05万円,60500.0,32.32㎡,32.32,,9.78,6188.0,可,中心街,極小,不明,不明,不明,中心街・高単価型,,中心街高単価・目的来店型カフェ,8.0,1400,140500.0,453226.0,17432.0,12.0,12.0,22.0,5768312.0,92,A,推奨必要日客数30人以下 / 必要月商50万円以下 / 初期投資800万円以下 / 飲食可 / 小規模高単価モデル向き,"中心街・高単価型。必要月商453,226円、必要日客数12人が目安。"
ＣＵＢＥ高松　旧共栄火災海上保険株式会社高松支社 ２０３,香川県高松市塩屋町,高松ハウジングサービス,https://www.takamatsuhousing.jp/kasi-tenpo/detail-682559e2990e3375d4f1d836/,34.342155,134.0550633,6.05万円,60500.0,20.68㎡,20.68,,6.26,9671.0,確認必要,中心街,極小,不明,不明,不明,中心街・高単価型,,中心街高単価・目的来店型カフェ,5.0,1400,140500.0,453226.0,17432.0,12.0,12.0,22.0,3690863.0,77,B,推奨必要日客数30人以下 / 必要月商50万円以下 / 初期投資800万円以下 / 飲食可否確認必要 / 小規模高単価モデル向き / 席数に対する必要回転数は高め,"中心街・高単価型。必要月商453,226円、必要日客数12人が目安。"
松本ビル 1階,香川県高松市室新町,高松ハウジングサービス,https://www.takamatsuhousing.jp/kasi-tenpo/detail-69522eecc37dc1729e1f21f0/,34.3267423,134.036633,6.2万円,62000.0,31.29㎡,31.29,,9.47,6550.0,可,不明,極小,不明,1階・路面想定,不明,低固定費・小商圏型,,テイクアウト・スタンド型カフェ,8.0,750,142000.0,355000.0,13654.0,18.0,18.0,24.0,2744916.0,100,A,推奨必要日客数30人以下 / 必要月商50万円以下 / 初期投資800万円以下 / 飲食可 / 1階・路面想定 / 低客数で成立しやすい,"低固定費・小商圏型。必要月商355,000円、必要日客数18人が目安。"
クリエイトビル 302,香川県高松市塩上町３丁目,高松ハウジングサービス,https://www.takamatsuhousing.jp/kasi-tenpo/detail-66f21d9b20276410821020d6/,34.3388772,134.0573648,6.6万円,66000.0,46.06㎡,46.06,,13.93,4737.0,不可,不明,小規模,不明,不明,不明,低固定費・小商圏型,,小規模カフェ・テイクアウト併設,13.0,900,166000.0,436842.0,16802.0,19.0,19.0,26.0,5573260.0,32,D,推奨必要日客数30人以下 / 必要月商50万円以下 / 初期投資800万円以下 / 飲食不可のため原則対象外 / 低客数で成立しやすい / 席数に対する必要回転数は低め,"低固定費・小商圏型。必要月商436,842円、必要日客数19人が目安。"
高松市 花園町２丁目 (花園駅) の貸店舗（一部）,香川県高松市花園町２丁目,高松ハウジングサービス,https://www.takamatsuhousing.jp/kasi-tenpo/detail-57bea8c1d032a747f63ded79/,34.3336738,134.057008,6.6万円,66000.0,35.29㎡,35.29,,10.68,6183.0,確認必要,準中心街,極小,店舗系,不明,不明,準中心街・生活圏型,,要個別検討,10.0,1000,146000.0,417143.0,16044.0,16.0,16.0,24.0,5337613.0,72,B,推奨必要日客数30人以下 / 必要月商50万円以下 / 初期投資800万円以下 / 飲食可否確認必要,"準中心街・生活圏型。必要月商417,143円、必要日客数16人が目安。"
ＷＩＮＤ 202,香川県高松市古新町,高松ハウジングサービス,https://www.takamatsuhousing.jp/kasi-tenpo/detail-670378fdb15c5738c792975c/,34.345727,134.0478245,6.6万円,66000.0,24.63㎡,24.63,,7.45,8858.0,確認必要,不明,極小,不明,不明,不明,低固定費・小商圏型,,テイクアウト・スタンド型カフェ,6.0,750,146000.0,365000.0,14038.0,19.0,19.0,24.0,2160667.0,77,B,推奨必要日客数30人以下 / 必要月商50万円以下 / 初期投資800万円以下 / 飲食可否確認必要 / 低客数で成立しやすい / 席数に対する必要回転数は高め,"低固定費・小商圏型。必要月商365,000円、必要日客数19人が目安。"
高松市 屋島西町 (潟元駅) の貸店舗（一部）,香川県高松市屋島西町,高松ハウジングサービス,https://www.takamatsuhousing.jp/kasi-tenpo/detail-674bc7812895ed45f90dfeb2/,34.3603444,134.0966033,6.6万円,66000.0,64.53㎡,64.53,,19.52,3381.0,確認必要,郊外,小規模,店舗系,不明,不明,低固定費・小商圏型,,小規模カフェ・テイクアウト併設,18.0,900,166000.0,436842.0,16802.0,19.0,19.0,26.0,7808130.0,72,B,推奨必要日客数30人以下 / 必要月商50万円以下 / 初期投資800万円以下 / 飲食可否確認必要 / 郊外で駐車場確認必要 / 低客数で成立しやすい / 席数に対する必要回転数は低め,"低固定費・小商圏型。必要月商436,842円、必要日客数19人が目安。"
高松市 香川町川東下 の貸店舗（一部）,香川県高松市香川町川東下,高松ハウジングサービス,https://www.takamatsuhousing.jp/kasi-tenpo/detail-66c6b7940b0aca787b54d3a7/,34.2455044,134.0300841,7万円,70000.0,64.71㎡,64.71,,19.57,3576.0,確認必要,郊外,小規模,店舗系,不明,不明,低固定費・小商圏型,,小規模カフェ・テイクアウト併設,18.0,900,170000.0,447368.0,17206.0,19.0,19.0,27.0,7829910.0,72,B,推奨必要日客数30人以下 / 必要月商50万円以下 / 初期投資800万円以下 / 飲食可否確認必要 / 郊外で駐車場確認必要 / 低客数で成立しやすい / 席数に対する必要回転数は低め,"低固定費・小商圏型。必要月商447,368円、必要日客数19人が目安。"
高松市 木太町 (林道駅) の貸店舗（一部）,香川県高松市木太町,高松ハウジングサービス,https://www.takamatsuhousing.jp/kasi-tenpo/detail-685e07f1970a600a34bedb25/,34.3318938,134.0800231,7万円,70000.0,56.10㎡,56.1,,16.97,4125.0,不可,準中心街,小規模,店舗系,不明,不明,準中心街・生活圏型,,要個別検討,15.0,1000,170000.0,485714.0,18681.0,19.0,19.0,28.0,8485125.0,17,D,推奨必要日客数30人以下 / 必要月商50万円以下 / 初期投資1500万円以下 / 飲食不可のため原則対象外 / 席数に対する必要回転数は低め,"準中心街・生活圏型。必要月商485,714円、必要日客数19人が目安。"
高松市 花園町１丁目 (花園駅) の貸店舗（一部）,香川県高松市花園町１丁目,高松ハウジングサービス,https://www.takamatsuhousing.jp/kasi-tenpo/detail-5cc0ee5cd032a771437daaf9/,34.3345829,134.0578551,7万円,70000.0,39.52㎡,39.52,,11.95,5855.0,確認必要,準中心街,極小,店舗系,不明,不明,準中心街・生活圏型,,要個別検討,11.0,1000,150000.0,428571.0,16484.0,16.0,16.0,25.0,5977400.0,72,B,推奨必要日客数30人以下 / 必要月商50万円以下 / 初期投資800万円以下 / 飲食可否確認必要,"準中心街・生活圏型。必要月商428,571円、必要日客数16人が目安。"
小林店舗 １階　東,香川県高松市古馬場町,高松ハウジングサービス,https://www.takamatsuhousing.jp/kasi-tenpo/detail-5fc8918dcab5463d5a2e7e1a/,34.3425721,134.0518077,7.15万円,71500.0,18.90㎡,18.9,,5.72,12506.0,可,中心街,極小,店舗系,1階・路面想定,不明,中心街・高単価型,,中心街高単価・目的来店型カフェ,5.0,1400,151500.0,488710.0,18797.0,13.0,13.0,24.0,3373178.0,100,A,推奨必要日客数30人以下 / 必要月商50万円以下 / 初期投資800万円以下 / 飲食可 / 1階・路面想定 / 小規模高単価モデル向き / 席数に対する必要回転数は高め,"中心街・高単価型。必要月商488,710円、必要日客数13人が目安。"
ＷＩＮＤ 003,香川県高松市古新町,高松ハウジングサービス,https://www.takamatsuhousing.jp/kasi-tenpo/detail-68bfbbd36240320783c534cc/,34.345727,134.0478245,7.1874万円,71874.0,24.00㎡,24.0,,7.26,9900.0,確認必要,不明,極小,不明,不明,不明,低固定費・小商圏型,,テイクアウト・スタンド型カフェ,6.0,750,151874.0,379685.0,14603.0,19.0,19.0,25.0,2105400.0,77,B,推奨必要日客数30人以下 / 必要月商50万円以下 / 初期投資800万円以下 / 飲食可否確認必要 / 低客数で成立しやすい / 席数に対する必要回転数は高め,"低固定費・小商圏型。必要月商379,685円、必要日客数19人が目安。"
吉田ビル 1階,香川県高松市香川町川東上,高松ハウジングサービス,https://www.takamatsuhousing.jp/kasi-tenpo/detail-65c9d71ddfbd573fa5601d7a/,34.2277806,134.0376407,7.7万円,77000.0,34.75㎡,34.75,,10.51,7325.0,確認必要,郊外,極小,不明,1階・路面想定,不明,低固定費・小商圏型,,小規模カフェ・テイクアウト併設,9.0,900,157000.0,413158.0,15891.0,18.0,18.0,25.0,4204750.0,80,B,推奨必要日客数30人以下 / 必要月商50万円以下 / 初期投資800万円以下 / 飲食可否確認必要 / 1階・路面想定 / 郊外で駐車場確認必要 / 低客数で成立しやすい,"低固定費・小商圏型。必要月商413,158円、必要日客数18人が目安。"
ＡＫビル片原町Ⅱ　２階　北東 （２０１）,香川県高松市片原町,高松ハウジングサービス,https://www.takamatsuhousing.jp/kasi-tenpo/detail-684fade320d8493430490ebe/,34.3458826,134.0543651,7.7万円,77000.0,40.00㎡,40.0,,12.1,6364.0,可,中心街,小規模,不明,上階・地下想定,不明,中心街・高単価型,,隠れ家・予約寄り高単価カフェ,11.0,1600,177000.0,610345.0,23475.0,15.0,15.0,29.0,7562500.0,79,B,推奨必要日客数30人以下 / 必要月商80万円以下 / 初期投資800万円以下 / 飲食可 / 上階・地下で集客難度あり / 小規模高単価モデル向き,"中心街・高単価型。必要月商610,345円、必要日客数15人が目安。"
クイーンズスクエアービル第２ 7-A,香川県高松市瓦町１丁目,高松ハウジングサービス,https://www.takamatsuhousing.jp/kasi-tenpo/detail-5a5c0b969732ec2c56db5cf7/,34.3412277,134.051584,7.7万円,77000.0,41.50㎡,41.5,,12.55,6134.0,可,中心街,小規模,不明,不明,不明,中心街・高単価型,,中心街高単価・目的来店型カフェ,11.0,1400,177000.0,570968.0,21960.0,16.0,16.0,28.0,7406712.0,87,A,推奨必要日客数30人以下 / 必要月商80万円以下 / 初期投資800万円以下 / 飲食可 / 小規模高単価モデル向き,"中心街・高単価型。必要月商570,968円、必要日客数16人が目安。"
クイ－ンズスケア第一 1階C,香川県高松市瓦町２丁目,高松ハウジングサービス,https://www.takamatsuhousing.jp/kasi-tenpo/detail-68f074cf4c8c312b4b224e88/,34.3399504,134.0514047,7.7万円,77000.0,22.16㎡,22.16,,6.7,11487.0,可,中心街,極小,不明,1階・路面想定,不明,中心街・高単価型,,中心街高単価・目的来店型カフェ,5.0,1400,157000.0,506452.0,19479.0,14.0,14.0,25.0,3955006.0,95,A,推奨必要日客数30人以下 / 必要月商80万円以下 / 初期投資800万円以下 / 飲食可 / 1階・路面想定 / 小規模高単価モデル向き / 席数に対する必要回転数は高め,"中心街・高単価型。必要月商506,452円、必要日客数14人が目安。"
新井ビル 200,香川県高松市成合町,高松ハウジングサービス,https://www.takamatsuhousing.jp/kasi-tenpo/detail-5bf219fbe5a69c28beb84613/,34.2994211,134.0156685,7.7万円,77000.0,66.54㎡,66.54,,20.13,3825.0,不可,不明,中規模,不明,不明,不明,低固定費・小商圏型,,小規模カフェ・テイクアウト併設,20.0,900,237000.0,623684.0,23988.0,27.0,27.0,37.0,8051340.0,2,D,推奨必要日客数50人以下 / 必要月商80万円以下 / 初期投資1500万円以下 / 飲食不可のため原則対象外 / 席数に対する必要回転数は低め,"低固定費・小商圏型。必要月商623,684円、必要日客数27人が目安。"
牟礼町牟礼　倉庫 2F,香川県高松市牟礼町牟礼,高松ハウジングサービス,https://www.takamatsuhousing.jp/kasi-tenpo/detail-665a9a1cda59646e4add9922/,34.3493325,134.133009,7.7万円,77000.0,107.05㎡,107.05,,32.38,2378.0,確認必要,郊外,中規模,倉庫・工場系,上階・地下想定,不明,郊外・駐車場依存型,,郊外倉庫リノベ型カフェ,32.0,1200,237000.0,817241.0,31432.0,26.0,26.0,39.0,21048707.0,16,D,推奨必要日客数50人以下 / 必要月商150万円以下 / 初期投資は重め / 飲食可否確認必要 / 上階・地下で集客難度あり / 郊外で駐車場確認必要 / 席数に対する必要回転数は低め,"郊外・駐車場依存型。必要月商817,241円、必要日客数26人が目安。"
香川町浅野貸店舗 1階店舗,香川県高松市香川町浅野,高松ハウジングサービス,https://www.takamatsuhousing.jp/kasi-tenpo/detail-590a7804e5a69c3b10d8431f/,34.2587691,134.0425443,8万円,80000.0,70.00㎡,70.0,,21.18,3778.0,不可,郊外,中規模,店舗系,1階・路面想定,不明,郊外・駐車場依存型,,郊外生活圏カフェ,21.0,1050,240000.0,727273.0,27972.0,27.0,27.0,40.0,9317000.0,5,D,推奨必要日客数50人以下 / 必要月商80万円以下 / 初期投資1500万円以下 / 飲食不可のため原則対象外 / 1階・路面想定 / 郊外で駐車場確認必要 / 席数に対する必要回転数は低め,"郊外・駐車場依存型。必要月商727,273円、必要日客数27人が目安。"
漆原テナント・事務所 1階,香川県高松市香川町大野,高松ハウジングサービス,https://www.takamatsuhousing.jp/kasi-tenpo/detail-640d66da94d1b8330da06dcb/,34.2664945,134.0255298,8万円,80000.0,85.20㎡,85.2,,25.77,3104.0,不可,郊外,中規模,店舗系,1階・路面想定,不明,郊外・駐車場依存型,,郊外生活圏カフェ,26.0,1050,240000.0,727273.0,27972.0,27.0,27.0,40.0,11340120.0,5,D,推奨必要日客数50人以下 / 必要月商80万円以下 / 初期投資1500万円以下 / 飲食不可のため原則対象外 / 1階・路面想定 / 郊外で駐車場確認必要 / 席数に対する必要回転数は低め,"郊外・駐車場依存型。必要月商727,273円、必要日客数27人が目安。"
高松市 香川町寺井 (空港通り駅) の貸店舗（一部）,香川県高松市香川町寺井,高松ハウジングサービス,https://www.takamatsuhousing.jp/kasi-tenpo/detail-624cf5c1655be9215e0d7ed0/,34.2718437,134.0304778,8.5万円,85000.0,71.01㎡,71.01,,21.48,3957.0,不可,郊外,中規模,店舗系,不明,不明,郊外・駐車場依存型,,郊外生活圏カフェ,21.0,1050,245000.0,742424.0,28555.0,27.0,27.0,41.0,9451431.0,0,D,推奨必要日客数50人以下 / 必要月商80万円以下 / 初期投資1500万円以下 / 飲食不可のため原則対象外 / 郊外で駐車場確認必要 / 席数に対する必要回転数は低め,"郊外・駐車場依存型。必要月商742,424円、必要日客数27人が目安。"
サントピア８８ 2階部分,香川県高松市太田上町,高松ハウジングサービス,https://www.takamatsuhousing.jp/kasi-tenpo/detail-66f5eab3bb872232557dfacb/,34.2970932,134.042515,8.8万円,88000.0,100.02㎡,100.02,,30.26,2909.0,確認必要,準中心街,中規模,不明,上階・地下想定,不明,準中心街・生活圏型,,要個別検討,30.0,1000,248000.0,708571.0,27253.0,27.0,27.0,41.0,15128026.0,29,D,推奨必要日客数50人以下 / 必要月商80万円以下 / 初期投資は重め / 飲食可否確認必要 / 上階・地下で集客難度あり / 席数に対する必要回転数は低め,"準中心街・生活圏型。必要月商708,571円、必要日客数27人が目安。"
高松市 香川町寺井 (空港通り駅) の貸店舗（一部）,香川県高松市香川町寺井,高松ハウジングサービス,https://www.takamatsuhousing.jp/kasi-tenpo/detail-5af17282e5a69c474d30150d/,34.2718437,134.0304778,8.8万円,88000.0,63.44㎡,63.44,,19.19,4586.0,可,郊外,小規模,店舗系,不明,不明,低固定費・小商圏型,,小規模カフェ・テイクアウト併設,17.0,900,188000.0,494737.0,19028.0,21.0,21.0,30.0,7676240.0,87,A,推奨必要日客数30人以下 / 必要月商50万円以下 / 初期投資800万円以下 / 飲食可 / 郊外で駐車場確認必要 / 低客数で成立しやすい / 席数に対する必要回転数は低め,"低固定費・小商圏型。必要月商494,737円、必要日客数21人が目安。"
ＹＩビル 201,香川県高松市百間町,高松ハウジングサービス,https://www.takamatsuhousing.jp/kasi-tenpo/detail-66e8d7e134b4f94bff96b221/,34.3451724,134.0528471,8.8万円,88000.0,33.75㎡,33.75,,10.21,8620.0,確認必要,中心街,極小,不明,不明,不明,中心街・高単価型,,中心街高単価・目的来店型カフェ,9.0,1400,168000.0,541935.0,20844.0,15.0,15.0,27.0,6023532.0,72,B,推奨必要日客数30人以下 / 必要月商80万円以下 / 初期投資800万円以下 / 飲食可否確認必要 / 小規模高単価モデル向き,"中心街・高単価型。必要月商541,935円、必要日客数15人が目安。"
クリエイトビル 4Ｆ,香川県高松市塩上町３丁目,高松ハウジングサービス,https://www.takamatsuhousing.jp/kasi-tenpo/detail-5ff50ad7298a4d3b7e2e7212/,34.3388772,134.0573648,9.9万円,99000.0,71.77㎡,71.77,,21.71,4560.0,不可,不明,中規模,不明,不明,不明,低固定費・小商圏型,,小規模カフェ・テイクアウト併設,22.0,900,259000.0,681579.0,26215.0,29.0,29.0,41.0,8684170.0,2,D,推奨必要日客数50人以下 / 必要月商80万円以下 / 初期投資1500万円以下 / 飲食不可のため原則対象外 / 席数に対する必要回転数は低め,"低固定費・小商圏型。必要月商681,579円、必要日客数29人が目安。"
ヘンミビル 205,香川県高松市古馬場町,高松ハウジングサービス,https://www.takamatsuhousing.jp/kasi-tenpo/detail-6a0e8e5ee5469042fbdbf228/,34.3425721,134.0518077,9.9万円,99000.0,48.84㎡,48.84,,14.77,6701.0,確認必要,中心街,小規模,不明,不明,不明,中心街・高単価型,,中心街高単価・目的来店型カフェ,13.0,1400,199000.0,641935.0,24690.0,18.0,18.0,32.0,8716719.0,52,C,推奨必要日客数50人以下 / 必要月商80万円以下 / 初期投資1500万円以下 / 飲食可否確認必要 / 小規模高単価モデル向き,"中心街・高単価型。必要月商641,935円、必要日客数18人が目安。"
高松市 太田上町 (太田駅) の貸店舗（一部）,香川県高松市太田上町,高松ハウジングサービス,https://www.takamatsuhousing.jp/kasi-tenpo/detail-662dca5ca7349f768c4d4d6a/,34.2970932,134.042515,10万円,100000.0,69.95㎡,69.95,,21.16,4726.0,確認必要,準中心街,中規模,店舗系,不明,不明,準中心街・生活圏型,,要個別検討,21.0,1000,260000.0,742857.0,28571.0,29.0,29.0,43.0,10579938.0,47,C,推奨必要日客数50人以下 / 必要月商80万円以下 / 初期投資1500万円以下 / 飲食可否確認必要,"準中心街・生活圏型。必要月商742,857円、必要日客数29人が目安。"
高松市 塩上町 (瓦町駅) の貸店舗（一部）,香川県高松市塩上町,高松ハウジングサービス,https://www.takamatsuhousing.jp/kasi-tenpo/detail-676a154920ba5422ebdb61c8/,34.3359149,134.0508803,10万円,100000.0,63.61㎡,63.61,,19.24,5197.0,確認必要,不明,小規模,店舗系,不明,不明,低固定費・小商圏型,,小規模カフェ・テイクアウト併設,17.0,900,200000.0,526316.0,20243.0,22.0,22.0,31.0,7696810.0,57,C,推奨必要日客数50人以下 / 必要月商80万円以下 / 初期投資800万円以下 / 飲食可否確認必要 / 席数に対する必要回転数は低め,"低固定費・小商圏型。必要月商526,316円、必要日客数22人が目安。"
ＹＩビル 2階,香川県高松市百間町,高松ハウジングサービス,https://www.takamatsuhousing.jp/kasi-tenpo/detail-6836b1a3edabdc2b84828858/,34.3451724,134.0528471,10万円,100000.0,39.35㎡,39.35,,11.9,8401.0,確認必要,中心街,極小,不明,上階・地下想定,不明,中心街・高単価型,,隠れ家・予約寄り高単価カフェ,11.0,1600,180000.0,620690.0,23873.0,15.0,15.0,30.0,7439610.0,64,C,推奨必要日客数30人以下 / 必要月商80万円以下 / 初期投資800万円以下 / 飲食可否確認必要 / 上階・地下で集客難度あり / 小規模高単価モデル向き,"中心街・高単価型。必要月商620,690円、必要日客数15人が目安。"
高松市 香川町川東下 の貸店舗（一部）,香川県高松市香川町川東下,高松ハウジングサービス,https://www.takamatsuhousing.jp/kasi-tenpo/detail-63e5b0fba4cf3a687b612ebf/,34.2455044,134.0300841,11万円,110000.0,103.78㎡,103.78,,31.39,3504.0,確認必要,郊外,中規模,店舗系,不明,不明,郊外・駐車場依存型,,郊外生活圏カフェ,31.0,1050,270000.0,818182.0,31469.0,30.0,30.0,45.0,13813118.0,34,D,推奨必要日客数50人以下 / 必要月商150万円以下 / 初期投資1500万円以下 / 飲食可否確認必要 / 郊外で駐車場確認必要 / 席数に対する必要回転数は低め,"郊外・駐車場依存型。必要月商818,182円、必要日客数30人が目安。"
高松市 郷東町 (香西駅) の貸店舗・事務所(一部),香川県高松市郷東町,高松ハウジングサービス,https://www.takamatsuhousing.jp/kasi-tenpo/detail-6625ffa21c76787b82940ef5/,34.3473129,134.0147595,11万円,110000.0,132.52㎡,132.52,,40.09,2744.0,確認必要,郊外,大型,店舗系,不明,不明,郊外・駐車場依存型,,郊外生活圏カフェ,44.0,1050,360000.0,1090909.0,41958.0,40.0,40.0,60.0,17638412.0,12,D,推奨必要日客数80人以下 / 必要月商150万円以下 / 初期投資は重め / 飲食可否確認必要 / 郊外で駐車場確認必要 / 席数に対する必要回転数は低め,"郊外・駐車場依存型。必要月商1,090,909円、必要日客数40人が目安。"
津田ビル １階,香川県高松市中央町,高松ハウジングサービス,https://www.takamatsuhousing.jp/kasi-tenpo/detail-6606881ee7d24604c2711195/,34.3364526,134.0452022,11万円,110000.0,74.93㎡,74.93,,22.67,4853.0,確認必要,準中心街,中規模,不明,1階・路面想定,不明,準中心街・生活圏型,,要個別検討,23.0,1000,270000.0,771429.0,29670.0,30.0,30.0,45.0,11333163.0,55,C,推奨必要日客数50人以下 / 必要月商80万円以下 / 初期投資1500万円以下 / 飲食可否確認必要 / 1階・路面想定 / 席数に対する必要回転数は低め,"準中心街・生活圏型。必要月商771,429円、必要日客数30人が目安。"
ソリッド 4D,香川県高松市古馬場町,高松ハウジングサービス,https://www.takamatsuhousing.jp/kasi-tenpo/detail-60236530f54ec10a84ccca1f/,34.3425721,134.0518077,11万円,110000.0,42.08㎡,42.08,,12.73,8642.0,可,中心街,小規模,不明,不明,不明,中心街・高単価型,,中心街高単価・目的来店型カフェ,11.0,1400,210000.0,677419.0,26055.0,19.0,19.0,33.0,7510228.0,77,B,推奨必要日客数50人以下 / 必要月商80万円以下 / 初期投資800万円以下 / 飲食可 / 小規模高単価モデル向き,"中心街・高単価型。必要月商677,419円、必要日客数19人が目安。"
高松市 花ノ宮町３丁目 (栗林公園駅) の貸店舗（一部）,香川県高松市花ノ宮町３丁目,高松ハウジングサービス,https://www.takamatsuhousing.jp/kasi-tenpo/detail-646306e9202916104aaa82a9/,34.3246462,134.0457846,12万円,120000.0,85.95㎡,85.95,,26.0,4615.0,確認必要,不明,中規模,店舗系,不明,不明,低固定費・小商圏型,,小規模カフェ・テイクアウト併設,26.0,900,280000.0,736842.0,28340.0,31.0,31.0,44.0,10399950.0,47,C,推奨必要日客数50人以下 / 必要月商80万円以下 / 初期投資1500万円以下 / 飲食可否確認必要 / 席数に対する必要回転数は低め,"低固定費・小商圏型。必要月商736,842円、必要日客数31人が目安。"
富士ビル 地下１階,香川県高松市常磐町１丁目,高松ハウジングサービス,https://www.takamatsuhousing.jp/kasi-tenpo/detail-662085d6af472b3b825c1d7d/,34.3387776,134.0510854,12.1万円,121000.0,93.00㎡,93.0,,28.13,4301.0,確認必要,中心街,中規模,不明,1階・路面想定,不明,中心街・高回転型,,中心街ランチ・高回転型カフェ,28.0,1050,281000.0,878125.0,33774.0,32.0,32.0,51.0,13362938.0,35,D,推奨必要日客数80人以下 / 必要月商150万円以下 / 初期投資1500万円以下 / 飲食可否確認必要 / 1階・路面想定 / 席数に対する必要回転数は低め,"中心街・高回転型。必要月商878,125円、必要日客数32人が目安。"
西内町貸事務所　１階 1階,香川県高松市西内町,高松ハウジングサービス,https://www.takamatsuhousing.jp/kasi-tenpo/detail-630eb9d1635f952635393cad/,34.3475605,134.0469994,12.75万円,127500.0,53.21㎡,53.21,,16.1,7921.0,確認必要,中心街,小規模,事務所系,1階・路面想定,不明,中心街・高単価型,,中心街高単価・目的来店型カフェ,14.0,1400,227500.0,733871.0,28226.0,20.0,20.0,36.0,9496655.0,60,C,推奨必要日客数50人以下 / 必要月商80万円以下 / 初期投資1500万円以下 / 飲食可否確認必要 / 1階・路面想定 / 小規模高単価モデル向き,"中心街・高単価型。必要月商733,871円、必要日客数20人が目安。"
高松市 屋島西町 (屋島駅) の貸店舗・事務所(一部),香川県高松市屋島西町,高松ハウジングサービス,https://www.takamatsuhousing.jp/kasi-tenpo/detail-555897844249423ff8c68216/,34.3603444,134.0966033,13万円,130000.0,133.70㎡,133.7,,40.44,3214.0,確認必要,郊外,大型,店舗系,不明,不明,郊外・駐車場依存型,,郊外生活圏カフェ,44.0,1050,380000.0,1151515.0,44289.0,42.0,42.0,63.0,17795470.0,12,D,推奨必要日客数80人以下 / 必要月商150万円以下 / 初期投資は重め / 飲食可否確認必要 / 郊外で駐車場確認必要 / 席数に対する必要回転数は低め,"郊外・駐車場依存型。必要月商1,151,515円、必要日客数42人が目安。"
高松市 扇町２丁目 (昭和町駅) の貸店舗（一部）,香川県高松市扇町２丁目,高松ハウジングサービス,https://www.takamatsuhousing.jp/kasi-tenpo/detail-67f20f823d177354830cb311/,34.3445597,134.0357197,13.2万円,132000.0,135.25㎡,135.25,,40.91,3226.0,可,準中心街,大型,店舗系,不明,不明,大型投資・高売上必須型,,大型滞在・複合目的型カフェ,45.0,1250,382000.0,1414815.0,54416.0,44.0,44.0,78.0,27002664.0,10,D,推奨必要日客数80人以下 / 必要月商150万円以下 / 初期投資が重い / 飲食可 / 大型投資型のため慎重判断 / 席数に対する必要回転数は低め,"大型投資・高売上必須型。必要月商1,414,815円、必要日客数44人が目安。"
ＡＫビル片原町Ⅱ　２階　北西 （２０２号）,香川県高松市片原町,高松ハウジングサービス,https://www.takamatsuhousing.jp/kasi-tenpo/detail-684a89ea243a5b1d0deb1257/,34.3458826,134.0543651,13.2万円,132000.0,69.48㎡,69.48,,21.02,6280.0,可,中心街,中規模,不明,上階・地下想定,不明,中心街・高回転型,,中心街目的来店・回転型カフェ,21.0,1100,292000.0,858824.0,33032.0,30.0,30.0,51.0,10719028.0,34,D,推奨必要日客数80人以下 / 必要月商150万円以下 / 初期投資1500万円以下 / 飲食可 / 上階・地下で集客難度あり,"中心街・高回転型。必要月商858,824円、必要日客数30人が目安。"
高松市 天神前 (栗林公園北口駅) の貸店舗（一部）,香川県高松市天神前,高松ハウジングサービス,https://www.takamatsuhousing.jp/kasi-tenpo/detail-642fa6da77270d5cba271843/,34.3388334,134.045818,14.3万円,143000.0,56.00㎡,56.0,,16.94,8442.0,確認必要,不明,小規模,店舗系,不明,不明,低固定費・小商圏型,,小規模カフェ・テイクアウト併設,15.0,900,243000.0,639474.0,24595.0,27.0,27.0,38.0,6776000.0,57,C,推奨必要日客数50人以下 / 必要月商80万円以下 / 初期投資800万円以下 / 飲食可否確認必要,"低固定費・小商圏型。必要月商639,474円、必要日客数27人が目安。"
西村ジョイ屋島店　１階北ＥＶ前 1階,香川県高松市屋島西町,高松ハウジングサービス,https://www.takamatsuhousing.jp/kasi-tenpo/detail-67330cb3c7b82905187c793b/,34.3603444,134.0966033,14.971万円,149710.0,45.00㎡,45.0,,13.61,10998.0,確認必要,郊外,小規模,不明,1階・路面想定,不明,低固定費・小商圏型,,小規模カフェ・テイクアウト併設,12.0,900,249710.0,657132.0,25274.0,28.0,28.0,39.0,5445000.0,60,C,推奨必要日客数50人以下 / 必要月商80万円以下 / 初期投資800万円以下 / 飲食可否確認必要 / 1階・路面想定 / 郊外で駐車場確認必要,"低固定費・小商圏型。必要月商657,132円、必要日客数28人が目安。"
大内ビル 1階,香川県高松市今新町,高松ハウジングサービス,https://www.takamatsuhousing.jp/kasi-tenpo/detail-6833f5d6c196ea30e30ea1ee/,34.3439421,134.0526969,15万円,150000.0,69.03㎡,69.03,,20.88,7183.0,可,中心街,中規模,不明,1階・路面想定,不明,中心街・高回転型,,中心街ランチ・高回転型カフェ,21.0,1050,310000.0,968750.0,37260.0,35.0,35.0,57.0,9918748.0,50,C,推奨必要日客数80人以下 / 必要月商150万円以下 / 初期投資1500万円以下 / 飲食可 / 1階・路面想定,"中心街・高回転型。必要月商968,750円、必要日客数35人が目安。"
高松市 上福岡町 (花園駅) の貸店舗・事務所(一部),香川県高松市上福岡町,高松ハウジングサービス,https://www.takamatsuhousing.jp/kasi-tenpo/detail-682a928cd63cad3855bc8266/,34.3302357,134.0637986,15万円,150000.0,157.80㎡,157.8,,47.73,3142.0,確認必要,準中心街,大型,店舗系,不明,不明,大型投資・高売上必須型,,大型滞在・複合目的型カフェ,53.0,1250,400000.0,1481481.0,56980.0,46.0,46.0,82.0,31504772.0,0,D,多客数が必須 / 必要月商150万円以下 / 初期投資が重い / 飲食可否確認必要 / 大型投資型のため慎重判断 / 席数に対する必要回転数は低め,"大型投資・高売上必須型。必要月商1,481,481円、必要日客数46人が目安。"
高松市 鶴屋町 (片原町駅) の貸店舗（一部）,香川県高松市鶴屋町,高松ハウジングサービス,https://www.takamatsuhousing.jp/kasi-tenpo/detail-6a20da03cb8ef797e0780d96/,34.3467972,134.0549327,15万円,150000.0,98.59㎡,98.59,,29.82,5030.0,確認必要,不明,中規模,店舗系,不明,不明,低固定費・小商圏型,,小規模カフェ・テイクアウト併設,30.0,900,310000.0,815789.0,31377.0,35.0,35.0,49.0,11929390.0,39,D,推奨必要日客数50人以下 / 必要月商150万円以下 / 初期投資1500万円以下 / 飲食可否確認必要 / 席数に対する必要回転数は低め,"低固定費・小商圏型。必要月商815,789円、必要日客数35人が目安。"
新井ビル 1階,香川県高松市成合町,高松ハウジングサービス,https://www.takamatsuhousing.jp/kasi-tenpo/detail-55588e3142494231b8305814/,34.2994211,134.0156685,15.07万円,150700.0,98.41㎡,98.41,,29.77,5062.0,不可,不明,中規模,不明,1階・路面想定,不明,低固定費・小商圏型,,小規模カフェ・テイクアウト併設,30.0,900,310700.0,817632.0,31447.0,35.0,35.0,49.0,11907610.0,2,D,推奨必要日客数50人以下 / 必要月商150万円以下 / 初期投資1500万円以下 / 飲食不可のため原則対象外 / 1階・路面想定 / 席数に対する必要回転数は低め,"低固定費・小商圏型。必要月商817,632円、必要日客数35人が目安。"
高松プラザビル ６０３,香川県高松市中野町,高松ハウジングサービス,https://www.takamatsuhousing.jp/kasi-tenpo/detail-673ead7ac3c8d520f9d36c63/,34.3340385,134.0434882,15.2295万円,152295.0,61.04㎡,61.04,,18.46,8248.0,確認必要,不明,小規模,不明,不明,不明,低固定費・小商圏型,,小規模カフェ・テイクアウト併設,17.0,900,252295.0,663934.0,25536.0,28.0,28.0,40.0,7385840.0,57,C,推奨必要日客数50人以下 / 必要月商80万円以下 / 初期投資800万円以下 / 飲食可否確認必要,"低固定費・小商圏型。必要月商663,934円、必要日客数28人が目安。"
高松市 新北町 (昭和町駅) の貸店舗・事務所(一部),香川県高松市新北町,高松ハウジングサービス,https://www.takamatsuhousing.jp/kasi-tenpo/detail-6052fa256962487ccb19b993/,34.3529843,134.0256404,15.4万円,154000.0,71.87㎡,71.87,,21.74,7083.0,不可,不明,中規模,店舗系,不明,不明,低固定費・小商圏型,,小規模カフェ・テイクアウト併設,22.0,900,314000.0,826316.0,31781.0,35.0,35.0,49.0,8696270.0,0,D,推奨必要日客数50人以下 / 必要月商150万円以下 / 初期投資1500万円以下 / 飲食不可のため原則対象外,"低固定費・小商圏型。必要月商826,316円、必要日客数35人が目安。"
プレシャス番町ビル 4F,香川県高松市番町３丁目,高松ハウジングサービス,https://www.takamatsuhousing.jp/kasi-tenpo/detail-68db7f1ba22de730730349b5/,34.3423736,134.0417194,15.8万円,158000.0,86.88㎡,86.88,,26.28,6012.0,確認必要,準中心街,中規模,不明,上階・地下想定,不明,準中心街・生活圏型,,要個別検討,26.0,1000,318000.0,908571.0,34945.0,35.0,35.0,52.0,13140600.0,19,D,推奨必要日客数80人以下 / 必要月商150万円以下 / 初期投資1500万円以下 / 飲食可否確認必要 / 上階・地下で集客難度あり / 席数に対する必要回転数は低め,"準中心街・生活圏型。必要月商908,571円、必要日客数35人が目安。"
ツゥーフィートビル 5-B,香川県高松市鍛冶屋町,高松ハウジングサービス,https://www.takamatsuhousing.jp/kasi-tenpo/detail-682a97c00113b83abe1a03d1/,34.3428604,134.0487343,16.5万円,165000.0,61.62㎡,61.62,,18.64,8852.0,可,中心街,小規模,不明,不明,不明,中心街・高単価型,,中心街高単価・目的来店型カフェ,17.0,1400,265000.0,854839.0,32878.0,23.0,23.0,42.0,10997630.0,59,C,推奨必要日客数50人以下 / 必要月商150万円以下 / 初期投資1500万円以下 / 飲食可 / 小規模高単価モデル向き,"中心街・高単価型。必要月商854,839円、必要日客数23人が目安。"
京都興産ビル ５F,香川県高松市瓦町１丁目,高松ハウジングサービス,https://www.takamatsuhousing.jp/kasi-tenpo/detail-5b433431e5a69c481006210e/,34.3412277,134.051584,16.5万円,165000.0,116.86㎡,116.86,,35.35,4668.0,可,中心街,大型,不明,不明,不明,中心街・高回転型,,中心街目的来店・回転型カフェ,39.0,1100,415000.0,1220588.0,46946.0,43.0,43.0,73.0,18028577.0,32,D,推奨必要日客数80人以下 / 必要月商150万円以下 / 初期投資は重め / 飲食可 / 席数に対する必要回転数は低め,"中心街・高回転型。必要月商1,220,588円、必要日客数43人が目安。"
下田井町貸店舗事務所 1階,香川県高松市下田井町,高松ハウジングサービス,https://www.takamatsuhousing.jp/kasi-tenpo/detail-68f1b59cc430a27e9e0ec70f/,34.293847,134.0928756,16.5万円,165000.0,105.56㎡,105.56,,31.93,5167.0,可,不明,中規模,店舗系,1階・路面想定,不明,低固定費・小商圏型,,小規模カフェ・テイクアウト併設,32.0,900,325000.0,855263.0,32895.0,37.0,37.0,51.0,12772760.0,50,C,推奨必要日客数80人以下 / 必要月商150万円以下 / 初期投資1500万円以下 / 飲食可 / 1階・路面想定 / 席数に対する必要回転数は低め,"低固定費・小商圏型。必要月商855,263円、必要日客数37人が目安。"
錦町１丁目　小川マンション１階店舗 1階,香川県高松市錦町１丁目,高松ハウジングサービス,https://www.takamatsuhousing.jp/kasi-tenpo/detail-699d42258f9bb7ed6b2b1bdd/,34.3475208,134.044579,16.5万円,165000.0,68.00㎡,68.0,,20.57,8021.0,可,不明,中規模,店舗系,1階・路面想定,不明,低固定費・小商圏型,,小規模カフェ・テイクアウト併設,21.0,900,325000.0,855263.0,32895.0,37.0,37.0,51.0,8228000.0,50,C,推奨必要日客数80人以下 / 必要月商150万円以下 / 初期投資1500万円以下 / 飲食可 / 1階・路面想定,"低固定費・小商圏型。必要月商855,263円、必要日客数37人が目安。"
プレシャス番町ビル（第一讃機ビル） 4 F北東ｶｰﾈｰｼｮﾝ,香川県高松市番町３丁目,高松ハウジングサービス,https://www.takamatsuhousing.jp/kasi-tenpo/detail-63d8b7d3f47768688d0d5cfc/,34.3423736,134.0417194,16.5万円,165000.0,86.88㎡,86.88,,26.28,6278.0,確認必要,準中心街,中規模,不明,不明,不明,準中心街・生活圏型,,要個別検討,26.0,1000,325000.0,928571.0,35714.0,36.0,36.0,54.0,13140600.0,27,D,推奨必要日客数80人以下 / 必要月商150万円以下 / 初期投資1500万円以下 / 飲食可否確認必要,"準中心街・生活圏型。必要月商928,571円、必要日客数36人が目安。"
シャトー古馬場　２階 2階,香川県高松市古馬場町,高松ハウジングサービス,https://www.takamatsuhousing.jp/kasi-tenpo/detail-5558977d424941055706b417/,34.3425721,134.0518077,16.5万円,165000.0,65.91㎡,65.91,,19.94,8276.0,可,中心街,小規模,不明,上階・地下想定,不明,中心街・高単価型,,隠れ家・予約寄り高単価カフェ,18.0,1600,265000.0,913793.0,35146.0,22.0,22.0,44.0,12461110.0,51,C,推奨必要日客数50人以下 / 必要月商150万円以下 / 初期投資1500万円以下 / 飲食可 / 上階・地下で集客難度あり / 小規模高単価モデル向き,"中心街・高単価型。必要月商913,793円、必要日客数22人が目安。"
高松市 屋島西町 (春日川駅) の貸店舗（一括）,香川県高松市屋島西町,高松ハウジングサービス,https://www.takamatsuhousing.jp/kasi-tenpo/detail-67ba76203e48c91c26797ad3/,34.3603444,134.0966033,17万円,170000.0,132.48㎡,132.48,,40.08,4242.0,可,郊外,大型,店舗系,不明,不明,郊外・駐車場依存型,,郊外生活圏カフェ,44.0,1050,420000.0,1272727.0,48951.0,47.0,47.0,70.0,17633088.0,27,D,推奨必要日客数80人以下 / 必要月商150万円以下 / 初期投資は重め / 飲食可 / 郊外で駐車場確認必要 / 席数に対する必要回転数は低め,"郊外・駐車場依存型。必要月商1,272,727円、必要日客数47人が目安。"
高松市 番町１丁目 (瓦町駅) の貸店舗（一部）,香川県高松市番町１丁目,高松ハウジングサービス,https://www.takamatsuhousing.jp/kasi-tenpo/detail-6745221d019e3c41c94e53fb/,34.34249,134.0464464,18.15万円,181500.0,38.98㎡,38.98,,11.79,15393.0,確認必要,準中心街,極小,店舗系,不明,不明,準中心街・生活圏型,,要個別検討,11.0,1000,263175.0,751929.0,28920.0,29.0,29.0,43.0,5895725.0,57,C,推奨必要日客数50人以下 / 必要月商80万円以下 / 初期投資800万円以下 / 飲食可否確認必要,"準中心街・生活圏型。必要月商751,929円、必要日客数29人が目安。"
向山ビル２Ｆ 2F,香川県高松市瓦町１丁目,高松ハウジングサービス,https://www.takamatsuhousing.jp/kasi-tenpo/detail-56d5429b9732ec2933001454/,34.3412277,134.051584,19.8万円,198000.0,75.60㎡,75.6,,22.87,8658.0,確認必要,中心街,中規模,不明,上階・地下想定,不明,中心街・高回転型,,中心街目的来店・回転型カフェ,23.0,1100,358000.0,1052941.0,40498.0,37.0,37.0,63.0,11663190.0,19,D,推奨必要日客数80人以下 / 必要月商150万円以下 / 初期投資1500万円以下 / 飲食可否確認必要 / 上階・地下で集客難度あり,"中心街・高回転型。必要月商1,052,941円、必要日客数37人が目安。"
Ｗｉｔｈビル 1階,香川県高松市瓦町２丁目,高松ハウジングサービス,https://www.takamatsuhousing.jp/kasi-tenpo/detail-69aa7d5de563002bb48f101b/,34.3399504,134.0514047,19.8万円,198000.0,81.70㎡,81.7,,24.71,8012.0,確認必要,中心街,中規模,不明,1階・路面想定,不明,中心街・高回転型,,中心街ランチ・高回転型カフェ,25.0,1050,358000.0,1118750.0,43029.0,41.0,41.0,66.0,11739269.0,35,D,推奨必要日客数80人以下 / 必要月商150万円以下 / 初期投資1500万円以下 / 飲食可否確認必要 / 1階・路面想定,"中心街・高回転型。必要月商1,118,750円、必要日客数41人が目安。"
香西貸店舗 1階,香川県高松市香西東町,高松ハウジングサービス,https://www.takamatsuhousing.jp/kasi-tenpo/detail-5c62452d9732ec08c6b7f9a3/,34.3403451,134.007635,19.8万円,198000.0,187.74㎡,187.74,,56.79,3486.0,確認必要,郊外,大型,店舗系,1階・路面想定,不明,大型投資・高売上必須型,,大型滞在・複合目的型カフェ,62.0,1250,448000.0,1659259.0,63818.0,51.0,51.0,92.0,37482292.0,0,D,多客数が必須 / 必要月商250万円以下 / 初期投資が重い / 飲食可否確認必要 / 1階・路面想定 / 郊外で駐車場確認必要 / 大型投資型のため慎重判断 / 席数に対する必要回転数は低め,"大型投資・高売上必須型。必要月商1,659,259円、必要日客数51人が目安。"
アビタシオンＮＹＫ 1F南,香川県高松市香西南町,高松ハウジングサービス,https://www.takamatsuhousing.jp/kasi-tenpo/detail-5ecf6e6730c1427032fc12e9/,34.3394484,134.0002361,19.8万円,198000.0,182.25㎡,182.25,,55.13,3591.0,確認必要,郊外,大型,不明,1階・路面想定,不明,大型投資・高売上必須型,,大型滞在・複合目的型カフェ,61.0,1250,448000.0,1659259.0,63818.0,51.0,51.0,92.0,36386214.0,0,D,多客数が必須 / 必要月商250万円以下 / 初期投資が重い / 飲食可否確認必要 / 1階・路面想定 / 郊外で駐車場確認必要 / 大型投資型のため慎重判断 / 席数に対する必要回転数は低め,"大型投資・高売上必須型。必要月商1,659,259円、必要日客数51人が目安。"
高松市 亀岡町 (栗林公園北口駅) の貸店舗・事務所(一部),香川県高松市亀岡町,高松ハウジングサービス,https://www.takamatsuhousing.jp/kasi-tenpo/detail-640e8a8741708e129e914078/,34.3369293,134.0412259,20万円,200000.0,99.56㎡,99.56,,30.12,6641.0,不可,不明,中規模,店舗系,不明,不明,低固定費・小商圏型,,小規模カフェ・テイクアウト併設,30.0,900,360000.0,947368.0,36437.0,40.0,40.0,57.0,12046760.0,0,D,推奨必要日客数80人以下 / 必要月商150万円以下 / 初期投資1500万円以下 / 飲食不可のため原則対象外 / 席数に対する必要回転数は低め,"低固定費・小商圏型。必要月商947,368円、必要日客数40人が目安。"
ガーデンコート高松 401,香川県高松市大工町,高松ハウジングサービス,https://www.takamatsuhousing.jp/kasi-tenpo/detail-5c822221d032a71c6cedffdc/,34.3445496,134.0527521,20.9万円,209000.0,124.89㎡,124.89,,37.78,5532.0,確認必要,中心街,大型,不明,不明,不明,中心街・高回転型,,中心街目的来店・回転型カフェ,42.0,1100,459000.0,1350000.0,51923.0,47.0,47.0,80.0,19267405.0,17,D,推奨必要日客数80人以下 / 必要月商150万円以下 / 初期投資は重め / 飲食可否確認必要 / 席数に対する必要回転数は低め,"中心街・高回転型。必要月商1,350,000円、必要日客数47人が目安。"
ガーデンコート高松 501,香川県高松市大工町,高松ハウジングサービス,https://www.takamatsuhousing.jp/kasi-tenpo/detail-60bdd67067528231e3404a78/,34.3445496,134.0527521,20.9万円,209000.0,123.09㎡,123.09,,37.23,5613.0,確認必要,中心街,大型,不明,不明,不明,中心街・高回転型,,中心街目的来店・回転型カフェ,41.0,1100,459000.0,1350000.0,51923.0,47.0,47.0,80.0,18989710.0,17,D,推奨必要日客数80人以下 / 必要月商150万円以下 / 初期投資は重め / 飲食可否確認必要 / 席数に対する必要回転数は低め,"中心街・高回転型。必要月商1,350,000円、必要日客数47人が目安。"
京都興産ビル 3F,香川県高松市瓦町１丁目,高松ハウジングサービス,https://www.takamatsuhousing.jp/kasi-tenpo/detail-5b432f98d032a70dc813f561/,34.3412277,134.051584,22万円,220000.0,116.86㎡,116.86,,35.35,6223.0,可,中心街,大型,不明,上階・地下想定,不明,中心街・高回転型,,中心街目的来店・回転型カフェ,39.0,1100,470000.0,1382353.0,53167.0,48.0,48.0,82.0,18028577.0,0,D,多客数が必須 / 必要月商150万円以下 / 初期投資は重め / 飲食可 / 上階・地下で集客難度あり / 中心街でも客数ハードル高め,"中心街・高回転型。必要月商1,382,353円、必要日客数48人が目安。"
じゃこ丸ビル ５階　南,香川県高松市西の丸町,高松ハウジングサービス,https://www.takamatsuhousing.jp/kasi-tenpo/detail-681acd9ced5168205e52f3c4/,34.3493418,134.0469457,22万円,220000.0,92.00㎡,92.0,,27.83,7905.0,可,不明,中規模,不明,不明,不明,低固定費・小商圏型,,小規模カフェ・テイクアウト併設,28.0,900,380000.0,1000000.0,38462.0,43.0,43.0,60.0,11132000.0,42,D,推奨必要日客数80人以下 / 必要月商150万円以下 / 初期投資1500万円以下 / 飲食可,"低固定費・小商圏型。必要月商1,000,000円、必要日客数43人が目安。"
パールコート 1階,香川県高松市百間町,高松ハウジングサービス,https://www.takamatsuhousing.jp/kasi-tenpo/detail-69e1f4f32b1cfe70dd417739/,34.3451724,134.0528471,22万円,220000.0,124.58㎡,124.58,,37.69,5838.0,可,中心街,大型,不明,1階・路面想定,不明,中心街・高回転型,,中心街ランチ・高回転型カフェ,41.0,1050,470000.0,1468750.0,56490.0,54.0,54.0,86.0,17900589.0,10,D,多客数が必須 / 必要月商150万円以下 / 初期投資は重め / 飲食可 / 1階・路面想定 / 中心街でも客数ハードル高め,"中心街・高回転型。必要月商1,468,750円、必要日客数54人が目安。"
高松市 百間町 (瓦町駅) の貸店舗（一部）,香川県高松市百間町,高松ハウジングサービス,https://www.takamatsuhousing.jp/kasi-tenpo/detail-68959441674fe57902cecc97/,34.3451724,134.0528471,22万円,220000.0,124.58㎡,124.58,,37.69,5838.0,可,中心街,大型,店舗系,不明,不明,中心街・高回転型,,中心街目的来店・回転型カフェ,41.0,1100,470000.0,1382353.0,53167.0,48.0,48.0,82.0,19219580.0,2,D,多客数が必須 / 必要月商150万円以下 / 初期投資は重め / 飲食可 / 中心街でも客数ハードル高め / 席数に対する必要回転数は低め,"中心街・高回転型。必要月商1,382,353円、必要日客数48人が目安。"
セントラル高松中新町ビル（旧太陽生命高松中新町ビル） ３０２,香川県高松市中新町,高松ハウジングサービス,https://www.takamatsuhousing.jp/kasi-tenpo/detail-678dbd615146490136a2bcc3/,34.3370423,134.0477376,23.5543万円,235543.0,74.54㎡,74.54,,22.55,10446.0,確認必要,不明,中規模,不明,不明,不明,低固定費・小商圏型,,小規模カフェ・テイクアウト併設,23.0,900,395543.0,1040903.0,40035.0,44.0,44.0,62.0,9019340.0,27,D,推奨必要日客数80人以下 / 必要月商150万円以下 / 初期投資1500万円以下 / 飲食可否確認必要,"低固定費・小商圏型。必要月商1,040,903円、必要日客数44人が目安。"
セントラル高松中新町ビル（旧太陽生命高松中新町ビル） ２０２,香川県高松市中新町,高松ハウジングサービス,https://www.takamatsuhousing.jp/kasi-tenpo/detail-678dbd617f54e6649ea1dfc1/,34.3370423,134.0477376,23.5543万円,235543.0,74.54㎡,74.54,,22.55,10446.0,確認必要,不明,中規模,不明,不明,不明,低固定費・小商圏型,,小規模カフェ・テイクアウト併設,23.0,900,395543.0,1040903.0,40035.0,44.0,44.0,62.0,9019340.0,27,D,推奨必要日客数80人以下 / 必要月商150万円以下 / 初期投資1500万円以下 / 飲食可否確認必要,"低固定費・小商圏型。必要月商1,040,903円、必要日客数44人が目安。"
高松市 東山崎町 (水田駅) の貸店舗・事務所(一括),香川県高松市東山崎町,高松ハウジングサービス,https://www.takamatsuhousing.jp/kasi-tenpo/detail-5ce350d0e5a69c2656af61c7/,34.3078228,134.0959696,24.2万円,242000.0,141.60㎡,141.6,,42.83,5650.0,確認必要,郊外,大型,店舗系,不明,不明,郊外・駐車場依存型,,郊外生活圏カフェ,47.0,1050,492000.0,1490909.0,57343.0,55.0,55.0,82.0,18846960.0,0,D,多客数が必須 / 必要月商150万円以下 / 初期投資は重め / 飲食可否確認必要 / 郊外で駐車場確認必要 / 席数に対する必要回転数は低め,"郊外・駐車場依存型。必要月商1,490,909円、必要日客数55人が目安。"
高松市 六条町 (水田駅) の貸店舗（一括）,香川県高松市六条町,高松ハウジングサービス,https://www.takamatsuhousing.jp/kasi-tenpo/detail-58bf9517e5a69c0e2c12e0ed/,34.2985968,134.0836537,25万円,250000.0,182.38㎡,182.38,,55.17,4531.0,可,郊外,大型,店舗系,不明,不明,大型投資・高売上必須型,,大型滞在・複合目的型カフェ,61.0,1250,500000.0,1851852.0,71225.0,57.0,57.0,103.0,36412168.0,0,D,多客数が必須 / 必要月商250万円以下 / 初期投資が重い / 飲食可 / 郊外で駐車場確認必要 / 大型投資型のため慎重判断 / 席数に対する必要回転数は低め,"大型投資・高売上必須型。必要月商1,851,852円、必要日客数57人が目安。"
ＡＫビルⅩⅢ　１階 1階,香川県高松市百間町,高松ハウジングサービス,https://www.takamatsuhousing.jp/kasi-tenpo/detail-6a0eb8f8bda945109354afbb/,34.3451724,134.0528471,25.3万円,253000.0,76.00㎡,76.0,,22.99,11005.0,確認必要,中心街,中規模,不明,1階・路面想定,不明,中心街・高回転型,,中心街ランチ・高回転型カフェ,23.0,1050,413000.0,1290625.0,49639.0,47.0,47.0,76.0,10920250.0,35,D,推奨必要日客数80人以下 / 必要月商150万円以下 / 初期投資1500万円以下 / 飲食可否確認必要 / 1階・路面想定,"中心街・高回転型。必要月商1,290,625円、必要日客数47人が目安。"
ＣＵＢＥ高松　旧共栄火災海上保険株式会社高松支社 １Ｆ,香川県高松市塩屋町,高松ハウジングサービス,https://www.takamatsuhousing.jp/kasi-tenpo/detail-68d9f87b7f54e611de549e33/,34.342155,134.0550633,26.0656万円,260656.0,97.93㎡,97.93,,29.62,8799.0,確認必要,中心街,中規模,不明,不明,不明,中心街・高回転型,,中心街目的来店・回転型カフェ,30.0,1100,420656.0,1237224.0,47586.0,43.0,43.0,74.0,15108151.0,17,D,推奨必要日客数80人以下 / 必要月商150万円以下 / 初期投資は重め / 飲食可否確認必要,"中心街・高回転型。必要月商1,237,224円、必要日客数43人が目安。"
高松市 鍛冶屋町 (瓦町駅) の貸店舗（一部）,香川県高松市鍛冶屋町,高松ハウジングサービス,https://www.takamatsuhousing.jp/kasi-tenpo/detail-59d30e12e5a69c6ccf3e274c/,34.3428604,134.0487343,26.4万円,264000.0,124.23㎡,124.23,,37.58,7025.0,可,中心街,大型,店舗系,不明,不明,中心街・高回転型,,中心街目的来店・回転型カフェ,41.0,1100,514000.0,1511765.0,58145.0,53.0,53.0,90.0,19165584.0,0,D,多客数が必須 / 必要月商250万円以下 / 初期投資は重め / 飲食可 / 中心街でも客数ハードル高め,"中心街・高回転型。必要月商1,511,765円、必要日客数53人が目安。"
高松市 国分寺町新居 (端岡駅) の貸店舗・事務所(一括),香川県高松市国分寺町新居,高松ハウジングサービス,https://www.takamatsuhousing.jp/kasi-tenpo/detail-6a07ab7dce03c2ec06377e02/,34.3150123,133.9666553,27.5万円,275000.0,167.55㎡,167.55,,50.68,5426.0,確認必要,郊外,大型,店舗系,不明,不明,大型投資・高売上必須型,,大型滞在・複合目的型カフェ,56.0,1250,525000.0,1944444.0,74786.0,60.0,60.0,108.0,33451358.0,0,D,多客数が必須 / 必要月商250万円以下 / 初期投資が重い / 飲食可否確認必要 / 郊外で駐車場確認必要 / 大型投資型のため慎重判断 / 席数に対する必要回転数は低め,"大型投資・高売上必須型。必要月商1,944,444円、必要日客数60人が目安。"
プレシャス番町ビル（第一讃機ビル） 2F南東コスモス,香川県高松市番町３丁目,高松ハウジングサービス,https://www.takamatsuhousing.jp/kasi-tenpo/detail-63d8a4e80cccef06e5316d54/,34.3423736,134.0417194,27.5万円,275000.0,169.00㎡,169.0,,51.12,5379.0,不可,準中心街,大型,不明,上階・地下想定,不明,大型投資・高売上必須型,,大型滞在・複合目的型カフェ,56.0,1250,525000.0,1944444.0,74786.0,60.0,60.0,108.0,33740852.0,0,D,多客数が必須 / 必要月商250万円以下 / 初期投資が重い / 飲食不可のため原則対象外 / 上階・地下で集客難度あり / 大型投資型のため慎重判断 / 席数に対する必要回転数は低め,"大型投資・高売上必須型。必要月商1,944,444円、必要日客数60人が目安。"
巧匠ビル　１・２階,香川県高松市今新町,高松ハウジングサービス,https://www.takamatsuhousing.jp/kasi-tenpo/detail-660e5dbfedc6e56a05971a7b/,34.3439421,134.0526969,28万円,280000.0,235.74㎡,235.74,,71.31,3926.0,確認必要,中心街,大型,不明,上階・地下想定,不明,大型投資・高売上必須型,,大型滞在・複合目的型カフェ,78.0,1250,530000.0,1962963.0,75499.0,60.0,60.0,109.0,47065492.0,0,D,多客数が必須 / 必要月商250万円以下 / 初期投資が重い / 飲食可否確認必要 / 上階・地下で集客難度あり / 大型投資型のため慎重判断 / 席数に対する必要回転数は低め,"大型投資・高売上必須型。必要月商1,962,963円、必要日客数60人が目安。"
オフィスビルいずみ東１階 1階,香川県高松市上天神町,高松ハウジングサービス,https://www.takamatsuhousing.jp/kasi-tenpo/detail-653f4bd6e89777535faced84/,34.3115266,134.0391502,29.7万円,297000.0,176.00㎡,176.0,,53.24,5579.0,確認必要,準中心街,大型,事務所系,1階・路面想定,不明,大型投資・高売上必須型,,大型滞在・複合目的型カフェ,59.0,1250,547000.0,2025926.0,77920.0,62.0,62.0,112.0,35138402.0,0,D,多客数が必須 / 必要月商250万円以下 / 初期投資が重い / 飲食可否確認必要 / 1階・路面想定 / 大型投資型のため慎重判断 / 席数に対する必要回転数は低め,"大型投資・高売上必須型。必要月商2,025,926円、必要日客数62人が目安。"
高松市 国分寺町福家 (挿頭丘駅) の貸店舗・事務所(一部),香川県高松市国分寺町福家,高松ハウジングサービス,https://www.takamatsuhousing.jp/kasi-tenpo/detail-68955a821363053550874c30/,34.2790659,133.972223,33万円,330000.0,108.27㎡,108.27,,32.75,10076.0,可,郊外,中規模,店舗系,不明,不明,郊外・駐車場依存型,,郊外生活圏カフェ,33.0,1050,495000.0,1500000.0,57692.0,55.0,55.0,82.0,14410738.0,17,D,多客数が必須 / 必要月商150万円以下 / 初期投資1500万円以下 / 飲食可 / 郊外で駐車場確認必要,"郊外・駐車場依存型。必要月商1,500,000円、必要日客数55人が目安。"
ガーデンコート高松 2F,香川県高松市大工町,高松ハウジングサービス,https://www.takamatsuhousing.jp/kasi-tenpo/detail-63e7433dd93d1c3663901541/,34.3445496,134.0527521,33万円,330000.0,199.51㎡,199.51,,60.35,5468.0,可,中心街,大型,不明,上階・地下想定,不明,大型投資・高売上必須型,,大型滞在・複合目的型カフェ,66.0,1250,580000.0,2148148.0,82621.0,66.0,66.0,119.0,39832173.0,0,D,多客数が必須 / 必要月商250万円以下 / 初期投資が重い / 飲食可 / 上階・地下で集客難度あり / 大型投資型のため慎重判断 / 席数に対する必要回転数は低め,"大型投資・高売上必須型。必要月商2,148,148円、必要日客数66人が目安。"
エーワン藤塚ビル　１階駐車場・倉庫　２階・３階事務所,香川県高松市藤塚町２丁目,高松ハウジングサービス,https://www.takamatsuhousing.jp/kasi-tenpo/detail-5558977b424941747cdcc717/,34.3339638,134.0508466,33万円,330000.0,223.89㎡,223.89,,67.73,4873.0,確認必要,準中心街,大型,倉庫・工場系,1階・路面想定,あり,大型投資・高売上必須型,,大型リノベ・複合目的型カフェ,74.0,1300,580000.0,2148148.0,82621.0,64.0,64.0,114.0,47408709.0,0,D,多客数が必須 / 必要月商250万円以下 / 初期投資が重い / 飲食可否確認必要 / 1階・路面想定 / 大型投資型のため慎重判断 / 席数に対する必要回転数は低め,"大型投資・高売上必須型。必要月商2,148,148円、必要日客数64人が目安。"
ＣＵＢＥ高松　旧共栄火災海上保険株式会社高松支社 ５Ｆ,香川県高松市塩屋町,高松ハウジングサービス,https://www.takamatsuhousing.jp/kasi-tenpo/detail-678dbd617f54e65d5a95dbcb/,34.342155,134.0550633,33.1485万円,331485.0,132.85㎡,132.85,,40.19,8249.0,確認必要,中心街,大型,不明,不明,不明,中心街・高回転型,,中心街目的来店・回転型カフェ,44.0,1100,581485.0,1710250.0,65779.0,60.0,60.0,102.0,20495434.0,0,D,多客数が必須 / 必要月商250万円以下 / 初期投資は重め / 飲食可否確認必要 / 中心街でも客数ハードル高め,"中心街・高回転型。必要月商1,710,250円、必要日客数60人が目安。"
ＣＵＢＥ高松　旧共栄火災海上保険株式会社高松支社 ４Ｆ,香川県高松市塩屋町,高松ハウジングサービス,https://www.takamatsuhousing.jp/kasi-tenpo/detail-678dbd617f54e665070e0af6/,34.342155,134.0550633,33.1485万円,331485.0,132.85㎡,132.85,,40.19,8249.0,確認必要,中心街,大型,不明,不明,不明,中心街・高回転型,,中心街目的来店・回転型カフェ,44.0,1100,581485.0,1710250.0,65779.0,60.0,60.0,102.0,20495434.0,0,D,多客数が必須 / 必要月商250万円以下 / 初期投資は重め / 飲食可否確認必要 / 中心街でも客数ハードル高め,"中心街・高回転型。必要月商1,710,250円、必要日客数60人が目安。"
高松市 林町 (伏石駅) の貸店舗（一括）,香川県高松市林町,高松ハウジングサービス,https://www.takamatsuhousing.jp/kasi-tenpo/detail-67a47b12991eeb6eed4aac18/,34.3005438,134.069878,35万円,350000.0,223.90㎡,223.9,,67.73,5168.0,確認必要,郊外,大型,店舗系,不明,不明,大型投資・高売上必須型,,大型滞在・複合目的型カフェ,75.0,1250,600000.0,2222222.0,85470.0,68.0,68.0,123.0,44701636.0,0,D,多客数が必須 / 必要月商250万円以下 / 初期投資が重い / 飲食可否確認必要 / 郊外で駐車場確認必要 / 大型投資型のため慎重判断 / 席数に対する必要回転数は低め,"大型投資・高売上必須型。必要月商2,222,222円、必要日客数68人が目安。"
カーラビル １F,香川県高松市瓦町２丁目,高松ハウジングサービス,https://www.takamatsuhousing.jp/kasi-tenpo/detail-5558977d424941055700b417/,34.3399504,134.0514047,49.5万円,495000.0,124.54㎡,124.54,,37.67,13139.0,可,中心街,大型,不明,1階・路面想定,不明,中心街・高回転型,,中心街ランチ・高回転型カフェ,41.0,1050,767250.0,2397656.0,92218.0,88.0,88.0,141.0,17894842.0,3,D,多客数が必須 / 必要月商250万円以下 / 初期投資は重め / 飲食可 / 1階・路面想定 / 中心街でも客数ハードル高め,"中心街・高回転型。必要月商2,397,656円、必要日客数88人が目安。"
西村ジョイ屋島店　１階テナント　Ｃ区画 1階,香川県高松市屋島西町,高松ハウジングサービス,https://www.takamatsuhousing.jp/kasi-tenpo/detail-680f3150c8d81631e329df64/,34.3603444,134.0966033,51.4272万円,514272.0,515.20㎡,515.2,,155.85,3300.0,確認必要,郊外,大型,店舗系,1階・路面想定,不明,大型投資・高売上必須型,,大型滞在・複合目的型カフェ,171.0,1250,797122.0,2952302.0,113550.0,91.0,91.0,164.0,102859684.0,0,D,多客数が必須 / 高売上必須 / 初期投資が重い / 飲食可否確認必要 / 1階・路面想定 / 郊外で駐車場確認必要 / 大型投資型のため慎重判断 / 席数に対する必要回転数は低め,"大型投資・高売上必須型。必要月商2,952,302円、必要日客数91人が目安。"
ソレイユ第一ビル 202,香川県高松市亀井町,高松ハウジングサービス,https://www.takamatsuhousing.jp/kasi-tenpo/detail-555897fe42494105814fab17/,34.3401075,134.0481231,53.96万円,539600.0,324.36㎡,324.36,,98.12,5499.0,可,中心街,大型,不明,不明,不明,大型投資・高売上必須型,,大型滞在・複合目的型カフェ,108.0,1250,836380.0,3097704.0,119142.0,95.0,95.0,172.0,64758476.0,0,D,多客数が必須 / 高売上必須 / 初期投資が重い / 飲食可 / 大型投資型のため慎重判断 / 席数に対する必要回転数は低め,"大型投資・高売上必須型。必要月商3,097,704円、必要日客数95人が目安。"
オフィスビルいずみ,香川県高松市上天神町,高松ハウジングサービス,https://www.takamatsuhousing.jp/kasi-tenpo/detail-60743b77298a4d7ba61a7822/,34.3115266,134.0391502,55万円,550000.0,584.00㎡,584.0,,176.66,3113.0,確認必要,準中心街,大型,事務所系,不明,不明,大型投資・高売上必須型,,大型滞在・複合目的型カフェ,194.0,1250,852500.0,3157407.0,121439.0,97.0,97.0,175.0,116595604.0,0,D,多客数が必須 / 高売上必須 / 初期投資が重い / 飲食可否確認必要 / 大型投資型のため慎重判断 / 席数に対する必要回転数は低め,"大型投資・高売上必須型。必要月商3,157,407円、必要日客数97人が目安。"
瓦町スクエアビルド ５階,香川県高松市瓦町２丁目,高松ハウジングサービス,https://www.takamatsuhousing.jp/kasi-tenpo/detail-57aa80db9732ec15a177a0ec/,34.3399504,134.0514047,83.13万円,831300.0,458.03㎡,458.03,,138.55,6000.0,確認必要,中心街,大型,不明,不明,不明,大型投資・高売上必須型,,大型滞在・複合目的型カフェ,152.0,1250,1288515.0,4772278.0,183549.0,147.0,147.0,264.0,91445693.0,0,D,多客数が必須 / 高売上必須 / 初期投資が重い / 飲食可否確認必要 / 大型投資型のため慎重判断 / 席数に対する必要回転数は低め,"大型投資・高売上必須型。必要月商4,772,278円、必要日客数147人が目安。"
ＷｅＢａｓｅ高松 B1-1F,香川県高松市瓦町１丁目,高松ハウジングサービス,https://www.takamatsuhousing.jp/kasi-tenpo/detail-6968a44f2c4b41c3593e8b9c/,34.3412277,134.051584,220万円,2200000.0,"1,038.74㎡",1038.74,,314.22,7001.0,可,中心街,大型,不明,1階・路面想定,不明,大型投資・高売上必須型,,大型滞在・複合目的型カフェ,346.0,1250,3410000.0,12629630.0,485755.0,389.0,389.0,699.0,207384449.0,0,D,多客数が必須 / 高売上必須 / 初期投資が重い / 飲食可 / 1階・路面想定 / 大型投資型のため慎重判断,"大型投資・高売上必須型。必要月商12,629,630円、必要日客数389人が目安。"
西村ジョイ屋島店　２階北 2階,香川県高松市屋島西町,高松ハウジングサービス,https://www.takamatsuhousing.jp/kasi-tenpo/detail-673304b1b1a9b138a07f12fd/,34.3603444,134.0966033,262.7571万円,2627571.0,"2,722.96㎡",2722.96,,823.7,3190.0,確認必要,郊外,大型,不明,上階・地下想定,不明,大型投資・高売上必須型,,大型滞在・複合目的型カフェ,906.0,1250,4072735.0,15084204.0,580162.0,464.0,464.0,835.0,543638984.0,0,D,多客数が必須 / 高売上必須 / 初期投資が重い / 飲食可否確認必要 / 上階・地下で集客難度あり / 郊外で駐車場確認必要 / 大型投資型のため慎重判断 / 席数に対する必要回転数は低め,"大型投資・高売上必須型。必要月商15,084,204円、必要日客数464人が目安。"
高松市 香川町川東下 の貸店舗（一部）,,瀬戸内ブルースカイ,https://www.setouchibluesky.jp/kasi-tenpo/detail-66cd2b560b0aca0019518799/,,,,,,,,,,確認必要,不明,不明,店舗系,不明,不明,家賃・面積不明型,家賃・面積不明,要問い合わせ・個別検討,,1000,,,,,,,,0,要確認,必要月商または推奨必要日客数が算定不可,家賃・面積不明型。必要月商円、必要日客数人が目安。
ＹＩビル 201,,瀬戸内ブルースカイ,https://www.setouchibluesky.jp/kasi-tenpo/detail-67711e227a66187f6e7381a5/,,,,,,,,,,確認必要,不明,不明,不明,不明,不明,家賃・面積不明型,家賃・面積不明,要問い合わせ・個別検討,,1000,,,,,,,,0,要確認,必要月商または推奨必要日客数が算定不可,家賃・面積不明型。必要月商円、必要日客数人が目安。
ソリッド 4D,,瀬戸内ブルースカイ,https://www.setouchibluesky.jp/kasi-tenpo/detail-66f2a1cb01c9da32355dd689/,,,,,,,,,,確認必要,不明,不明,不明,不明,不明,家賃・面積不明型,家賃・面積不明,要問い合わせ・個別検討,,1000,,,,,,,,0,要確認,必要月商または推奨必要日客数が算定不可,家賃・面積不明型。必要月商円、必要日客数人が目安。
富士ビル 地下１階,,瀬戸内ブルースカイ,https://www.setouchibluesky.jp/kasi-tenpo/detail-6860169eee192602e4d25557/,,,,,,,,,,確認必要,不明,不明,不明,1階・路面想定,不明,家賃・面積不明型,家賃・面積不明,要問い合わせ・個別検討,,1000,,,,,,,,0,要確認,必要月商または推奨必要日客数が算定不可,家賃・面積不明型。必要月商円、必要日客数人が目安。
プレシャス番町ビル 4F,香川県高松市番町３丁目,瀬戸内ブルースカイ,https://www.setouchibluesky.jp/kasi-tenpo/detail-68db7f1ba22de730730349b5/,34.3423736,134.0417194,15.8 万円,158000.0,86.88㎡,86.88,26.28坪,26.28,6012.0,確認必要,準中心街,中規模,不明,上階・地下想定,不明,準中心街・生活圏型,,要個別検討,26.0,1000,318000.0,908571.0,34945.0,35.0,35.0,52.0,13140000.0,19,D,推奨必要日客数80人以下 / 必要月商150万円以下 / 初期投資1500万円以下 / 飲食可否確認必要 / 上階・地下で集客難度あり / 席数に対する必要回転数は低め,"準中心街・生活圏型。必要月商908,571円、必要日客数35人が目安。"
貸倉庫 新田町倉庫西 1階,香川県高松市新田町甲,植村不動産,https://www.uemura-re.jp/kasi-other/detail-682728ded63cad74d6bc85b5/,,,22 万円,220000.0,154.50㎡,154.5,46.73坪,46.73,4708.0,確認必要,郊外,大型,倉庫・工場系,1階・路面想定,不明,大型投資・高売上必須型,,大型リノベ・複合目的型カフェ,51.0,1300,470000.0,1740741.0,66952.0,52.0,52.0,93.0,32711000.0,0,D,多客数が必須 / 必要月商250万円以下 / 初期投資が重い / 飲食可否確認必要 / 1階・路面想定 / 郊外で駐車場確認必要 / 大型投資型のため慎重判断 / 席数に対する必要回転数は低め,"大型投資・高売上必須型。必要月商1,740,741円、必要日客数52人が目安。"
貸店舗（一部） 西村ジョイ屋島店　２階北 2階,香川県高松市屋島西町,植村不動産,https://www.uemura-re.jp/kasi-tenpo/detail-6807684dece7cc2832b157bb/,34.241395,134.104442,262.7571 万円,2627571.0,"2,722.96㎡",2722.96,823.69坪,823.69,3190.0,確認必要,郊外,大型,店舗系,上階・地下想定,不明,大型投資・高売上必須型,,大型滞在・複合目的型カフェ,906.0,1250,4072735.0,15084204.0,580162.0,464.0,464.0,835.0,543635400.0,0,D,多客数が必須 / 高売上必須 / 初期投資が重い / 飲食可否確認必要 / 上階・地下で集客難度あり / 郊外で駐車場確認必要 / 大型投資型のため慎重判断 / 席数に対する必要回転数は低め,"大型投資・高売上必須型。必要月商15,084,204円、必要日客数464人が目安。"
貸店舗（一部） ソレイユ第一ビル 202,香川県高松市亀井町,植村不動産,https://www.uemura-re.jp/kasi-tenpo/detail-682727f87ecab2371a64cb05/,34.3400205,134.0501426,53.96 万円,539600.0,324.36㎡,324.36,98.11坪,98.11,5500.0,可,中心街,大型,店舗系,不明,不明,大型投資・高売上必須型,,大型滞在・複合目的型カフェ,108.0,1250,836380.0,3097704.0,119142.0,95.0,95.0,172.0,64752600.0,0,D,多客数が必須 / 高売上必須 / 初期投資が重い / 飲食可 / 大型投資型のため慎重判断 / 席数に対する必要回転数は低め,"大型投資・高売上必須型。必要月商3,097,704円、必要日客数95人が目安。"
貸店舗・事務所(一部) オフィスビルいずみ,香川県高松市上天神町,植村不動産,https://www.uemura-re.jp/kasi-tenpo/detail-684ad53f02f99e0e172ce8c6/,34.2609473,134.034365,55 万円,550000.0,584.00㎡,584.0,176.65坪,176.65,3114.0,確認必要,準中心街,大型,店舗系,不明,不明,大型投資・高売上必須型,,大型滞在・複合目的型カフェ,194.0,1250,852500.0,3157407.0,121439.0,97.0,97.0,175.0,116589000.0,0,D,多客数が必須 / 高売上必須 / 初期投資が重い / 飲食可否確認必要 / 大型投資型のため慎重判断 / 席数に対する必要回転数は低め,"大型投資・高売上必須型。必要月商3,157,407円、必要日客数97人が目安。"
貸店舗・事務所(一括) 林町テナント 1階建,香川県高松市林町,植村不動産,https://www.uemura-re.jp/kasi-tenpo/detail-698c049551f1f611e99e316a/,34.2932608,134.0667599,35 万円,350000.0,223.90㎡,223.9,67.72坪,67.72,5168.0,確認必要,郊外,大型,店舗系,1階・路面想定,不明,大型投資・高売上必須型,,大型滞在・複合目的型カフェ,74.0,1250,600000.0,2222222.0,85470.0,68.0,68.0,123.0,44695200.0,0,D,多客数が必須 / 必要月商250万円以下 / 初期投資が重い / 飲食可否確認必要 / 1階・路面想定 / 郊外で駐車場確認必要 / 大型投資型のため慎重判断 / 席数に対する必要回転数は低め,"大型投資・高売上必須型。必要月商2,222,222円、必要日客数68人が目安。"
貸店舗・事務所(一部) 近藤第２ビル 3F,香川県高松市常磐町２丁目,エムクレア,https://www.mcrea.jp/kasi-tenpo/detail-66279c9acfabdb482d0d0275/,34.3375186,134.0511328,2 万円,20000.0,27.25㎡,27.25,8.24坪,8.24,2427.0,可,中心街,極小,店舗系,上階・地下想定,不明,中心街・高単価型,,隠れ家・予約寄り高単価カフェ,7.0,1600,100000.0,344828.0,13263.0,8.0,8.0,17.0,5150000.0,92,A,推奨必要日客数20人以下 / 必要月商50万円以下 / 初期投資800万円以下 / 飲食可 / 上階・地下で集客難度あり / 小規模高単価モデル向き,"中心街・高単価型。必要月商344,828円、必要日客数8人が目安。"
貸店舗（一部） ソウゲンビル 5階南,香川県高松市鍛冶屋町,エムクレア,https://www.mcrea.jp/kasi-tenpo/detail-69cf5e9d3e48c96bbe22d527/,34.3428604,134.0487343,2.53 万円,25300.0,16.00㎡,16.0,4.83坪,4.83,5238.0,可,中心街,極小,店舗系,不明,不明,中心街・高単価型,,中心街高単価・目的来店型カフェ,4.0,1400,105300.0,339677.0,13065.0,9.0,9.0,17.0,2849700.0,100,A,推奨必要日客数20人以下 / 必要月商50万円以下 / 初期投資800万円以下 / 飲食可 / 小規模高単価モデル向き / 席数に対する必要回転数は高め,"中心街・高単価型。必要月商339,677円、必要日客数9人が目安。"
貸店舗（一部） クイーンズスクエア第２ビル 5－D,香川県高松市瓦町１丁目,エムクレア,https://www.mcrea.jp/kasi-tenpo/detail-5558977c42494231d07c6e16/,34.3178937,133.8417036,3.3 万円,33000.0,18.96㎡,18.96,5.73坪,5.73,5759.0,可,中心街,極小,店舗系,不明,不明,中心街・高単価型,,中心街高単価・目的来店型カフェ,5.0,1400,113000.0,364516.0,14020.0,10.0,10.0,18.0,3380700.0,100,A,推奨必要日客数20人以下 / 必要月商50万円以下 / 初期投資800万円以下 / 飲食可 / 小規模高単価モデル向き,"中心街・高単価型。必要月商364,516円、必要日客数10人が目安。"
貸店舗（一部） クイ－ンズスケア第一 ５階Ｇ,香川県高松市瓦町２丁目,エムクレア,https://www.mcrea.jp/kasi-tenpo/detail-5ae18c079732ec4a1d17c2d6/,34.3400205,134.0501426,3.96 万円,39600.0,21.07㎡,21.07,6.37坪,6.37,6217.0,可,中心街,極小,店舗系,不明,不明,中心街・高単価型,,中心街高単価・目的来店型カフェ,5.0,1400,119600.0,385806.0,14839.0,11.0,11.0,19.0,3758300.0,100,A,推奨必要日客数20人以下 / 必要月商50万円以下 / 初期投資800万円以下 / 飲食可 / 小規模高単価モデル向き,"中心街・高単価型。必要月商385,806円、必要日客数11人が目安。"
貸店舗（一部） クイーンズスクエア第２ビル 3-C,香川県高松市瓦町１丁目,エムクレア,https://www.mcrea.jp/kasi-tenpo/detail-5558977d4249410557f3b317/,34.3178937,133.8417036,4.4 万円,44000.0,22.47㎡,22.47,6.79坪,6.79,6480.0,可,中心街,極小,店舗系,不明,不明,中心街・高単価型,,中心街高単価・目的来店型カフェ,5.0,1400,124000.0,400000.0,15385.0,11.0,11.0,20.0,4006100.0,100,A,推奨必要日客数20人以下 / 必要月商50万円以下 / 初期投資800万円以下 / 飲食可 / 小規模高単価モデル向き / 席数に対する必要回転数は高め,"中心街・高単価型。必要月商400,000円、必要日客数11人が目安。"
貸店舗（一部） 宮脇町ビル 東,香川県高松市宮脇町１丁目,エムクレア,https://www.mcrea.jp/kasi-tenpo/detail-67c006c873b679516875e115/,34.3448764,134.0348642,4.5 万円,45000.0,44.19㎡,44.19,13.36坪,13.36,3368.0,可,準中心街,小規模,店舗系,不明,不明,準中心街・生活圏型,,要個別検討,12.0,1000,145000.0,414286.0,15934.0,16.0,16.0,24.0,6680000.0,87,A,推奨必要日客数30人以下 / 必要月商50万円以下 / 初期投資800万円以下 / 飲食可 / 席数に対する必要回転数は低め,"準中心街・生活圏型。必要月商414,286円、必要日客数16人が目安。"
貸店舗（一部） 飲食店募集　ウイングポート　１Ｆ　２０．７３㎡ 1階一部,香川県高松市香川町大野,エムクレア,https://www.mcrea.jp/kasi-tenpo/detail-6628b3b9d9cbec77c6d93594/,34.2679345,134.0181254,5 万円,50000.0,20.73㎡,20.73,6.27坪,6.27,7974.0,可,郊外,極小,店舗系,1階・路面想定,不明,低固定費・小商圏型,,テイクアウト・スタンド型カフェ,5.0,750,130000.0,325000.0,12500.0,17.0,17.0,22.0,1818300.0,95,A,推奨必要日客数30人以下 / 必要月商50万円以下 / 初期投資800万円以下 / 飲食可 / 1階・路面想定 / 郊外で駐車場確認必要 / 低客数で成立しやすい / 席数に対する必要回転数は高め,"低固定費・小商圏型。必要月商325,000円、必要日客数17人が目安。"
貸店舗（一部） クイーンズスクエア第２ビル 5-C,香川県高松市瓦町１丁目,エムクレア,https://www.mcrea.jp/kasi-tenpo/detail-5558977d4249410557f7b317/,34.3178937,133.8417036,5 万円,50000.0,26.69㎡,26.69,8.07坪,8.07,6196.0,可,中心街,極小,店舗系,不明,不明,中心街・高単価型,,中心街高単価・目的来店型カフェ,6.0,1400,130000.0,419355.0,16129.0,12.0,12.0,21.0,4761300.0,92,A,推奨必要日客数30人以下 / 必要月商50万円以下 / 初期投資800万円以下 / 飲食可 / 小規模高単価モデル向き,"中心街・高単価型。必要月商419,355円、必要日客数12人が目安。"
貸店舗（一部） クイーンズスクエア第２ビル 3-B,香川県高松市瓦町１丁目,エムクレア,https://www.mcrea.jp/kasi-tenpo/detail-555b55d54249423b71542600/,34.3178937,133.8417036,5.28 万円,52800.0,24.70㎡,24.7,7.47坪,7.47,7068.0,可,中心街,極小,店舗系,不明,不明,中心街・高単価型,,中心街高単価・目的来店型カフェ,6.0,1400,132800.0,428387.0,16476.0,12.0,12.0,21.0,4407300.0,92,A,推奨必要日客数30人以下 / 必要月商50万円以下 / 初期投資800万円以下 / 飲食可 / 小規模高単価モデル向き,"中心街・高単価型。必要月商428,387円、必要日客数12人が目安。"
貸店舗（一部） クイーンズスクエア第２ 7-B,香川県高松市瓦町１丁目,エムクレア,https://www.mcrea.jp/kasi-tenpo/detail-5558977d4249410557f8b317/,34.3178937,133.8417036,5.5 万円,55000.0,31.57㎡,31.57,9.54坪,9.54,5765.0,可,中心街,極小,店舗系,不明,不明,中心街・高単価型,,中心街高単価・目的来店型カフェ,8.0,1400,135000.0,435484.0,16749.0,12.0,12.0,22.0,5628600.0,92,A,推奨必要日客数30人以下 / 必要月商50万円以下 / 初期投資800万円以下 / 飲食可 / 小規模高単価モデル向き,"中心街・高単価型。必要月商435,484円、必要日客数12人が目安。"
貸店舗（一部） クイーンズスクエアービル第２ 6-C,香川県高松市瓦町１丁目,エムクレア,https://www.mcrea.jp/kasi-tenpo/detail-5c34354ad032a77cf332d8cd/,34.3178937,133.8417036,5.5 万円,55000.0,29.55㎡,29.55,8.93坪,8.93,6159.0,可,中心街,極小,店舗系,不明,不明,中心街・高単価型,,中心街高単価・目的来店型カフェ,7.0,1400,135000.0,435484.0,16749.0,12.0,12.0,22.0,5268700.0,92,A,推奨必要日客数30人以下 / 必要月商50万円以下 / 初期投資800万円以下 / 飲食可 / 小規模高単価モデル向き,"中心街・高単価型。必要月商435,484円、必要日客数12人が目安。"
貸店舗・事務所(一部) 高松市 今里町１丁目 (栗林公園駅) の貸店舗・事務所(一部),香川県高松市今里町１丁目,エムクレア,https://www.mcrea.jp/kasi-tenpo/detail-653cce171dae78356cd1ee74/,34.3257633,134.0570519,6 万円,60000.0,37.50㎡,37.5,11.34坪,11.34,5291.0,可,準中心街,極小,店舗系,不明,不明,準中心街・生活圏型,,要個別検討,10.0,1000,140000.0,400000.0,15385.0,15.0,15.0,23.0,5670000.0,87,A,推奨必要日客数30人以下 / 必要月商50万円以下 / 初期投資800万円以下 / 飲食可,"準中心街・生活圏型。必要月商400,000円、必要日客数15人が目安。"
貸店舗（一部） ソウゲンビル 5階,香川県高松市鍛冶屋町,エムクレア,https://www.mcrea.jp/kasi-tenpo/detail-69cf5969be5a90e31cbaa050/,34.3428604,134.0487343,6.05 万円,60500.0,31.60㎡,31.6,9.55坪,9.55,6335.0,可,中心街,極小,店舗系,不明,不明,中心街・高単価型,,中心街高単価・目的来店型カフェ,8.0,1400,140500.0,453226.0,17432.0,12.0,12.0,22.0,5634500.0,92,A,推奨必要日客数30人以下 / 必要月商50万円以下 / 初期投資800万円以下 / 飲食可 / 小規模高単価モデル向き,"中心街・高単価型。必要月商453,226円、必要日客数12人が目安。"
貸店舗（一部） クイーンズスクエア第２ 5-B,香川県高松市瓦町１丁目,エムクレア,https://www.mcrea.jp/kasi-tenpo/detail-5558977d4249410557f6b317/,34.3178937,133.8417036,6.05 万円,60500.0,32.32㎡,32.32,9.77坪,9.77,6192.0,可,中心街,極小,店舗系,不明,不明,中心街・高単価型,,中心街高単価・目的来店型カフェ,8.0,1400,140500.0,453226.0,17432.0,12.0,12.0,22.0,5764300.0,92,A,推奨必要日客数30人以下 / 必要月商50万円以下 / 初期投資800万円以下 / 飲食可 / 小規模高単価モデル向き,"中心街・高単価型。必要月商453,226円、必要日客数12人が目安。"
貸店舗（一部） 松本ビル 1階,香川県高松市室新町,エムクレア,https://www.mcrea.jp/kasi-tenpo/detail-69522eecc37dc1729e1f21f0/,34.2609473,134.034365,6.2 万円,62000.0,31.29㎡,31.29,9.46坪,9.46,6554.0,可,不明,極小,店舗系,1階・路面想定,不明,低固定費・小商圏型,,テイクアウト・スタンド型カフェ,8.0,750,142000.0,355000.0,13654.0,18.0,18.0,24.0,2743400.0,100,A,推奨必要日客数30人以下 / 必要月商50万円以下 / 初期投資800万円以下 / 飲食可 / 1階・路面想定 / 低客数で成立しやすい,"低固定費・小商圏型。必要月商355,000円、必要日客数18人が目安。"
貸店舗（一部） 小林店舗 １階　東,香川県高松市古馬場町,エムクレア,https://www.mcrea.jp/kasi-tenpo/detail-5fc8918dcab5463d5a2e7e1a/,34.3425721,134.0518077,7.15 万円,71500.0,18.90㎡,18.9,5.71坪,5.71,12522.0,可,中心街,極小,店舗系,1階・路面想定,不明,中心街・高単価型,,中心街高単価・目的来店型カフェ,5.0,1400,151500.0,488710.0,18797.0,13.0,13.0,24.0,3368900.0,100,A,推奨必要日客数30人以下 / 必要月商50万円以下 / 初期投資800万円以下 / 飲食可 / 1階・路面想定 / 小規模高単価モデル向き / 席数に対する必要回転数は高め,"中心街・高単価型。必要月商488,710円、必要日客数13人が目安。"
貸店舗（一部） ＡＫビル片原町Ⅱ　２階　北東 （２０１）,香川県高松市片原町,エムクレア,https://www.mcrea.jp/kasi-tenpo/detail-684fade320d8493430490ebe/,34.3458826,134.0543651,7.7 万円,77000.0,40.00㎡,40.0,12.09坪,12.09,6369.0,可,中心街,小規模,店舗系,上階・地下想定,不明,中心街・高単価型,,隠れ家・予約寄り高単価カフェ,11.0,1600,177000.0,610345.0,23475.0,15.0,15.0,29.0,7556250.0,79,B,推奨必要日客数30人以下 / 必要月商80万円以下 / 初期投資800万円以下 / 飲食可 / 上階・地下で集客難度あり / 小規模高単価モデル向き,"中心街・高単価型。必要月商610,345円、必要日客数15人が目安。"
貸店舗（一部） クイーンズスクエアービル第２ 7-A,香川県高松市瓦町１丁目,エムクレア,https://www.mcrea.jp/kasi-tenpo/detail-5a5c0b969732ec2c56db5cf7/,34.3178937,133.8417036,7.7 万円,77000.0,41.50㎡,41.5,12.55坪,12.55,6135.0,可,中心街,小規模,店舗系,不明,不明,中心街・高単価型,,中心街高単価・目的来店型カフェ,11.0,1400,177000.0,570968.0,21960.0,16.0,16.0,28.0,7404500.0,87,A,推奨必要日客数30人以下 / 必要月商80万円以下 / 初期投資800万円以下 / 飲食可 / 小規模高単価モデル向き,"中心街・高単価型。必要月商570,968円、必要日客数16人が目安。"
貸店舗（一部） クイ－ンズスケア第一 1階C,香川県高松市瓦町２丁目,エムクレア,https://www.mcrea.jp/kasi-tenpo/detail-68f074cf4c8c312b4b224e88/,34.3400205,134.0501426,7.7 万円,77000.0,22.16㎡,22.16,6.70坪,6.7,11493.0,可,中心街,極小,店舗系,1階・路面想定,不明,中心街・高単価型,,中心街高単価・目的来店型カフェ,5.0,1400,157000.0,506452.0,19479.0,14.0,14.0,25.0,3953000.0,95,A,推奨必要日客数30人以下 / 必要月商80万円以下 / 初期投資800万円以下 / 飲食可 / 1階・路面想定 / 小規模高単価モデル向き / 席数に対する必要回転数は高め,"中心街・高単価型。必要月商506,452円、必要日客数14人が目安。"
貸店舗（一部） 高松市 香川町寺井 (空港通り駅) の貸店舗（一部）,香川県高松市香川町寺井,エムクレア,https://www.mcrea.jp/kasi-tenpo/detail-5af17282e5a69c474d30150d/,34.2723454,134.034955,8.8 万円,88000.0,63.44㎡,63.44,19.19坪,19.19,4586.0,可,郊外,小規模,店舗系,不明,不明,低固定費・小商圏型,,小規模カフェ・テイクアウト併設,17.0,900,188000.0,494737.0,19028.0,21.0,21.0,30.0,7676000.0,87,A,推奨必要日客数30人以下 / 必要月商50万円以下 / 初期投資800万円以下 / 飲食可 / 郊外で駐車場確認必要 / 低客数で成立しやすい / 席数に対する必要回転数は低め,"低固定費・小商圏型。必要月商494,737円、必要日客数21人が目安。"
貸店舗（一部） ソリッド 4D,香川県高松市古馬場町,エムクレア,https://www.mcrea.jp/kasi-tenpo/detail-60236530f54ec10a84ccca1f/,34.3425721,134.0518077,11 万円,110000.0,42.08㎡,42.08,12.72坪,12.72,8648.0,可,中心街,小規模,店舗系,不明,不明,中心街・高単価型,,中心街高単価・目的来店型カフェ,11.0,1400,210000.0,677419.0,26055.0,19.0,19.0,33.0,7504800.0,77,B,推奨必要日客数50人以下 / 必要月商80万円以下 / 初期投資800万円以下 / 飲食可 / 小規模高単価モデル向き,"中心街・高単価型。必要月商677,419円、必要日客数19人が目安。"
貸店舗（一部） 高松市 扇町２丁目 (昭和町駅) の貸店舗（一部）,香川県高松市扇町２丁目,エムクレア,https://www.mcrea.jp/kasi-tenpo/detail-67f20f823d177354830cb311/,34.3436406,134.0266638,13.2 万円,132000.0,135.25㎡,135.25,40.91坪,40.91,3227.0,可,準中心街,大型,店舗系,不明,不明,大型投資・高売上必須型,,大型滞在・複合目的型カフェ,45.0,1250,382000.0,1414815.0,54416.0,44.0,44.0,78.0,27000600.0,10,D,推奨必要日客数80人以下 / 必要月商150万円以下 / 初期投資が重い / 飲食可 / 大型投資型のため慎重判断 / 席数に対する必要回転数は低め,"大型投資・高売上必須型。必要月商1,414,815円、必要日客数44人が目安。"
貸店舗（一部） ＡＫビル片原町Ⅱ　２階　北西 （２０２号）,香川県高松市片原町,エムクレア,https://www.mcrea.jp/kasi-tenpo/detail-684a89ea243a5b1d0deb1257/,34.3458826,134.0543651,13.2 万円,132000.0,69.48㎡,69.48,21.01坪,21.01,6283.0,可,中心街,中規模,店舗系,上階・地下想定,不明,中心街・高回転型,,中心街目的来店・回転型カフェ,21.0,1100,292000.0,858824.0,33032.0,30.0,30.0,51.0,10715100.0,34,D,推奨必要日客数80人以下 / 必要月商150万円以下 / 初期投資1500万円以下 / 飲食可 / 上階・地下で集客難度あり,"中心街・高回転型。必要月商858,824円、必要日客数30人が目安。"
貸店舗（一部） 大内ビル 1階,香川県高松市今新町,エムクレア,https://www.mcrea.jp/kasi-tenpo/detail-6833f5d6c196ea30e30ea1ee/,34.2609473,134.034365,15 万円,150000.0,69.03㎡,69.03,20.88坪,20.88,7184.0,可,中心街,中規模,店舗系,1階・路面想定,不明,中心街・高回転型,,中心街ランチ・高回転型カフェ,21.0,1050,310000.0,968750.0,37260.0,35.0,35.0,57.0,9918000.0,50,C,推奨必要日客数80人以下 / 必要月商150万円以下 / 初期投資1500万円以下 / 飲食可 / 1階・路面想定,"中心街・高回転型。必要月商968,750円、必要日客数35人が目安。"
貸店舗（一部） 常盤町Ｋ店舗 2階,香川県高松市常磐町１丁目,エムクレア,https://www.mcrea.jp/kasi-tenpo/detail-67c2a5191f9c584e0ffb8c6a/,34.3387776,134.0510854,15.4 万円,154000.0,75.44㎡,75.44,22.82坪,22.82,6748.0,可,中心街,中規模,店舗系,上階・地下想定,不明,中心街・高回転型,,中心街目的来店・回転型カフェ,23.0,1100,314000.0,923529.0,35520.0,32.0,32.0,55.0,11638200.0,34,D,推奨必要日客数80人以下 / 必要月商150万円以下 / 初期投資1500万円以下 / 飲食可 / 上階・地下で集客難度あり,"中心街・高回転型。必要月商923,529円、必要日客数32人が目安。"
貸店舗（一部） ツゥーフィートビル 5-B,香川県高松市鍛冶屋町,エムクレア,https://www.mcrea.jp/kasi-tenpo/detail-682a97c00113b83abe1a03d1/,34.3428604,134.0487343,16.5 万円,165000.0,61.62㎡,61.62,18.63坪,18.63,8857.0,可,中心街,小規模,店舗系,不明,不明,中心街・高単価型,,中心街高単価・目的来店型カフェ,17.0,1400,265000.0,854839.0,32878.0,23.0,23.0,42.0,10991700.0,59,C,推奨必要日客数50人以下 / 必要月商150万円以下 / 初期投資1500万円以下 / 飲食可 / 小規模高単価モデル向き,"中心街・高単価型。必要月商854,839円、必要日客数23人が目安。"
貸店舗（一部） 京都興産ビル ５F,香川県高松市瓦町１丁目,エムクレア,https://www.mcrea.jp/kasi-tenpo/detail-5b433431e5a69c481006210e/,34.3178937,133.8417036,16.5 万円,165000.0,116.86㎡,116.86,35.34坪,35.34,4669.0,可,中心街,大型,店舗系,不明,不明,中心街・高回転型,,中心街目的来店・回転型カフェ,39.0,1100,415000.0,1220588.0,46946.0,43.0,43.0,73.0,18023400.0,32,D,推奨必要日客数80人以下 / 必要月商150万円以下 / 初期投資は重め / 飲食可 / 席数に対する必要回転数は低め,"中心街・高回転型。必要月商1,220,588円、必要日客数43人が目安。"
貸店舗・事務所(一部) 下田井町貸店舗事務所 1階,香川県高松市下田井町,エムクレア,https://www.mcrea.jp/kasi-tenpo/detail-68f1b59cc430a27e9e0ec70f/,34.293847,134.0928756,16.5 万円,165000.0,105.56㎡,105.56,31.93坪,31.93,5168.0,可,不明,中規模,店舗系,1階・路面想定,不明,低固定費・小商圏型,,小規模カフェ・テイクアウト併設,32.0,900,325000.0,855263.0,32895.0,37.0,37.0,51.0,12772000.0,50,C,推奨必要日客数80人以下 / 必要月商150万円以下 / 初期投資1500万円以下 / 飲食可 / 1階・路面想定 / 席数に対する必要回転数は低め,"低固定費・小商圏型。必要月商855,263円、必要日客数37人が目安。"
貸店舗（一部） 錦町１丁目　小川マンション１階店舗 1階,香川県高松市錦町１丁目,エムクレア,https://www.mcrea.jp/kasi-tenpo/detail-699d42258f9bb7ed6b2b1bdd/,34.3475208,134.044579,16.5 万円,165000.0,68.00㎡,68.0,20.56坪,20.56,8025.0,可,不明,中規模,店舗系,1階・路面想定,不明,低固定費・小商圏型,,小規模カフェ・テイクアウト併設,21.0,900,325000.0,855263.0,32895.0,37.0,37.0,51.0,8224000.0,50,C,推奨必要日客数80人以下 / 必要月商150万円以下 / 初期投資1500万円以下 / 飲食可 / 1階・路面想定,"低固定費・小商圏型。必要月商855,263円、必要日客数37人が目安。"
貸店舗（一部） シャトー古馬場　２階 2階,香川県高松市古馬場町,エムクレア,https://www.mcrea.jp/kasi-tenpo/detail-5558977d424941055706b417/,34.3425721,134.0518077,16.5 万円,165000.0,65.91㎡,65.91,19.93坪,19.93,8279.0,可,中心街,小規模,店舗系,上階・地下想定,不明,中心街・高単価型,,隠れ家・予約寄り高単価カフェ,18.0,1600,265000.0,913793.0,35146.0,22.0,22.0,44.0,12456250.0,51,C,推奨必要日客数50人以下 / 必要月商150万円以下 / 初期投資1500万円以下 / 飲食可 / 上階・地下で集客難度あり / 小規模高単価モデル向き,"中心街・高単価型。必要月商913,793円、必要日客数22人が目安。"
貸店舗（一括） 高松市 屋島西町 (春日川駅) の貸店舗（一括）,香川県高松市屋島西町,エムクレア,https://www.mcrea.jp/kasi-tenpo/detail-67ba76203e48c91c26797ad3/,34.241395,134.104442,17 万円,170000.0,132.48㎡,132.48,40.07坪,40.07,4243.0,可,郊外,大型,店舗系,不明,不明,郊外・駐車場依存型,,郊外生活圏カフェ,44.0,1050,420000.0,1272727.0,48951.0,47.0,47.0,70.0,17630800.0,27,D,推奨必要日客数80人以下 / 必要月商150万円以下 / 初期投資は重め / 飲食可 / 郊外で駐車場確認必要 / 席数に対する必要回転数は低め,"郊外・駐車場依存型。必要月商1,272,727円、必要日客数47人が目安。"
貸店舗（一部） 京都興産ビル 3F,香川県高松市瓦町１丁目,エムクレア,https://www.mcrea.jp/kasi-tenpo/detail-5b432f98d032a70dc813f561/,34.3178937,133.8417036,22 万円,220000.0,116.86㎡,116.86,35.34坪,35.34,6225.0,可,中心街,大型,店舗系,上階・地下想定,不明,中心街・高回転型,,中心街目的来店・回転型カフェ,39.0,1100,470000.0,1382353.0,53167.0,48.0,48.0,82.0,18023400.0,0,D,多客数が必須 / 必要月商150万円以下 / 初期投資は重め / 飲食可 / 上階・地下で集客難度あり / 中心街でも客数ハードル高め,"中心街・高回転型。必要月商1,382,353円、必要日客数48人が目安。"
貸店舗（一部） じゃこ丸ビル ５階　南,香川県高松市西の丸町,エムクレア,https://www.mcrea.jp/kasi-tenpo/detail-681acd9ced5168205e52f3c4/,34.3488268,134.0484856,22 万円,220000.0,92.00㎡,92.0,27.82坪,27.82,7908.0,可,不明,中規模,店舗系,不明,不明,低固定費・小商圏型,,小規模カフェ・テイクアウト併設,28.0,900,380000.0,1000000.0,38462.0,43.0,43.0,60.0,11128000.0,42,D,推奨必要日客数80人以下 / 必要月商150万円以下 / 初期投資1500万円以下 / 飲食可,"低固定費・小商圏型。必要月商1,000,000円、必要日客数43人が目安。"
貸店舗・事務所(一部) パールコート 1階,香川県高松市百間町,エムクレア,https://www.mcrea.jp/kasi-tenpo/detail-69e1f4f32b1cfe70dd417739/,34.3451724,134.0528471,22 万円,220000.0,124.58㎡,124.58,37.68坪,37.68,5839.0,可,中心街,大型,店舗系,1階・路面想定,不明,中心街・高回転型,,中心街ランチ・高回転型カフェ,41.0,1050,470000.0,1468750.0,56490.0,54.0,54.0,86.0,17898000.0,10,D,多客数が必須 / 必要月商150万円以下 / 初期投資は重め / 飲食可 / 1階・路面想定 / 中心街でも客数ハードル高め,"中心街・高回転型。必要月商1,468,750円、必要日客数54人が目安。"
貸店舗（一部） 高松市 百間町 (瓦町駅) の貸店舗（一部）,香川県高松市百間町,エムクレア,https://www.mcrea.jp/kasi-tenpo/detail-68959441674fe57902cecc97/,34.3451724,134.0528471,22 万円,220000.0,124.58㎡,124.58,37.68坪,37.68,5839.0,可,中心街,大型,店舗系,不明,不明,中心街・高回転型,,中心街目的来店・回転型カフェ,41.0,1100,470000.0,1382353.0,53167.0,48.0,48.0,82.0,19216800.0,2,D,多客数が必須 / 必要月商150万円以下 / 初期投資は重め / 飲食可 / 中心街でも客数ハードル高め / 席数に対する必要回転数は低め,"中心街・高回転型。必要月商1,382,353円、必要日客数48人が目安。"
貸店舗（一括） 高松市 六条町 (水田駅) の貸店舗（一括）,香川県高松市六条町,エムクレア,https://www.mcrea.jp/kasi-tenpo/detail-58bf9517e5a69c0e2c12e0ed/,,,25 万円,250000.0,182.38㎡,182.38,55.16坪,55.16,4532.0,可,郊外,大型,店舗系,不明,不明,大型投資・高売上必須型,,大型滞在・複合目的型カフェ,61.0,1250,500000.0,1851852.0,71225.0,57.0,57.0,103.0,36405600.0,0,D,多客数が必須 / 必要月商250万円以下 / 初期投資が重い / 飲食可 / 郊外で駐車場確認必要 / 大型投資型のため慎重判断 / 席数に対する必要回転数は低め,"大型投資・高売上必須型。必要月商1,851,852円、必要日客数57人が目安。"
貸店舗（一部） 高松市 鍛冶屋町 (瓦町駅) の貸店舗（一部）,香川県高松市鍛冶屋町,エムクレア,https://www.mcrea.jp/kasi-tenpo/detail-59d30e12e5a69c6ccf3e274c/,34.3428604,134.0487343,26.4 万円,264000.0,124.23㎡,124.23,37.57坪,37.57,7027.0,可,中心街,大型,店舗系,不明,不明,中心街・高回転型,,中心街目的来店・回転型カフェ,41.0,1100,514000.0,1511765.0,58145.0,53.0,53.0,90.0,19160700.0,0,D,多客数が必須 / 必要月商250万円以下 / 初期投資は重め / 飲食可 / 中心街でも客数ハードル高め,"中心街・高回転型。必要月商1,511,765円、必要日客数53人が目安。"
貸店舗・事務所(一部) 高松市 国分寺町福家 (挿頭丘駅) の貸店舗・事務所(一部),香川県高松市国分寺町福家,エムクレア,https://www.mcrea.jp/kasi-tenpo/detail-68955a821363053550874c30/,34.2790659,133.972223,33 万円,330000.0,108.27㎡,108.27,32.75坪,32.75,10076.0,可,郊外,中規模,店舗系,不明,不明,郊外・駐車場依存型,,郊外生活圏カフェ,33.0,1050,495000.0,1500000.0,57692.0,55.0,55.0,82.0,14410000.0,17,D,多客数が必須 / 必要月商150万円以下 / 初期投資1500万円以下 / 飲食可 / 郊外で駐車場確認必要,"郊外・駐車場依存型。必要月商1,500,000円、必要日客数55人が目安。"
貸店舗（一部） ガーデンコート高松 2F,香川県高松市大工町,エムクレア,https://www.mcrea.jp/kasi-tenpo/detail-63e7433dd93d1c3663901541/,34.2609473,134.034365,33 万円,330000.0,199.51㎡,199.51,60.35坪,60.35,5468.0,可,中心街,大型,店舗系,上階・地下想定,不明,大型投資・高売上必須型,,大型滞在・複合目的型カフェ,66.0,1250,580000.0,2148148.0,82621.0,66.0,66.0,119.0,39831000.0,0,D,多客数が必須 / 必要月商250万円以下 / 初期投資が重い / 飲食可 / 上階・地下で集客難度あり / 大型投資型のため慎重判断 / 席数に対する必要回転数は低め,"大型投資・高売上必須型。必要月商2,148,148円、必要日客数66人が目安。"
貸店舗（一部） カーラビル １F,香川県高松市瓦町２丁目,エムクレア,https://www.mcrea.jp/kasi-tenpo/detail-5558977d424941055700b417/,34.3400205,134.0501426,49.5 万円,495000.0,124.54㎡,124.54,37.67坪,37.67,13140.0,可,中心街,大型,店舗系,1階・路面想定,不明,中心街・高回転型,,中心街ランチ・高回転型カフェ,41.0,1050,767250.0,2397656.0,92218.0,88.0,88.0,141.0,17893250.0,3,D,多客数が必須 / 必要月商250万円以下 / 初期投資は重め / 飲食可 / 1階・路面想定 / 中心街でも客数ハードル高め,"中心街・高回転型。必要月商2,397,656円、必要日客数88人が目安。"
貸店舗（一部） ソレイユ第一ビル 202,香川県高松市亀井町,エムクレア,https://www.mcrea.jp/kasi-tenpo/detail-555897fe42494105814fab17/,34.3400205,134.0501426,53.96 万円,539600.0,324.36㎡,324.36,98.11坪,98.11,5500.0,可,中心街,大型,店舗系,不明,不明,大型投資・高売上必須型,,大型滞在・複合目的型カフェ,108.0,1250,836380.0,3097704.0,119142.0,95.0,95.0,172.0,64752600.0,0,D,多客数が必須 / 高売上必須 / 初期投資が重い / 飲食可 / 大型投資型のため慎重判断 / 席数に対する必要回転数は低め,"大型投資・高売上必須型。必要月商3,097,704円、必要日客数95人が目安。"
貸店舗（一部） ＷｅＢａｓｅ高松 B1-1F,香川県高松市瓦町１丁目,エムクレア,https://www.mcrea.jp/kasi-tenpo/detail-6968a44f2c4b41c3593e8b9c/,34.3178937,133.8417036,220 万円,2200000.0,"1,038.74㎡",1038.74,314.21坪,314.21,7002.0,可,中心街,大型,店舗系,1階・路面想定,不明,大型投資・高売上必須型,,大型滞在・複合目的型カフェ,346.0,1250,3410000.0,12629630.0,485755.0,389.0,389.0,699.0,207378600.0,0,D,多客数が必須 / 高売上必須 / 初期投資が重い / 飲食可 / 1階・路面想定 / 大型投資型のため慎重判断,"大型投資・高売上必須型。必要月商12,629,630円、必要日客数389人が目安。"
高松市 賃貸店舗・事務所,高松市百間町9-13,テナントショップ,https://www.tenant-shop.jp/detail/e-527623/,34.3451724,134.0528471,22.00万円～,220000.0,-,,(坪単価：0.58万円),0.58,379310.0,可,中心街,極小,店舗系,不明,不明,中心街・高単価型,,中心街高単価・目的来店型カフェ,4.0,1400,319000.0,1029032.0,39578.0,28.0,28.0,51.0,342200.0,57,C,推奨必要日客数80人以下 / 必要月商150万円以下 / 初期投資800万円以下 / 飲食可 / 小規模高単価モデル向き / 席数に対する必要回転数は高め,"中心街・高単価型。必要月商1,029,032円、必要日客数28人が目安。"
