competitor_id,store_name,source,genre,address,rating,review_count,business_hours,closed_days,url,memo,lat,lng
TBL00001,umie,tabelog,高松築港、片原町（高松）、高松 / カフェ,高松市北浜町3-2北浜alley内,,349.0,,,https://tabelog.com/kagawa/A3701/A370101/37000531/,source=tabelog; import_method=script,34.35111453028,134.056330953751
TBL00002,南珈琲店,tabelog,瓦町、片原町（高松）、今橋 / カフェ,高松市南新町3-4２Ｆ,,260.0,,,https://tabelog.com/kagawa/A3701/A370101/37003112/,source=tabelog; import_method=script,34.340834167945,134.049232990504
TBL00003,掬月亭,tabelog,栗林公園北口、栗林公園、栗林 / 甘味処,高松市栗林町1-20-16栗林公園内,,134.0,,,https://tabelog.com/kagawa/A3701/A370101/37000927/,source=tabelog; import_method=script,34.329638376054,134.045692139326
TBL00004,三びきの子ぶた,tabelog,瓦町、栗林、今橋 / カフェ,高松市常磐町1-4-9,,224.0,,,https://tabelog.com/kagawa/A3701/A370101/37003080/,source=tabelog; import_method=script,34.338805915014,134.051643709676
TBL00005,まちのシューレ 963 カフェ,tabelog,片原町（高松）、瓦町、高松築港 / カフェ,高松市丸亀町13-3高松丸亀町参番街東館 2F,,121.0,,,https://tabelog.com/kagawa/A3701/A370101/37005810/,source=tabelog; import_method=script,34.344431387421,134.050395476655
TBL00006,コーヒーサロン 皇帝,tabelog,片原町（高松）、高松築港、高松 / 喫茶店,高松市兵庫町11-5,,124.0,,,https://tabelog.com/kagawa/A3701/A370101/37004429/,source=tabelog; import_method=script,34.345992894073,134.049778987677
TBL00007,甘味茶屋 ぶどうの木,tabelog,片原町（高松）、高松築港、瓦町 / 甘味処,,,124.0,,,https://tabelog.com/kagawa/A3701/A370101/37003114/,source=tabelog; import_method=script,,
TBL00008,峰山ハチミツ,tabelog,栗林公園北口、昭和町、香西 / カフェ,高松市峰山町1838-266,,58.0,,,https://tabelog.com/kagawa/A3701/A370101/37008556/,source=tabelog; import_method=script,34.332642366333,134.024963441316
TBL00009,珈琲美人 文月,tabelog,林道、木太東口 / 喫茶店,高松市木太町828-1,,117.0,,,https://tabelog.com/kagawa/A3701/A370101/37002702/,source=tabelog; import_method=script,34.31692885436,134.071552154641
TBL00010,CAFE LOURDES,tabelog,片原町（高松）、高松築港、高松 / カフェ,高松市兵庫町1-15富貴ビル2F,,118.0,,,https://tabelog.com/kagawa/A3701/A370101/37006321/,source=tabelog; import_method=script,34.346328673114,134.049823830859
TBL00011,グレコ,tabelog,瓦町、栗林、栗林公園北口 / 喫茶店,高松市田町11-2,,89.0,,,https://tabelog.com/kagawa/A3701/A370101/37004273/,source=tabelog; import_method=script,34.337534757488,134.049009864241
TBL00012,逸珈琲,tabelog,元山（高松）、木太東口、水田 / 喫茶店,高松市林町1545-1,,67.0,,,https://tabelog.com/kagawa/A3701/A370101/37001167/,source=tabelog; import_method=script,34.304889088639,134.071048234622
TBL00013,グッドネイバーズコーヒー 高松店,tabelog,太田（高松）、伏石 / カフェ,高松市多肥下町1552-26,,111.0,,,https://tabelog.com/kagawa/A3701/A370101/37008918/,source=tabelog; import_method=script,34.300738454005,134.058641592999
TBL00014,Lunch & Sweets STORY,tabelog,林道 / カフェ,高松市松縄町1074-6シャ-メゾン シュロス松縄 1F,,52.0,,,https://tabelog.com/kagawa/A3701/A370101/37011725/,source=tabelog; import_method=script,34.318373894467,134.063453056879
TBL00015,くつわ堂 総本店,tabelog,片原町（高松）、高松築港、高松 / 喫茶店,高松市片原町1-2,,76.0,,,https://tabelog.com/kagawa/A3701/A370101/37005297/,source=tabelog; import_method=script,34.346191042264,134.050850949274
TBL00016,アンデルセン,tabelog,六万寺、八栗、古高松南 / 喫茶店,高松市牟礼町牟礼974-7,,70.0,,,https://tabelog.com/kagawa/A3701/A370101/37004958/,source=tabelog; import_method=script,34.343187219623,134.129350070902
TBL00017,ジャラク コーヒー&カカオ,tabelog,元山（高松）、伏石、木太東口 / カフェ,高松市林町2537-10ユメックスCUBE内,,72.0,,,https://tabelog.com/kagawa/A3701/A370101/37010482/,source=tabelog; import_method=script,34.305687045821,134.066540028
TBL00018,カフェコンディトライ＆レスト シカ,tabelog,国分 / カフェ,高松市国分寺町新名7-1,,84.0,,,https://tabelog.com/kagawa/A3701/A370101/37003222/,source=tabelog; import_method=script,34.296200952631,133.946563142327
TBL00019,tri cafe,tabelog,片原町（高松）、高松築港、高松 / カフェ,高松市兵庫町1-3２Ｆ,,69.0,,,https://tabelog.com/kagawa/A3701/A370101/37003092/,source=tabelog; import_method=script,34.346279429433,134.049901698739
TBL00020,城の眼,tabelog,片原町（高松）、高松築港、瓦町 / 喫茶店,高松市紺屋町2-4,,68.0,,,https://tabelog.com/kagawa/A3701/A370101/37002683/,source=tabelog; import_method=script,34.344588045191,134.048731333599
TBL00021,プロバンス・ブルー,tabelog,高松市 /カフェ・喫茶店(カフェ)、レストラン,高松市屋島東町32-9,3.08,18.0,,,https://tabelog.com/kagawa/A3701/A370101/37001008/,source=tabelog; import_method=script,34.370102809914,134.107616801796
TBL00022,CAFE Lululu,tabelog,高松市 /カフェ・喫茶店(カフェ),高松市高松町2487-10,3.33,29.0,,,https://tabelog.com/kagawa/A3701/A370101/37012232/,source=tabelog; import_method=script,34.33869724364,134.109799617021
TBL00023,dot．,tabelog,高松市 / バー、ダイニングバー、カフェ・喫茶店(カフェ),高松市古馬場町1-11キタジマビル 2F,3.14,33.0,,,https://tabelog.com/kagawa/A3701/A370101/37001113/,source=tabelog; import_method=script,34.343169869084,134.051125456603
TBL00024,cafe SORAのいろ,tabelog,高松市 /カフェ・喫茶店(カフェ),高松市前田西町697,3.33,34.0,,,https://tabelog.com/kagawa/A3701/A370101/37011824/,source=tabelog; import_method=script,34.306414930293,134.111001498118
TBL00025,5デイズコーヒー,tabelog,高松市 /カフェ・喫茶店(カフェ)、洋食、バル,高松市鍛冶屋町1-112F,3.26,56.0,,,https://tabelog.com/kagawa/A3701/A370101/37009320/,source=tabelog; import_method=script,34.343462397504,134.049183621094
TBL00026,サテンドール,tabelog,高松市 /カフェ・喫茶店(喫茶店),高松市塩上町1-1-23佐藤ビル １F,3.07,12.0,,,https://tabelog.com/kagawa/A3701/A370101/37005624/,source=tabelog; import_method=script,34.339160050423,134.053562075856
TBL00027,モスバーガー フレスポ高松店,tabelog,高松市 / ハンバーガー、カフェ・喫茶店(カフェ),高松市東山崎町668-1,3.04,20.0,,,https://tabelog.com/kagawa/A3701/A370101/37005472/,source=tabelog; import_method=script,34.308912360253,134.091727730861
TBL00028,世界劇場,tabelog,高松市 /カフェ・喫茶店(カフェ),高松市古馬場町13-7ル-ベルビル 4F,3.08,10.0,,,https://tabelog.com/kagawa/A3701/A370101/37013284/,source=tabelog; import_method=script,34.341952230009,134.05140449016
TBL00029,くるみ,tabelog,高松市 /カフェ・喫茶店(カフェ)、サンドイッチ,高松市川島東町523-4,3.37,56.0,,,https://tabelog.com/kagawa/A3701/A370101/37008393/,source=tabelog; import_method=script,34.275719101669,134.100512887398
TBL00030,名物かまど 高松郷東店,tabelog,高松市 / ケーキ、和菓子、カフェ・喫茶店(カフェ),高松市郷東町17-7,3.03,14.0,,,https://tabelog.com/kagawa/A3701/A370101/37007002/,source=tabelog; import_method=script,34.341782203103,134.015120656237
TBL00031,テンペル,tabelog,高松市 /カフェ・喫茶店(カフェ),高松市塩上町1-3-18,3.07,11.0,,,https://tabelog.com/kagawa/A3701/A370101/37010713/,source=tabelog; import_method=script,34.338043413282,134.0532033304
TBL00032,珈琲倶楽部 欅,tabelog,高松市 /カフェ・喫茶店(喫茶店),,3.07,11.0,,,https://tabelog.com/kagawa/A3701/A370101/37003115/,source=tabelog; import_method=script,,
TBL00033,みち草,tabelog,高松市 /カフェ・喫茶店(喫茶店)、うどん、丼,,3.06,12.0,,,https://tabelog.com/kagawa/A3701/A370101/37004368/,source=tabelog; import_method=script,,
TBL00034,Coffee House JUN,tabelog,高松市 /カフェ・喫茶店(喫茶店),,3.15,15.0,,,https://tabelog.com/kagawa/A3701/A370101/37004540/,source=tabelog; import_method=script,,
TBL00035,Kid coffee,tabelog,高松市 /カフェ・喫茶店(カフェ),,3.08,10.0,,,https://tabelog.com/kagawa/A3701/A370101/37013682/,source=tabelog; import_method=script,,
TBL00036,M珈琲,tabelog,高松市 /カフェ・喫茶店(カフェ),,3.21,16.0,,,https://tabelog.com/kagawa/A3701/A370101/37013089/,source=tabelog; import_method=script,,
TBL00037,喫茶 権べ衛,tabelog,高松市 /カフェ・喫茶店(喫茶店),,3.11,16.0,,,https://tabelog.com/kagawa/A3701/A370101/37009499/,source=tabelog; import_method=script,,
TBL00038,ホワイトマリン,tabelog,高松市 /カフェ・喫茶店(喫茶店),,3.11,11.0,,,https://tabelog.com/kagawa/A3701/A370101/37002613/,source=tabelog; import_method=script,,
TBL00039,珈琲焙煎卸工房ビオス 屋島店,tabelog,高松市 /カフェ・喫茶店(コーヒースタンド)、パン,,3.1,12.0,,,https://tabelog.com/kagawa/A3701/A370101/37010240/,source=tabelog; import_method=script,,
TBL00040,チャフ,tabelog,高松市 /カフェ・喫茶店(カフェ)、スイーツ,,3.23,53.0,,,https://tabelog.com/kagawa/A3701/A370101/37003349/,source=tabelog; import_method=script,,
hotpepper_J000874715,ホテルビュッフェ カフェ＆レストラン ヴァン Vent,hotpepper,洋食,香川県高松市浜ノ町1-1,,,月～日、祝日: 11:00～16:0017:30～21:00,なし,https://www.hotpepper.jp/strJ000874715/?vos=nhppalsa000016,"hotpepper_id=J000874715 | name_kana=ほてるびゅっふぇ　かふぇあんどれすとらん　ばん | station_name=高松 | access=JR高松駅徒歩１分/ことでん高松築港駅徒歩１分 | budget=4001～5000円 | parking=あり ：3,000円以上のご利用でホテル地下駐車場3時間、市営駐車場2時間の無料券進呈 | wifi=あり | card=利用可 | non_smoking=全面禁煙 | middle_area_query=Y650 | middle_area_code=Y650 | middle_area_name=高松市中心部 | small_area_code=X650 | small_area_name=高松駅・北浜 | lat=34.3519695815 | lng=134.0483818637 | photo_url=https://imgfp.hotp.jp/IMGH/36/58/P050303658/P050303658_238.jpg | catch=広々とした店内 シェフの技が魅せる料理 | genre_catch=ブッフェ",34.3519695815,134.0483818637
hotpepper_J004536957,酒蔵 伍と弐 天,hotpepper,ダイニングバー・バル,香川県高松市サンポート2-1 シンボルタワー棟 29階,,,月、火、木～日、祝日、祝前日: 10:00～23:45 （料理L.O. 23:00 ドリンクL.O. 23:00）水: 10:00～17:00 （料理L.O. 16:30 ドリンクL.O. 16:30）,なし,https://www.hotpepper.jp/strJ004536957/?vos=nhppalsa000016,hotpepper_id=J004536957 | name_kana=さかぐら　ごとに　てん | station_name=高松 | access=ＪＲ高松(香川)駅出口より徒歩約3分 | budget=5001～6000円 | parking=あり ：公共有料駐車場有 | wifi=なし | card=利用不可 | non_smoking=全面禁煙 | middle_area_query=Y650 | middle_area_code=Y650 | middle_area_name=高松市中心部 | small_area_code=X650 | small_area_name=高松駅・北浜 | lat=34.3524175468 | lng=134.0465992293 | photo_url=https://imgfp.hotp.jp/IMGH/14/76/P049541476/P049541476_238.jpg | catch=天空で過ごす至福の時◎ 選りすぐりの日本酒 | genre_catch=地上29階の絶景◎希少な銘酒とワインを♪,34.3524175468,134.0465992293
hotpepper_J000973562,カフェスタイル ハヅキ Cafe Style Hazuki,hotpepper,中華,香川県高松市北浜町12-7　N.Y GALLERY　※グレースマーケット,,,水、木: 11:00～15:00 （料理L.O. 14:00 ドリンクL.O. 14:30）17:00～翌0:00 （料理L.O. 20:00 ドリンクL.O. 20:30）金: 11:00～15:00 （料理L.O. 15:00 ドリンクL.O. 15:00）17:00～翌0:00 （料理L.O. 20:00 ドリンクL.O. 20:30）土: 11:00～翌0:00 （料理L.O. 20:00 ドリンクL.O. 20:30）日: 11:00～翌0:00 （料理L.O. 17:00 ドリンクL.O. 17:00）祝日: 11:00～翌0:00,月、火,https://www.hotpepper.jp/strJ000973562/?vos=nhppalsa000016,hotpepper_id=J000973562 | name_kana=かふぇすたいるはづき | station_name=高松 | access=北浜アリーから南へ徒歩1分。N.Y GALLERY/高松駅から徒歩15分/アルファあなぶきホールから徒歩3分 | budget=3001～4000円 | parking=あり ：※わからない場合はお声かけ下さい | wifi=あり | card=利用不可 | non_smoking=全面禁煙 | middle_area_query=Y650 | middle_area_code=Y650 | middle_area_name=高松市中心部 | small_area_code=X650 | small_area_name=高松駅・北浜 | lat=34.3498933212 | lng=134.0561104128 | photo_url=https://imgfp.hotp.jp/IMGH/72/54/P030297254/P030297254_238.jpg | catch=絶品揃い！HAZUKIランチ♪ メッセージプレートも★ | genre_catch=昼も夜も貸切パーティならカフェハヅキ！,34.3498933212,134.0561104128
hotpepper_J003624980,LLOYDS,hotpepper,イタリアン・フレンチ,香川県高松市瓦町１-10-8,,,月、木～日、祝日、祝前日: 17:30～22:00 （料理L.O. 20:00 ドリンクL.O. 20:00）,火、水,https://www.hotpepper.jp/strJ003624980/?vos=nhppalsa000016,hotpepper_id=J003624980 | name_kana=ろいず | station_name=瓦町 | access=高松琴平電気鉄道琴平線／高松琴平電気鉄道志度線／高松琴平電気鉄道長尾線／空港バス瓦町駅出口より徒歩約3分 | budget=7001～8000円 | parking=なし ：周辺にはコインパーキングが多数ございます。 | wifi=あり | card=利用可 | non_smoking=全面禁煙 | middle_area_query=Y650 | middle_area_code=Y650 | middle_area_name=高松市中心部 | small_area_code=XS00 | small_area_name=瓦町 | lat=34.3415210862 | lng=134.0500645485 | photo_url=https://imgfp.hotp.jp/IMGH/83/86/P045378386/P045378386_238.jpg | catch=クラシカル×斬新が融合 こだわりワインを取り揃え | genre_catch=高松の中心地で本格フレンチディナー,34.3415210862,134.0500645485
hotpepper_J004403585,SETO rama セトラマ,hotpepper,カフェ・スイーツ,香川県高松市浜ノ町49-20 LIVLOV2階,,,月、水～日、祝日、祝前日: 11:00～17:00 （料理L.O. 16:00 ドリンクL.O. 16:00）,火、水（第１・第３）,https://www.hotpepper.jp/strJ004403585/?vos=nhppalsa000016,hotpepper_id=J004403585 | name_kana=せとらま | station_name=高松 | access=LIVLOV2階。JR「高松駅」より徒歩10分。「ことでんバス」市民病院ループバス西廻り、大的場停留所より徒歩5分。 | budget=1001～1500円 | parking=あり | wifi=なし | card=利用可 | non_smoking=全面禁煙 | middle_area_query=Y650 | middle_area_code=Y650 | middle_area_name=高松市中心部 | small_area_code=X650 | small_area_name=高松駅・北浜 | lat=34.3528609022 | lng=134.0372600417 | photo_url=https://imgfp.hotp.jp/IMGH/49/22/P047834922/P047834922_238.jpg | catch=特別な絶景ソファー 癒やしの空間で一人カフェ | genre_catch=瀬戸内海を望む景色が魅力のおしゃれカフェ,34.3528609022,134.0372600417
hotpepper_J001170611,L'cafe TAKAMATSU エルカフェ タカマツ,hotpepper,ダイニングバー・バル,香川県高松市丸亀町14-6　弐番街2号館4F,,,月～日、祝日、祝前日: 09:00～23:00 （料理L.O. 22:30 ドリンクL.O. 22:30）,※火曜定休（予約の際は営業しますのでお気軽にお問い合わせください）お急ぎの際はLINE@に連絡くださいませ！,https://www.hotpepper.jp/strJ001170611/?vos=nhppalsa000016,"hotpepper_id=J001170611 | name_kana=えるかふぇ　たかまつ | station_name=高松 | access=丸亀町商店街内、1Fにドトールと2Fにガストが入ってるビルの4Fです | budget=4001～5000円 | parking=なし ：近隣にコインパーキング有 | wifi=あり | card=利用可 | non_smoking=全面禁煙 | middle_area_query=Y650 | middle_area_code=Y650 | middle_area_name=高松市中心部 | small_area_code=XS0E | small_area_name=鍛冶屋町 | lat=34.3450798568 | lng=134.0504838422 | photo_url=https://imgfp.hotp.jp/IMGH/56/88/P032965688/P032965688_238.jpg | catch=ムービー演出ＯＫ♪ 最大80名までＯＫ！ | genre_catch=年間貸切実績""120本""のCafeスペース",34.3450798568,134.0504838422
hotpepper_J001200495,Su'z Cafe,hotpepper,居酒屋,香川県高松市昭和町２-13-1,,,月～日: 11:00～15:30 （料理L.O. 15:00 ドリンクL.O. 15:00）17:00～22:30 （料理L.O. 22:00 ドリンクL.O. 22:00）,なし,https://www.hotpepper.jp/strJ001200495/?vos=nhppalsa000016,hotpepper_id=J001200495 | name_kana=すーずかふぇ | station_name=昭和町 | access=香川大学教育学部と法学部の間の道を西へ、シウンカフェさんを西に進むとある踏切付近。 | budget=3001～4000円 | parking=あり ：屋根付き駐車場を店舗向かいにご用意しております。 | wifi=あり | card=利用可 | non_smoking=全面禁煙 | middle_area_query=Y650 | middle_area_code=Y650 | middle_area_name=高松市中心部 | small_area_code=XS02 | small_area_name=高松市中心部その他 | lat=34.3424328071 | lng=134.0319708427 | photo_url=https://imgfp.hotp.jp/IMGH/85/71/P049278571/P049278571_238.jpg | catch=ランチもディナーも大人気 単品メニューも充実♪ | genre_catch=高松で本格ネパール料理が堪能できるカフェ,34.3424328071,134.0319708427
hotpepper_J001110572,カラオケパラダイス 香西店,hotpepper,カラオケ・パーティ,香川県高松市郷東町１２-８,,,月～木、日、祝日: 12:00～翌3:00 （料理L.O. 翌2:00 ドリンクL.O. 翌2:30）金、土、祝前日: 12:00～翌5:00 （料理L.O. 翌4:00 ドリンクL.O. 翌4:30）,なし,https://www.hotpepper.jp/strJ001110572/?vos=nhppalsa000016,hotpepper_id=J001110572 | name_kana=からおけぱらだいす　こうざいてん | station_name=香西 | access=ミラクルタウンより南へ車ですぐ（徒歩4分）/JR香西駅より徒歩8分 | budget=1501～2000円 | parking=あり ：全15台 | wifi=あり | card=利用可 | non_smoking=全面禁煙 | middle_area_query=Y650 | middle_area_code=Y650 | middle_area_name=高松市中心部 | small_area_code=XS02 | small_area_name=高松市中心部その他 | lat=34.3428685022 | lng=134.0152828613 | photo_url=https://imgfp.hotp.jp/IMGH/84/66/P044608466/P044608466_238.jpg | catch=★平日昼最大1時間0円★ 【～7/31】飲み放20％OFF | genre_catch=高松/香西 驚愕の料金★カラオケ ,34.3428685022,134.0152828613
hotpepper_J000962260,レガーロ 高松,hotpepper,ダイニングバー・バル,香川県高松市丸亀町14-6　弐番街2号館3F,,,火～日、祝日、祝前日: 11:00～14:30 （料理L.O. 14:00 ドリンクL.O. 14:00）17:00～22:00 （料理L.O. 21:00 ドリンクL.O. 21:30）,月,https://www.hotpepper.jp/strJ000962260/?vos=nhppalsa000016,hotpepper_id=J000962260 | name_kana=ぐりるあんどわいん　れがーろ | station_name=高松 | access=丸亀町壱番街ドームを南へ。弐番街ドトールコーヒーの３階 | budget=3001～4000円 | parking=なし ：近くに駐車場があります。 | wifi=なし | card=利用可 | non_smoking=全面禁煙 | middle_area_query=Y650 | middle_area_code=Y650 | middle_area_name=高松市中心部 | small_area_code=XS02 | small_area_name=高松市中心部その他 | lat=34.345136238 | lng=134.0504277342 | photo_url=https://imgfp.hotp.jp/IMGH/56/25/P048375625/P048375625_238.jpg | catch=◆バースデープレート ◆弁当・アラカルトの登場 | genre_catch=美味しいワインと鉄板焼きのお店,34.345136238,134.0504277342
hotpepper_J000987902,Cafe&Dining GAO カフェ&ダイニング ガオ 高松,hotpepper,居酒屋,香川県高松市古新町10-11　 寿屋ビル1F,,,月～木: 11:30～14:00 （料理L.O. 13:30 ドリンクL.O. 13:30）18:00～翌1:00金、土、祝日: 18:00～翌1:00,日,https://www.hotpepper.jp/strJ000987902/?vos=nhppalsa000016,hotpepper_id=J000987902 | name_kana=けっこんしきにじかいかしきりえんかいにじかいかふぇだいにんぐがお | station_name=片原町 | access=リーガホテルゼスト裏（東）丸亀町商店街「三越」から徒歩約5分♪  | budget=2001～3000円 | parking=なし ：駐車場はございません。丸亀町くるりん駐車場などご利用ください。 | wifi=あり | card=利用可 | non_smoking=一部禁煙 | middle_area_query=Y650 | middle_area_code=Y650 | middle_area_name=高松市中心部 | small_area_code=XS02 | small_area_name=高松市中心部その他 | lat=34.3453675717 | lng=134.0491125654 | photo_url=https://imgfp.hotp.jp/IMGH/77/98/P039817798/P039817798_238.jpg | catch=いつでもノーチャージ★★ お一人様でも入りやすい♪ | genre_catch=貸切OK♪女子会・宴会・パーティ4000円～♪,34.3453675717,134.0491125654
hotpepper_J000972964,虎徹 高松,hotpepper,居酒屋,香川県高松市鍛冶屋町4-1 フェスタ2ビル4F,,,月～土、祝日、祝前日: 17:00～翌0:00 （料理L.O. 23:30 ドリンクL.O. 23:30）,日,https://www.hotpepper.jp/strJ000972964/?vos=nhppalsa000016,hotpepper_id=J000972964 | name_kana=こてつ　かじやまち | station_name=瓦町 | access=丸亀町通スターバックス角を西へ10m→1F「丸豆珈琲」があるビルの4F  | budget=4001～5000円 | parking=なし ：※近隣にコインパーキングが有ります。 | wifi=なし | card=利用可 | non_smoking=全面禁煙 | middle_area_query=Y650 | middle_area_code=Y650 | middle_area_name=高松市中心部 | small_area_code=XS0E | small_area_name=鍛冶屋町 | lat=34.3430178426 | lng=134.0492626272 | photo_url=https://imgfp.hotp.jp/IMGH/91/77/P037729177/P037729177_238.jpg | catch=全室完全個室【全面禁煙】 お一人様一皿のコース料理 | genre_catch=全席完全個室のコース料理専門居酒屋,34.3430178426,134.0492626272
hotpepper_J001267156,アイスビストロヒライ,hotpepper,カフェ・スイーツ,香川県高松市塩屋町8-3,,,月～日: 09:00～19:00,年中無休,https://www.hotpepper.jp/strJ001267156/?vos=nhppalsa000016,hotpepper_id=J001267156 | name_kana=あいすびすとろひらい | station_name=瓦町 | access=琴電瓦町駅から徒歩３分 | budget= | parking=あり ：4台 | wifi=なし | card=利用可 | non_smoking=全面禁煙 | middle_area_query=Y650 | middle_area_code=Y650 | middle_area_name=高松市中心部 | small_area_code=XS00 | small_area_name=瓦町 | lat=34.3404215864 | lng=134.0544869701 | photo_url=https://imgfp.hotp.jp/IMGH/01/39/P037610139/P037610139_238.jpg | catch=テイクアウトも可能です◎ 店内でのカフェ利用も◎ | genre_catch=アイスが好きな人の為のアイスが主役のお店,34.3404215864,134.0544869701
hotpepper_J001179569,お野菜食堂 SOHSOH 丸亀町グリーン店,hotpepper,カフェ・スイーツ,香川県高松市丸亀町8-28 丸亀町グリーン東館2F,,,月～日、祝日、祝前日: 11:00～22:00 （料理L.O. 21:00 ドリンクL.O. 21:30）,丸亀町グリーンに準ずる,https://www.hotpepper.jp/strJ001179569/?vos=nhppalsa000016,hotpepper_id=J001179569 | name_kana=おやさいしょくどうそうそうまるがめまちぐりーんてん | station_name=瓦町 | access=丸亀町グリーン東館2F エスカレーター正面 | budget=1001～1500円 | parking=あり ：丸亀町グリーン駐車場(3000円以上のお買いもので1時間無料) | wifi=なし | card=利用可 | non_smoking=全面禁煙 | middle_area_query=Y650 | middle_area_code=Y650 | middle_area_name=高松市中心部 | small_area_code=XS02 | small_area_name=高松市中心部その他 | lat=34.3423104364 | lng=134.0498662075 | photo_url=https://imgfp.hotp.jp/IMGH/52/53/P028735253/P028735253_238.jpg | catch=15時～18時の間はお得！！ お一人様でも大歓迎 | genre_catch=旬のやさいと調理法にもこだわるお野菜食堂,34.3423104364,134.0498662075
hotpepper_J001200835,dot. ドット,hotpepper,ダイニングバー・バル,香川県高松市古馬場町1-11　キタジマビル2F,,,月: 18:00～翌1:00火～日、祝日、祝前日: 18:00～翌2:00,ご予約カレンダーをご参照くださいませ。,https://www.hotpepper.jp/strJ001200835/?vos=nhppalsa000016,hotpepper_id=J001200835 | name_kana=どっと | station_name=瓦町 | access=片原町駅から400ｍ瓦町駅から500ｍ | budget=2001～3000円 | parking=なし ：近隣のコインパーキングをご利用くださいませ。 | wifi=あり | card=利用可 | non_smoking=禁煙席なし | middle_area_query=Y650 | middle_area_code=Y650 | middle_area_name=高松市中心部 | small_area_code=XS0E | small_area_name=鍛冶屋町 | lat=34.3432178602 | lng=134.0511032913 | photo_url=https://imgfp.hotp.jp/IMGH/96/90/P034069690/P034069690_238.jpg | catch=雰囲気◎シーン毎に利用可 アラカルトメニューも充実 | genre_catch=夜カフェにも女子会にも各種宴会にも◎,34.3432178602,134.0511032913
hotpepper_J001277950,MAX CAFE 高松駅前店,hotpepper,カフェ・スイーツ,香川県高松市錦町１-8-9 ホテルリブマックス高松駅前1F,,,月～日、祝日、祝前日: 10:00～17:00,なし,https://www.hotpepper.jp/strJ001277950/?vos=nhppalsa000016,hotpepper_id=J001277950 | name_kana=まっくすかふぇたかまつえきまえてん | station_name=高松 | access=ＪＲ高松(香川)駅正面口より徒歩約10分 | budget=501～1000円 | parking=なし | wifi=未確認 | card=利用不可 | non_smoking=全面禁煙 | middle_area_query=Y650 | middle_area_code=Y650 | middle_area_name=高松市中心部 | small_area_code=X650 | small_area_name=高松駅・北浜 | lat=34.3476033361 | lng=134.044924809 | photo_url=https://imgfp.hotp.jp/IMGH/92/51/P038209251/P038209251_238.jpg | catch= | genre_catch=おいしいコーヒーとサンドイッチ＆スイーツ,34.3476033361,134.044924809
hotpepper_J003609005,自家焙煎　陽だまり珈琲,hotpepper,カフェ・スイーツ,香川県高松市観光通２丁目9－8,,,月～水、金～日、祝日、祝前日: 09:00～18:00 （料理L.O. 17:30）,木,https://www.hotpepper.jp/strJ003609005/?vos=nhppalsa000016,hotpepper_id=J003609005 | name_kana=ジカバイセン　ヒダマリコーヒー | station_name=花園 | access=花園駅から徒歩5分 瓦町駅から徒歩12分 | budget=1001～1500円 | parking=あり ：約20台 | wifi=あり | card=利用可 | non_smoking=全面禁煙 | middle_area_query=Y650 | middle_area_code=Y650 | middle_area_name=高松市中心部 | small_area_code=XS01 | small_area_name=栗林・観光通り周辺 | lat=34.3356338643 | lng=134.0574915794 | photo_url=https://imgfp.hotp.jp/IMGH/63/83/P042456383/P042456383_238.jpg | catch= | genre_catch=自家焙煎珈琲が自慢の和風カフェ,34.3356338643,134.0574915794
hotpepper_J001159031,MJ BOOK CAFE 高松店,hotpepper,カフェ・スイーツ,香川県高松市常磐町１－3－1　 瓦町FLAG 3F,,,月～日、祝日、祝前日: 10:00～20:00 （料理L.O. 19:00 ドリンクL.O. 19:30）,フラッグ休館日に準ずる,https://www.hotpepper.jp/strJ001159031/?vos=nhppalsa000016,hotpepper_id=J001159031 | name_kana=エムジェイブックカフェタカマツテン | station_name=瓦町 | access=瓦町FLAG3階　ジュンク堂書店内 | budget= | parking=あり ：当日のお買い上げレシート合計3000円（2022/3/31までは合計1000円以上)で瓦町FLAG契約駐車場割引サービス有 | wifi=あり | card=利用不可 | non_smoking=全面禁煙 | middle_area_query=Y650 | middle_area_code=Y650 | middle_area_name=高松市中心部 | small_area_code=XS00 | small_area_name=瓦町 | lat=34.3389561564 | lng=134.0526082942 | photo_url=https://imgfp.hotp.jp/IMGH/52/65/P038335265/P038335265_238.jpg | catch= | genre_catch=香川県産食材を使用したメニューが豊富！,34.3389561564,134.0526082942
hotpepper_J001259070,カフェ アルゴ,hotpepper,カフェ・スイーツ,香川県高松市古新町9-1  リーガホテルゼスト高松1階,,,月～日、祝日、祝前日: 10:00～17:00 （料理L.O. 16:45 ドリンクL.O. 16:45）,なし,https://www.hotpepper.jp/strJ001259070/?vos=nhppalsa000016,hotpepper_id=J001259070 | name_kana=カフェアルゴ | station_name=高松 | access=JR高松駅より徒歩10分 | budget= | parking=あり ：飲食ご利用で3時間無料 | wifi=あり | card=利用可 | non_smoking=全面禁煙 | middle_area_query=Y650 | middle_area_code=Y650 | middle_area_name=高松市中心部 | small_area_code=X650 | small_area_name=高松駅・北浜 | lat=34.3455528191 | lng=134.0486937077 | photo_url=https://imgfp.hotp.jp/IMGH/53/79/P036625379/P036625379_238.jpg | catch= | genre_catch=リーガホテルゼスト高松1階ラウンジ,34.3455528191,134.0486937077
hotpepper_J003897003,永遠の豆富屋　高松店,hotpepper,カフェ・スイーツ,香川県高松市亀井町3-1,,,火～日、祝日、祝前日: 11:00～17:00 （料理L.O. 17:00 ドリンクL.O. 17:00）,月,https://www.hotpepper.jp/strJ003897003/?vos=nhppalsa000016,hotpepper_id=J003897003 | name_kana=トワノトウフヤ　タカマツテン | station_name=瓦町 | access=瓦町駅から徒歩10分 | budget=501～1000円 | parking=なし | wifi=未確認 | card=利用不可 | non_smoking=全面禁煙 | middle_area_query=Y650 | middle_area_code=Y650 | middle_area_name=高松市中心部 | small_area_code=XS0E | small_area_name=鍛冶屋町 | lat=34.3413374742 | lng=134.0490713089 | photo_url=https://imgfp.hotp.jp/IMGH/58/38/P045295838/P045295838_238.jpg | catch= | genre_catch=新感覚ヘルシー絶品豆富ドリンク,34.3413374742,134.0490713089
hotpepper_J003996002,LOHAS CLUB,hotpepper,カフェ・スイーツ,香川県高松市天神前５－２７ LOHAS BUILDING　1階,,,月～土、祝前日: 10:00～18:00 （料理L.O. 17:30 ドリンクL.O. 17:30）,日、祝日,https://www.hotpepper.jp/strJ003996002/?vos=nhppalsa000016,hotpepper_id=J003996002 | name_kana=ロハスクラブ | station_name=瓦町 | access=琴電瓦町駅から徒歩 | budget= | parking=なし | wifi=未確認 | card=利用可 | non_smoking=全面禁煙 | middle_area_query=Y650 | middle_area_code=Y650 | middle_area_name=高松市中心部 | small_area_code=XS01 | small_area_name=栗林・観光通り周辺 | lat=34.3401491781 | lng=134.0446081306 | photo_url=https://imgfp.hotp.jp/IMGH/58/52/P046405852/P046405852_238.jpg | catch= | genre_catch=一日一食、理想的な栄養バランスの食事を,34.3401491781,134.0446081306
hotpepper_J001222542,LAST GRILL ラストグリル,hotpepper,ダイニングバー・バル,香川県高松市瓦町２-9-4,,,火～木: 18:00～翌0:00 （料理L.O. 23:00）金、土、祝前日: 18:00～翌1:00 （料理L.O. 翌0:00）日、祝日: 18:00～23:00 （料理L.O. 22:00）,月,https://www.hotpepper.jp/strJ001222542/?vos=nhppalsa000016,hotpepper_id=J001222542 | name_kana=らすとぐりる | station_name=瓦町 | access=琴電琴平線 瓦町駅 徒歩5分  | budget=2001～3000円 | parking=なし ：近隣のコインパーキングをご利用くださいませ。 | wifi=あり | card=利用不可 | non_smoking=禁煙席なし | middle_area_query=Y650 | middle_area_code=Y650 | middle_area_name=高松市中心部 | small_area_code=XS00 | small_area_name=瓦町 | lat=34.3402906722 | lng=134.0501276377 | photo_url=https://imgfp.hotp.jp/IMGH/39/33/P048863933/P048863933_238.jpg | catch=クラフトサーバー完備！ バーガー以外も是非！ | genre_catch=アメリカ西海岸モチーフの鉄板ガストロパブ,34.3402906722,134.0501276377
hotpepper_J001209449,CAFE BAR CABO,hotpepper,ダイニングバー・バル,香川県高松市塩上町２-5-24 AC高松ビル1F,,,月～土、祝日、祝前日: 16:00～22:00 （料理L.O. 21:00 ドリンクL.O. 21:30）,日,https://www.hotpepper.jp/strJ001209449/?vos=nhppalsa000016,hotpepper_id=J001209449 | name_kana=かふぇばるかーぼ | station_name=瓦町 | access=フェリー通りのセブンイレブンの角を東に100mへ。ゲストハウス『HULATON CABIN』のビル1Fが、カーボです | budget=501～1000円 | parking=なし ：お近くのコインパーキングをご利用ください | wifi=あり | card=利用可 | non_smoking=全面禁煙 | middle_area_query=Y650 | middle_area_code=Y650 | middle_area_name=高松市中心部 | small_area_code=XS00 | small_area_name=瓦町 | lat=34.339689175 | lng=134.0547228059 | photo_url=https://imgfp.hotp.jp/IMGH/33/94/P033663394/P033663394_238.jpg | catch=大スクリーンでsport観戦! Bookcafebar&ゲストハウス | genre_catch=高松夜cafe♪3Fはゲストハウス♪,34.339689175,134.0547228059
hotpepper_J003649246,iam with bread cafe アイアムウィズブレッド,hotpepper,カフェ・スイーツ,香川県高松市北浜町3-2,,,月、木～日: 11:00～16:00 （料理L.O. 15:30 ドリンクL.O. 15:30）,火、水,https://www.hotpepper.jp/strJ003649246/?vos=nhppalsa000016,hotpepper_id=J003649246 | name_kana=あいあむうぃずぶれっどかふぇ | station_name=高松 | access=JR高松(香川)駅出口より徒歩約16分 | budget= | parking=あり ：近隣にコインパーキングがございます | wifi=未確認 | card=利用可 | non_smoking=全面禁煙 | middle_area_query=Y650 | middle_area_code=Y650 | middle_area_name=高松市中心部 | small_area_code=X650 | small_area_name=高松駅・北浜 | lat=34.3511154087 | lng=134.0563148001 | photo_url=https://imgfp.hotp.jp/IMGH/06/51/P043440651/P043440651_238.jpg | catch=パンとともに豊かな生活を 季節のサンド | genre_catch=パンのある生活を愉しむBakery＆Cafe,34.3511154087,134.0563148001
hotpepper_J001223367,Cafe et,hotpepper,カフェ・スイーツ,香川県高松市丸亀町7-16,,,月～日、祝日、祝前日: 11:00～18:00,なし,https://www.hotpepper.jp/strJ001223367/?vos=nhppalsa000016,hotpepper_id=J001223367 | name_kana=かふぇ　えと | station_name=瓦町 | access=丸亀町グリーン２階にございます | budget=501～1000円 | parking=あり ：グリーンの駐車場をご利用ください | wifi=あり | card=利用可 | non_smoking=全面禁煙 | middle_area_query=Y650 | middle_area_code=Y650 | middle_area_name=高松市中心部 | small_area_code=XS0E | small_area_name=鍛冶屋町 | lat=34.342302099 | lng=134.0496395611 | photo_url=https://imgfp.hotp.jp/IMGH/71/08/P033177108/P033177108_238.jpg | catch=ＳＮＳ映えドリンク★ もちもちタピオカも！ | genre_catch=＃おしゃカフェ ＃テイクアウト ＃タピオカ,34.342302099,134.0496395611
hotpepper_J001038506,まちのシューレ９６３,hotpepper,カフェ・スイーツ,香川県高松市丸亀町13-3　高松丸亀町参番街東館2F,,,月～木、祝日、祝前日: 11:30～18:00 （料理L.O. 17:30 ドリンクL.O. 17:30）金～日: 11:30～21:00 （料理L.O. 20:00 ドリンクL.O. 20:30）,第３月曜日。月曜日が祝日の時は火曜日。,https://www.hotpepper.jp/strJ001038506/?vos=nhppalsa000016,hotpepper_id=J001038506 | name_kana=まちのしゅーれきゅうろくさん | station_name=片原町 | access=丸亀町グリーンから北に200メートル。中国銀行の向かい側にあるエスカレーター上がってすぐ。 | budget=1501～2000円 | parking=あり ：3000円以上のご飲食、物販を購入された方に提携駐車場１時間無料。 | wifi=未確認 | card=利用不可 | non_smoking=全面禁煙 | middle_area_query=Y650 | middle_area_code=Y650 | middle_area_name=高松市中心部 | small_area_code=XS02 | small_area_name=高松市中心部その他 | lat=34.3444315944 | lng=134.0503541521 | photo_url=https://imgfp.hotp.jp/IMGH/92/29/P028439229/P028439229_238.jpg | catch=地元無農薬野菜料理 ビオワイン・自家製果実酒 | genre_catch=香川県産の無農薬野菜を使用した家庭料理,34.3444315944,134.0503541521
hotpepper_J000031667,ダイニングバー デルタマーケット,hotpepper,ダイニングバー・バル,香川県高松市福田町６－５　中山ビル２Ｆ,,,水～日、祝日、祝前日: 18:00～翌0:00 （料理L.O. 23:00 ドリンクL.O. 23:30）,月、火,https://www.hotpepper.jp/strJ000031667/?vos=nhppalsa000016,hotpepper_id=J000031667 | name_kana=かしきりえんかいにじかいかんそうげいかいたんじょうかい　だいにんぐばー　でるたまーけっと | station_name=瓦町 | access=フェリー通り沿い『ビッグエコー』を東へ入る。踏切を越え約20m進みビルの2F。目印は輝くネオン♪ | budget=2001～3000円 | parking=なし ：徒歩10秒！コインパーキング有り。 | wifi=あり | card=利用不可 | non_smoking=禁煙席なし | middle_area_query=Y650 | middle_area_code=Y650 | middle_area_name=高松市中心部 | small_area_code=XS00 | small_area_name=瓦町 | lat=34.3420041691 | lng=134.0538105905 | photo_url=https://imgfp.hotp.jp/IMGH/63/96/P036626396/P036626396_238.jpg | catch=貸切パーティー大歓迎！ ボリューム満点の料理◎ | genre_catch=使い方は自由自在 人気のカフェダイニング,34.3420041691,134.0538105905
hotpepper_J000885996,フレッシュネスバーガー マリタイムプラザ店,hotpepper,カフェ・スイーツ,香川県高松市サンポート２－１マリタイムプラザ２F,,,月～日、祝日、祝前日: 10:00～21:00 （料理L.O. 20:40 ドリンクL.O. 20:40）,なし,https://www.hotpepper.jp/strJ000885996/?vos=nhppalsa000016,hotpepper_id=J000885996 | name_kana=フレッシュネスバーガーマリタイムプラザテン | station_name=高松 | access=ＪＲ高松(香川)駅出口より徒歩約4分/空港バス，高松琴平電気鉄道高松築港駅出口より徒歩約8分 | budget=501～1000円 | parking=なし | wifi=あり | card=利用可 | non_smoking=全面禁煙 | middle_area_query=Y650 | middle_area_code=Y650 | middle_area_name=高松市中心部 | small_area_code=X650 | small_area_name=高松駅・北浜 | lat=34.3526641942 | lng=134.0470005748 | photo_url=https://imgfp.hotp.jp/IMGH/03/34/P036620334/P036620334_238.jpg | catch= | genre_catch=大人がくつろげるバーガーカフェ,34.3526641942,134.0470005748
hotpepper_J000776754,スムスカフェ Sumus Cafe,hotpepper,カフェ・スイーツ,香川県高松市常磐町２-13-４　南海常盤ビル別館1F,,,月～土、祝日、祝前日: 17:30～23:30 （料理L.O. 23:30 ドリンクL.O. 23:30）,日,https://www.hotpepper.jp/strJ000776754/?vos=nhppalsa000016,hotpepper_id=J000776754 | name_kana=すむすかふぇ | station_name=瓦町 | access=10号線沿い。南瓦町バス停からすぐ。 | budget=1501～2000円 | parking=なし | wifi=あり | card=利用不可 | non_smoking=一部禁煙 | middle_area_query=Y650 | middle_area_code=Y650 | middle_area_name=高松市中心部 | small_area_code=XS00 | small_area_name=瓦町 | lat=34.3367574852 | lng=134.051120996 | photo_url=https://imgfp.hotp.jp/IMGH/95/38/P012689538/P012689538_238.jpg | catch=１人でも気軽に来れる 飲めない方でも楽しめる | genre_catch=バーの雰囲気も楽しめるカフェ,34.3367574852,134.051120996
hotpepper_J001101565,SHIUN CAFE,hotpepper,和食,香川県高松市紫雲町２－１７,,,月、水～日、祝日、祝前日: 11:30～20:00,火,https://www.hotpepper.jp/strJ001101565/?vos=nhppalsa000016,hotpepper_id=J001101565 | name_kana=しうんかふぇ | station_name=昭和町 | access=昭和町駅から徒歩約4分。駅を出て東へ進み、最初の角を右折。その後、南下していくと左側にあります。 | budget=1501～2000円 | parking=あり ：2台 | wifi=なし | card=利用不可 | non_smoking=全面禁煙 | middle_area_query=Y650 | middle_area_code=Y650 | middle_area_name=高松市中心部 | small_area_code=XS02 | small_area_name=高松市中心部その他 | lat=34.3419342836 | lng=134.0333724012 | photo_url=https://imgfp.hotp.jp/IMGH/93/71/P020029371/P020029371_238.jpg | catch=ひとりご飯もしっかりと ちょっとした集まりに | genre_catch=カフェ,34.3419342836,134.0333724012
hotpepper_J001200563,CREPE DE GIRAFE 高松南新町店,hotpepper,カフェ・スイーツ,香川県高松市南新町6-4池田屋ビル１F,,,月、水～日、祝日、祝前日: 11:00～20:00,火,https://www.hotpepper.jp/strJ001200563/?vos=nhppalsa000016,hotpepper_id=J001200563 | name_kana=くれーぷどぅじらふたかまつみなみしんまちてん | station_name=瓦町 | access=瓦町駅から徒歩3分 | budget=501～1000円 | parking=あり ：近隣のコインパーキングをご利用くださいませ。 | wifi=あり | card=利用不可 | non_smoking=全面禁煙 | middle_area_query=Y650 | middle_area_code=Y650 | middle_area_name=高松市中心部 | small_area_code=XS02 | small_area_name=高松市中心部その他 | lat=34.3390299547 | lng=134.0488666784 | photo_url=https://imgfp.hotp.jp/IMGH/68/99/P030066899/P030066899_238.jpg | catch=テイクアウトがおすすめ！ 人気のクレープが勢ぞろい | genre_catch=サクサク＆もちもちの新感覚クレープのお店,34.3390299547,134.0488666784
hotpepper_J004444277,たがみんち,hotpepper,カフェ・スイーツ,香川県高松市屋島西町２４５３-２０RENOWAYASHIMA,,,月～金、祝前日: 09:30～16:30 （料理L.O. 16:00 ドリンクL.O. 16:00）,土、日、祝日,https://www.hotpepper.jp/strJ004444277/?vos=nhppalsa000016,hotpepper_id=J004444277 | name_kana=たがみんち | station_name=潟元 | access=●高松駅から車で11分　●高松空港から車で36分　●潟元駅から車で5分 | budget= | parking=あり | wifi=未確認 | card=利用可 | non_smoking=全面禁煙 | middle_area_query=Y652 | middle_area_code=Y652 | middle_area_name=高松市郊外 | small_area_code=XS0F | small_area_name=木太町・春日・屋島 | lat=34.3506301362 | lng=134.0919305535 | photo_url=https://imgfp.hotp.jp/IMGH/47/97/P048464797/P048464797_238.jpg | catch=カフェ利用におすすめ♪ キッズプレートご用意◎ | genre_catch=カフェ ランチ　高松　記念日　ママ会,34.3506301362,134.0919305535
hotpepper_J000831703,讃岐珈琲バル 瀬し香,hotpepper,カフェ・スイーツ,香川県高松市多肥下町1507-8,,,月、水～日、祝日、祝前日: 11:30～22:00 （料理L.O. 21:00 ドリンクL.O. 21:30）,火,https://www.hotpepper.jp/strJ000831703/?vos=nhppalsa000016,hotpepper_id=J000831703 | name_kana=さぬきこーひーばる　せしか | station_name=太田 | access=国道１１号線（東バイパス）からレインボーロードを南へ３００ｍ、眼鏡市場 前の交差点をサンフラワー方面西へ約100ｍ右 | budget=1501～2000円 | parking=あり ：第二駐車場もございます。数に限りがございます、乗り合わにご協力ください。 | wifi=あり | card=利用可 | non_smoking=全面禁煙 | middle_area_query=Y652 | middle_area_code=Y652 | middle_area_name=高松市郊外 | small_area_code=X652 | small_area_name=レインボー・サンフラワー通り | lat=34.3048115469 | lng=134.0578105901 | photo_url=https://imgfp.hotp.jp/IMGH/99/21/P029579921/P029579921_238.jpg | catch=誕生日・記念日をお祝い まったり個室感覚空間に！ | genre_catch=ランチに夜カフェに人気の珈琲バル 瀬し香,34.3048115469,134.0578105901
hotpepper_J001101378,珈琲 萌木,hotpepper,カフェ・スイーツ,香川県高松市郷東町１１７平成タクシー2F,,,月～土: 07:00～17:30 （料理L.O. 17:00 ドリンクL.O. 17:00）日、祝日: 07:00～11:30 （料理L.O. 11:00 ドリンクL.O. 11:00）,なし,https://www.hotpepper.jp/strJ001101378/?vos=nhppalsa000016,hotpepper_id=J001101378 | name_kana=こーひーもえぎ | station_name=香西 | access=JR香西駅より徒歩12分。郷東橋バス停から徒歩5分。県道33号を坂出方面へ。郷東橋西側を川沿いに南へ100mです。 | budget=1501～2000円 | parking=あり ：駐車場ございます | wifi=あり | card=利用可 | non_smoking=一部禁煙 | middle_area_query=Y652 | middle_area_code=Y652 | middle_area_name=高松市郊外 | small_area_code=X651 | small_area_name=高松市その他 | lat=34.3432143346 | lng=134.0170321399 | photo_url=https://imgfp.hotp.jp/IMGH/54/43/P019915443/P019915443_238.jpg | catch=香東川が見える特等席 ヘルシーなランチメニュー | genre_catch=モーニングと日替わりランチが大好評♪,34.3432143346,134.0170321399
hotpepper_J000831573,伊太飯キッチン チーズカフェ,hotpepper,イタリアン・フレンチ,香川県高松市伏石町2046-5,,,月～日、祝日、祝前日: 11:00～15:00 （料理L.O. 14:00 ドリンクL.O. 14:00）17:00～22:00 （料理L.O. 21:00 ドリンクL.O. 21:00）,なし,https://www.hotpepper.jp/strJ000831573/?vos=nhppalsa000016,hotpepper_id=J000831573 | name_kana=いためしきっちんちーずかふぇ | station_name=三条 | access=サンフラワー通り西原歯科を曲がってすぐ♪『北の商店』さんと同じ敷地内にあり、伏石中央公園が目の前にございます。 | budget=2001～3000円 | parking=あり ：50～60台停められる広々駐車場☆ | wifi=なし | card=利用可 | non_smoking=全面禁煙 | middle_area_query=Y652 | middle_area_code=Y652 | middle_area_name=高松市郊外 | small_area_code=X652 | small_area_name=レインボー・サンフラワー通り | lat=34.3142968225 | lng=134.0562795897 | photo_url=https://imgfp.hotp.jp/IMGH/95/41/P036699541/P036699541_238.jpg | catch=ドリンクも豊富！ 落ち着いた個室空間♪ | genre_catch=女性が選ぶチーズを中心としたイタリアン♪,34.3142968225,134.0562795897
hotpepper_J001230917,ツインベルカフェ,hotpepper,カフェ・スイーツ,香川県高松市六条町86-4,,,火、水、金～日: 11:00～17:30,月、木,https://www.hotpepper.jp/strJ001230917/?vos=nhppalsa000016,hotpepper_id=J001230917 | name_kana=ツインベルカフェ | station_name=水田 | access=県道10号線沿い | budget= | parking=あり | wifi=あり | card=利用可 | non_smoking=全面禁煙 | middle_area_query=Y652 | middle_area_code=Y652 | middle_area_name=高松市郊外 | small_area_code=X651 | small_area_name=高松市その他 | lat=34.2965726151 | lng=134.0890425358 | photo_url=https://imgfp.hotp.jp/IMGH/02/15/P049040215/P049040215_238.jpg | catch= | genre_catch=ドライブスルーもできるクレープ専門店！,34.2965726151,134.0890425358
hotpepper_J000941296,カフェ 舞楽,hotpepper,カフェ・スイーツ,香川県高松市東山崎町１０９８,,,月～金、祝前日: 11:30～14:00 （料理L.O. 14:00 ドリンクL.O. 14:00）,土、日、祝日,https://www.hotpepper.jp/strJ000941296/?vos=nhppalsa000016,hotpepper_id=J000941296 | name_kana=かふぇぶがく | station_name=高田 | access=高田駅より県道30号線を北西方向へ。車で10分の場所にあります。 | budget=1501～2000円 | parking=あり | wifi=あり | card=利用不可 | non_smoking=一部禁煙 | middle_area_query=Y652 | middle_area_code=Y652 | middle_area_name=高松市郊外 | small_area_code=X651 | small_area_name=高松市その他 | lat=34.3121835674 | lng=134.0994508396 | photo_url=https://imgfp.hotp.jp/IMGH/56/90/P020035690/P020035690_238.jpg | catch=高級感 選べるデザート | genre_catch=会席料理,34.3121835674,134.0994508396
hotpepper_J000541697,カフェコンディトライ&レスト シカ,hotpepper,カフェ・スイーツ,香川県高松市国分寺町新名7-1,,,月～日、祝日、祝前日: 09:00～20:00 （料理L.O. 19:00）,年始・毎月第２水曜日,https://www.hotpepper.jp/strJ000541697/?vos=nhppalsa000016,hotpepper_id=J000541697 | name_kana=カフェコンディトライアンドレストシカ | station_name=国分 | access=国道11号線沿い　ＪＲ国分駅より徒歩15分 | budget=2001～3000円 | parking=あり | wifi=あり | card=利用可 | non_smoking=全面禁煙 | middle_area_query=Y652 | middle_area_code=Y652 | middle_area_name=高松市郊外 | small_area_code=X651 | small_area_name=高松市その他 | lat=34.2962014777 | lng=133.9465482083 | photo_url=https://imgfp.hotp.jp/IMGH/36/77/P041423677/P041423677_238.jpg | catch= | genre_catch=スイーツを楽しめるカフェ＆レストラン,34.2962014777,133.9465482083
hotpepper_J000689226,funkytime レインボー店,hotpepper,カフェ・スイーツ,香川県高松市伏石町2168-2,,,月～日、祝日、祝前日: 00:00～翌0:00,なし,https://www.hotpepper.jp/strJ000689226/?vos=nhppalsa000016,"hotpepper_id=J000689226 | name_kana=ファンキータイムレインボーテン | station_name=伏石 | access=琴電「伏石駅」から距離1,1km徒歩14分  高松自動車道「中央インター」から距離1,8km車で4分 　東バイパス沿い | budget=1001～1500円 | parking=あり | wifi=あり | card=利用可 | non_smoking=一部禁煙 | middle_area_query=Y652 | middle_area_code=Y652 | middle_area_name=高松市郊外 | small_area_code=X652 | small_area_name=レインボー・サンフラワー通り | lat=34.3070199366 | lng=134.059172066 | photo_url=https://imgfp.hotp.jp/IMGH/48/62/P039484862/P039484862_238.jpg | catch=カラオケ ダーツ | genre_catch=最安値!!24時間ネットカフェ＆カラオケ",34.3070199366,134.059172066
hotpepper_J000831587,カフェ ジャルダン,hotpepper,カフェ・スイーツ,香川県高松市西植田町４２８８,,,月、火、金～日、祝日、祝前日: 09:30～17:00 （料理L.O. 16:30 ドリンクL.O. 16:30）,水、木,https://www.hotpepper.jp/strJ000831587/?vos=nhppalsa000016,hotpepper_id=J000831587 | name_kana=かふぇじゃるだん | station_name=仏生山 | access=仏生山駅より車で17分。県道166号線を南下し、川東上の交差点を左折。県道13号線を進み、神内池の近くです。 | budget=1501～2000円 | parking=あり ：100台 | wifi=なし | card=利用不可 | non_smoking=全面禁煙 | middle_area_query=Y652 | middle_area_code=Y652 | middle_area_name=高松市郊外 | small_area_code=X651 | small_area_name=高松市その他 | lat=34.2351722006 | lng=134.0683310436 | photo_url=https://imgfp.hotp.jp/IMGH/57/26/P020095726/P020095726_238.jpg | catch=デートにもおすすめ 手作り料理が美味しい | genre_catch=美しい景色も楽しめるアットホームカフェ♪,34.2351722006,134.0683310436
hotpepper_J001259580,フレッシュネスバーガー ゆめタウン高松店,hotpepper,カフェ・スイーツ,香川県高松市三条町６０８－１ゆめタウン高松１階,,,月～日、祝日、祝前日: 10:00～21:00 （料理L.O. 20:40 ドリンクL.O. 20:40）,なし,https://www.hotpepper.jp/strJ001259580/?vos=nhppalsa000016,hotpepper_id=J001259580 | name_kana=フレッシュネスバーガー　ユメタウンタカマツテン | station_name=三条 | access=高松琴平電気鉄道琴平線三条(高松)駅出口より徒歩約18分 | budget=501～1000円 | parking=なし | wifi=あり | card=利用可 | non_smoking=全面禁煙 | middle_area_query=Y652 | middle_area_code=Y652 | middle_area_name=高松市郊外 | small_area_code=X651 | small_area_name=高松市その他 | lat=34.3167767809 | lng=134.041944112 | photo_url=https://imgfp.hotp.jp/IMGH/03/34/P036620334/P036620334_238.jpg | catch= | genre_catch=大人がくつろげるバーガーカフェ,34.3167767809,134.041944112
hotpepper_J000629579,カフェ 夢千,hotpepper,カフェ・スイーツ,香川県高松市十川東町５６２－１,,,月～水、金～日、祝日、祝前日: 08:00～18:00,木,https://www.hotpepper.jp/strJ000629579/?vos=nhppalsa000016,hotpepper_id=J000629579 | name_kana=かふぇゆめせん | station_name=高田 | access=琴電長尾線高田駅より車で7分。県道30号線を約3km南下、左手にあります。  | budget=1501～2000円 | parking=あり | wifi=なし | card=利用不可 | non_smoking=禁煙席なし | middle_area_query=Y652 | middle_area_code=Y652 | middle_area_name=高松市郊外 | small_area_code=X651 | small_area_name=高松市その他 | lat=34.2643586372 | lng=134.1078294026 | photo_url=https://imgfp.hotp.jp/IMGH/28/82/P019902882/P019902882_238.jpg | catch=会話も楽しいカウンター席 女性が入りやすい | genre_catch=女性がリピート♪アットホームな寛ぎカフェ,34.2643586372,134.1078294026
hotpepper_J001101469,Burger Cafe Bit'z ビッツ,hotpepper,カフェ・スイーツ,香川県高松市仏生山町甲３２２,,,月、火、木、金、祝前日: 10:00～17:00 （料理L.O. 16:30 ドリンクL.O. 16:30）土、日、祝日: 08:00～17:00 （料理L.O. 16:30 ドリンクL.O. 16:30）,水,https://www.hotpepper.jp/strJ001101469/?vos=nhppalsa000016,hotpepper_id=J001101469 | name_kana=ばーがーかふぇびっつ | station_name=仏生山 | access=琴電琴平線の仏生山駅より徒歩1分。駅の東隣にあります。 | budget=1501～2000円 | parking=あり | wifi=なし | card=利用不可 | non_smoking=一部禁煙 | middle_area_query=Y652 | middle_area_code=Y652 | middle_area_name=高松市郊外 | small_area_code=X651 | small_area_name=高松市その他 | lat=34.2830692504 | lng=134.0429295432 | photo_url=https://imgfp.hotp.jp/IMGH/88/76/P019968876/P019968876_238.jpg | catch=カウンター席あり テーブル席 | genre_catch=ハンバーガー・カフェ,34.2830692504,134.0429295432
