物件名,所在地,掲載サイト,詳細URL,latitude,longitude,家賃,家賃_円,面積,面積_㎡_補正,坪数,坪数_補正,坪単価,飲食可否,立地区分,店舗規模,物件タイプ推定,階数判定,駐車場判定,事業成立パターン,不足理由,推奨カフェモデル,推定席数,想定客単価,月間固定費,必要月商,必要日商_26日営業,必要日客数_26日営業,理論必要日客数,推奨必要日客数,初期投資中央値,事業成立性スコア,評価ランク,評価コメント,ダッシュボード表示コメント,space_openness_score,seongsu_design_score,night_business_score,parking_destination_score,investment_reality_score,fruit_cafe_business_score,seongsu_fit_score,seongsu_fit_stars,seongsu_rank,seongsu_fit_type,seongsu_fit_comment
パールコート 1階,香川県高松市百間町,高松ハウジングサービス,https://www.takamatsuhousing.jp/kasi-tenpo/detail-69e1f4f32b1cfe70dd417739/,34.3451724,134.0528471,22万円,220000.0,124.58㎡,124.58,,37.69,5838.0,可,中心街,大型,不明,1階・路面想定,不明,中心街・高回転型,,中心街ランチ・高回転型カフェ,41,1050,470000.0,1468750.0,56490.0,54.0,54.0,86.0,17900589,10,D,多客数が必須 / 必要月商150万円以下 / 初期投資は重め / 飲食可 / 1階・路面想定 / 中心街でも客数ハードル高め,"中心街・高回転型。必要月商1,468,750円、必要日客数54人が目安。",78,87,100,55,77,10.0,76.8,★★★★★,1,標準テナント実装型,条件を整理すれば韓国ソンス風として成立する候補。 星評価は★★★★★。坪数は約37.7坪で、夜カフェ・夜パフェ需要との相性が高い。
貸店舗・事務所(一部) パールコート 1階,香川県高松市百間町,エムクレア,https://www.mcrea.jp/kasi-tenpo/detail-69e1f4f32b1cfe70dd417739/,34.3451724,134.0528471,22 万円,220000.0,124.58㎡,124.58,37.68坪,37.68,5839.0,可,中心街,大型,店舗系,1階・路面想定,不明,中心街・高回転型,,中心街ランチ・高回転型カフェ,41,1050,470000.0,1468750.0,56490.0,54.0,54.0,86.0,17898000,10,D,多客数が必須 / 必要月商150万円以下 / 初期投資は重め / 飲食可 / 1階・路面想定 / 中心街でも客数ハードル高め,"中心街・高回転型。必要月商1,468,750円、必要日客数54人が目安。",78,87,100,55,77,10.0,76.8,★★★★★,2,標準テナント実装型,条件を整理すれば韓国ソンス風として成立する候補。 星評価は★★★★★。坪数は約37.7坪で、夜カフェ・夜パフェ需要との相性が高い。
貸店舗（一部） 京都興産ビル ５F,香川県高松市瓦町１丁目,エムクレア,https://www.mcrea.jp/kasi-tenpo/detail-5b433431e5a69c481006210e/,34.3178937,133.8417036,16.5 万円,165000.0,116.86㎡,116.86,35.34坪,35.34,4669.0,可,中心街,大型,店舗系,不明,不明,中心街・高回転型,,中心街目的来店・回転型カフェ,39,1100,415000.0,1220588.0,46946.0,43.0,43.0,73.0,18023400,32,D,推奨必要日客数80人以下 / 必要月商150万円以下 / 初期投資は重め / 飲食可 / 席数に対する必要回転数は低め,"中心街・高回転型。必要月商1,220,588円、必要日客数43人が目安。",78,75,100,55,87,32.0,75.9,★★★★☆,3,中心街夜カフェ型,条件を整理すれば韓国ソンス風として成立する候補。 星評価は★★★★☆。坪数は約35.3坪で、夜カフェ・夜パフェ需要との相性が高い。
京都興産ビル ５F,香川県高松市瓦町１丁目,高松ハウジングサービス,https://www.takamatsuhousing.jp/kasi-tenpo/detail-5b433431e5a69c481006210e/,34.3412277,134.051584,16.5万円,165000.0,116.86㎡,116.86,,35.35,4668.0,可,中心街,大型,不明,不明,不明,中心街・高回転型,,中心街目的来店・回転型カフェ,39,1100,415000.0,1220588.0,46946.0,43.0,43.0,73.0,18028577,32,D,推奨必要日客数80人以下 / 必要月商150万円以下 / 初期投資は重め / 飲食可 / 席数に対する必要回転数は低め,"中心街・高回転型。必要月商1,220,588円、必要日客数43人が目安。",78,75,100,55,87,32.0,75.9,★★★★☆,4,中心街夜カフェ型,条件を整理すれば韓国ソンス風として成立する候補。 星評価は★★★★☆。坪数は約35.4坪で、夜カフェ・夜パフェ需要との相性が高い。
貸店舗（一部） 大内ビル 1階,香川県高松市今新町,エムクレア,https://www.mcrea.jp/kasi-tenpo/detail-6833f5d6c196ea30e30ea1ee/,34.2609473,134.034365,15 万円,150000.0,69.03㎡,69.03,20.88坪,20.88,7184.0,可,中心街,中規模,店舗系,1階・路面想定,不明,中心街・高回転型,,中心街ランチ・高回転型カフェ,21,1050,310000.0,968750.0,37260.0,35.0,35.0,57.0,9918000,50,C,推奨必要日客数80人以下 / 必要月商150万円以下 / 初期投資1500万円以下 / 飲食可 / 1階・路面想定,"中心街・高回転型。必要月商968,750円、必要日客数35人が目安。",66,77,100,55,95,50.0,75.0,★★★★☆,5,標準テナント実装型,条件を整理すれば韓国ソンス風として成立する候補。 星評価は★★★★☆。坪数は約20.9坪で、夜カフェ・夜パフェ需要との相性が高い。
大内ビル 1階,香川県高松市今新町,高松ハウジングサービス,https://www.takamatsuhousing.jp/kasi-tenpo/detail-6833f5d6c196ea30e30ea1ee/,34.3439421,134.0526969,15万円,150000.0,69.03㎡,69.03,,20.88,7183.0,可,中心街,中規模,不明,1階・路面想定,不明,中心街・高回転型,,中心街ランチ・高回転型カフェ,21,1050,310000.0,968750.0,37260.0,35.0,35.0,57.0,9918748,50,C,推奨必要日客数80人以下 / 必要月商150万円以下 / 初期投資1500万円以下 / 飲食可 / 1階・路面想定,"中心街・高回転型。必要月商968,750円、必要日客数35人が目安。",66,77,100,55,95,50.0,75.0,★★★★☆,6,標準テナント実装型,条件を整理すれば韓国ソンス風として成立する候補。 星評価は★★★★☆。坪数は約20.9坪で、夜カフェ・夜パフェ需要との相性が高い。
貸店舗（一部） カーラビル １F,香川県高松市瓦町２丁目,エムクレア,https://www.mcrea.jp/kasi-tenpo/detail-5558977d424941055700b417/,34.3400205,134.0501426,49.5 万円,495000.0,124.54㎡,124.54,37.67坪,37.67,13140.0,可,中心街,大型,店舗系,1階・路面想定,不明,中心街・高回転型,,中心街ランチ・高回転型カフェ,41,1050,767250.0,2397656.0,92218.0,88.0,88.0,141.0,17893250,3,D,多客数が必須 / 必要月商250万円以下 / 初期投資は重め / 飲食可 / 1階・路面想定 / 中心街でも客数ハードル高め,"中心街・高回転型。必要月商2,397,656円、必要日客数88人が目安。",78,87,100,55,57,3.0,74.7,★★★★☆,7,標準テナント実装型,条件を整理すれば韓国ソンス風として成立する候補。 星評価は★★★★☆。坪数は約37.7坪で、夜カフェ・夜パフェ需要との相性が高い。
カーラビル １F,香川県高松市瓦町２丁目,高松ハウジングサービス,https://www.takamatsuhousing.jp/kasi-tenpo/detail-5558977d424941055700b417/,34.3399504,134.0514047,49.5万円,495000.0,124.54㎡,124.54,,37.67,13139.0,可,中心街,大型,不明,1階・路面想定,不明,中心街・高回転型,,中心街ランチ・高回転型カフェ,41,1050,767250.0,2397656.0,92218.0,88.0,88.0,141.0,17894842,3,D,多客数が必須 / 必要月商250万円以下 / 初期投資は重め / 飲食可 / 1階・路面想定 / 中心街でも客数ハードル高め,"中心街・高回転型。必要月商2,397,656円、必要日客数88人が目安。",78,87,100,55,57,3.0,74.7,★★★★☆,8,標準テナント実装型,条件を整理すれば韓国ソンス風として成立する候補。 星評価は★★★★☆。坪数は約37.7坪で、夜カフェ・夜パフェ需要との相性が高い。
高松市 百間町 (瓦町駅) の貸店舗（一部）,香川県高松市百間町,高松ハウジングサービス,https://www.takamatsuhousing.jp/kasi-tenpo/detail-68959441674fe57902cecc97/,34.3451724,134.0528471,22万円,220000.0,124.58㎡,124.58,,37.69,5838.0,可,中心街,大型,店舗系,不明,不明,中心街・高回転型,,中心街目的来店・回転型カフェ,41,1100,470000.0,1382353.0,53167.0,48.0,48.0,82.0,19219580,2,D,多客数が必須 / 必要月商150万円以下 / 初期投資は重め / 飲食可 / 中心街でも客数ハードル高め / 席数に対する必要回転数は低め,"中心街・高回転型。必要月商1,382,353円、必要日客数48人が目安。",78,75,100,55,77,2.0,73.0,★★★★☆,9,標準テナント実装型,条件を整理すれば韓国ソンス風として成立する候補。 星評価は★★★★☆。坪数は約37.7坪で、夜カフェ・夜パフェ需要との相性が高い。
貸店舗（一部） 高松市 百間町 (瓦町駅) の貸店舗（一部）,香川県高松市百間町,エムクレア,https://www.mcrea.jp/kasi-tenpo/detail-68959441674fe57902cecc97/,34.3451724,134.0528471,22 万円,220000.0,124.58㎡,124.58,37.68坪,37.68,5839.0,可,中心街,大型,店舗系,不明,不明,中心街・高回転型,,中心街目的来店・回転型カフェ,41,1100,470000.0,1382353.0,53167.0,48.0,48.0,82.0,19216800,2,D,多客数が必須 / 必要月商150万円以下 / 初期投資は重め / 飲食可 / 中心街でも客数ハードル高め / 席数に対する必要回転数は低め,"中心街・高回転型。必要月商1,382,353円、必要日客数48人が目安。",78,75,100,55,77,2.0,73.0,★★★★☆,10,標準テナント実装型,条件を整理すれば韓国ソンス風として成立する候補。 星評価は★★★★☆。坪数は約37.7坪で、夜カフェ・夜パフェ需要との相性が高い。
高松市 鍛冶屋町 (瓦町駅) の貸店舗（一部）,香川県高松市鍛冶屋町,高松ハウジングサービス,https://www.takamatsuhousing.jp/kasi-tenpo/detail-59d30e12e5a69c6ccf3e274c/,34.3428604,134.0487343,26.4万円,264000.0,124.23㎡,124.23,,37.58,7025.0,可,中心街,大型,店舗系,不明,不明,中心街・高回転型,,中心街目的来店・回転型カフェ,41,1100,514000.0,1511765.0,58145.0,53.0,53.0,90.0,19165584,0,D,多客数が必須 / 必要月商250万円以下 / 初期投資は重め / 飲食可 / 中心街でも客数ハードル高め,"中心街・高回転型。必要月商1,511,765円、必要日客数53人が目安。",78,75,100,55,77,0.0,72.8,★★★★☆,11,標準テナント実装型,条件を整理すれば韓国ソンス風として成立する候補。 星評価は★★★★☆。坪数は約37.6坪で、夜カフェ・夜パフェ需要との相性が高い。
貸店舗（一部） 高松市 鍛冶屋町 (瓦町駅) の貸店舗（一部）,香川県高松市鍛冶屋町,エムクレア,https://www.mcrea.jp/kasi-tenpo/detail-59d30e12e5a69c6ccf3e274c/,34.3428604,134.0487343,26.4 万円,264000.0,124.23㎡,124.23,37.57坪,37.57,7027.0,可,中心街,大型,店舗系,不明,不明,中心街・高回転型,,中心街目的来店・回転型カフェ,41,1100,514000.0,1511765.0,58145.0,53.0,53.0,90.0,19160700,0,D,多客数が必須 / 必要月商250万円以下 / 初期投資は重め / 飲食可 / 中心街でも客数ハードル高め,"中心街・高回転型。必要月商1,511,765円、必要日客数53人が目安。",78,75,100,55,77,0.0,72.8,★★★★☆,12,標準テナント実装型,条件を整理すれば韓国ソンス風として成立する候補。 星評価は★★★★☆。坪数は約37.6坪で、夜カフェ・夜パフェ需要との相性が高い。
内外テナント1階【国分寺町福家】,香川県高松市国分寺町福家甲823--3,テナント香川,https://www.tenantkagawa.com/article/search/00002366,,,"300,000円（税込）",300000.0,108.27m 2 （32.75坪）,108.27,,32.75,9160.0,可,郊外,中規模,店舗系,1階・路面想定,不明,郊外・駐車場依存型,,郊外生活圏カフェ,33,1050,460000.0,1393939.0,53613.0,51.0,51.0,77.0,14410000,45,C,推奨必要日客数80人以下 / 必要月商150万円以下 / 初期投資1500万円以下 / 飲食可 / 1階・路面想定 / 郊外で駐車場確認必要,"郊外・駐車場依存型。必要月商1,393,939円、必要日客数51人が目安。",78,87,53,65,75,45.0,71.8,★★★★☆,13,標準テナント実装型,条件を整理すれば韓国ソンス風として成立する候補。 星評価は★★★★☆。坪数は約32.8坪で、大きな突出条件は少ないが、標準的な検討対象。。
貸店舗（一部） 京都興産ビル 3F,香川県高松市瓦町１丁目,エムクレア,https://www.mcrea.jp/kasi-tenpo/detail-5b432f98d032a70dc813f561/,34.3178937,133.8417036,22 万円,220000.0,116.86㎡,116.86,35.34坪,35.34,6225.0,可,中心街,大型,店舗系,上階・地下想定,不明,中心街・高回転型,,中心街目的来店・回転型カフェ,39,1100,470000.0,1382353.0,53167.0,48.0,48.0,82.0,18023400,0,D,多客数が必須 / 必要月商150万円以下 / 初期投資は重め / 飲食可 / 上階・地下で集客難度あり / 中心街でも客数ハードル高め,"中心街・高回転型。必要月商1,382,353円、必要日客数48人が目安。",78,67,100,55,77,0.0,70.7,★★★★☆,14,標準テナント実装型,条件を整理すれば韓国ソンス風として成立する候補。 星評価は★★★★☆。坪数は約35.3坪で、夜カフェ・夜パフェ需要との相性が高い。
京都興産ビル 3F,香川県高松市瓦町１丁目,高松ハウジングサービス,https://www.takamatsuhousing.jp/kasi-tenpo/detail-5b432f98d032a70dc813f561/,34.3412277,134.051584,22万円,220000.0,116.86㎡,116.86,,35.35,6223.0,可,中心街,大型,不明,上階・地下想定,不明,中心街・高回転型,,中心街目的来店・回転型カフェ,39,1100,470000.0,1382353.0,53167.0,48.0,48.0,82.0,18028577,0,D,多客数が必須 / 必要月商150万円以下 / 初期投資は重め / 飲食可 / 上階・地下で集客難度あり / 中心街でも客数ハードル高め,"中心街・高回転型。必要月商1,382,353円、必要日客数48人が目安。",78,67,100,55,77,0.0,70.7,★★★★☆,15,標準テナント実装型,条件を整理すれば韓国ソンス風として成立する候補。 星評価は★★★★☆。坪数は約35.4坪で、夜カフェ・夜パフェ需要との相性が高い。
貸店舗・事務所(一部) 下田井町貸店舗事務所 1階,香川県高松市下田井町,エムクレア,https://www.mcrea.jp/kasi-tenpo/detail-68f1b59cc430a27e9e0ec70f/,34.293847,134.0928756,16.5 万円,165000.0,105.56㎡,105.56,31.93坪,31.93,5168.0,可,不明,中規模,店舗系,1階・路面想定,不明,低固定費・小商圏型,,小規模カフェ・テイクアウト併設,32,900,325000.0,855263.0,32895.0,37.0,37.0,51.0,12772000,50,C,推奨必要日客数80人以下 / 必要月商150万円以下 / 初期投資1500万円以下 / 飲食可 / 1階・路面想定 / 席数に対する必要回転数は低め,"低固定費・小商圏型。必要月商855,263円、必要日客数37人が目安。",78,87,45,50,95,50.0,70.5,★★★★☆,16,標準テナント実装型,条件を整理すれば韓国ソンス風として成立する候補。 星評価は★★★★☆。坪数は約31.9坪で、夜営業の集客導線は弱め。
下田井町貸店舗事務所 1階,香川県高松市下田井町,高松ハウジングサービス,https://www.takamatsuhousing.jp/kasi-tenpo/detail-68f1b59cc430a27e9e0ec70f/,34.293847,134.0928756,16.5万円,165000.0,105.56㎡,105.56,,31.93,5167.0,可,不明,中規模,店舗系,1階・路面想定,不明,低固定費・小商圏型,,小規模カフェ・テイクアウト併設,32,900,325000.0,855263.0,32895.0,37.0,37.0,51.0,12772760,50,C,推奨必要日客数80人以下 / 必要月商150万円以下 / 初期投資1500万円以下 / 飲食可 / 1階・路面想定 / 席数に対する必要回転数は低め,"低固定費・小商圏型。必要月商855,263円、必要日客数37人が目安。",78,87,45,50,95,50.0,70.5,★★★★☆,17,標準テナント実装型,条件を整理すれば韓国ソンス風として成立する候補。 星評価は★★★★☆。坪数は約31.9坪で、夜営業の集客導線は弱め。
貸店舗（一部） ＡＫビル片原町Ⅱ　２階　北西 （２０２号）,香川県高松市片原町,エムクレア,https://www.mcrea.jp/kasi-tenpo/detail-684a89ea243a5b1d0deb1257/,34.3458826,134.0543651,13.2 万円,132000.0,69.48㎡,69.48,21.01坪,21.01,6283.0,可,中心街,中規模,店舗系,上階・地下想定,不明,中心街・高回転型,,中心街目的来店・回転型カフェ,21,1100,292000.0,858824.0,33032.0,30.0,30.0,51.0,10715100,34,D,推奨必要日客数80人以下 / 必要月商150万円以下 / 初期投資1500万円以下 / 飲食可 / 上階・地下で集客難度あり,"中心街・高回転型。必要月商858,824円、必要日客数30人が目安。",66,57,100,55,100,34.0,68.8,★★★☆☆,18,標準テナント実装型,条件を整理すれば韓国ソンス風として成立する候補。 星評価は★★★☆☆。坪数は約21.0坪で、夜カフェ・夜パフェ需要との相性が高い。
ＡＫビル片原町Ⅱ　２階　北西 （２０２号）,香川県高松市片原町,高松ハウジングサービス,https://www.takamatsuhousing.jp/kasi-tenpo/detail-684a89ea243a5b1d0deb1257/,34.3458826,134.0543651,13.2万円,132000.0,69.48㎡,69.48,,21.02,6280.0,可,中心街,中規模,不明,上階・地下想定,不明,中心街・高回転型,,中心街目的来店・回転型カフェ,21,1100,292000.0,858824.0,33032.0,30.0,30.0,51.0,10719028,34,D,推奨必要日客数80人以下 / 必要月商150万円以下 / 初期投資1500万円以下 / 飲食可 / 上階・地下で集客難度あり,"中心街・高回転型。必要月商858,824円、必要日客数30人が目安。",66,57,100,55,100,34.0,68.8,★★★☆☆,19,標準テナント実装型,条件を整理すれば韓国ソンス風として成立する候補。 星評価は★★★☆☆。坪数は約21.0坪で、夜カフェ・夜パフェ需要との相性が高い。
貸店舗（一部） 常盤町Ｋ店舗 2階,香川県高松市常磐町１丁目,エムクレア,https://www.mcrea.jp/kasi-tenpo/detail-67c2a5191f9c584e0ffb8c6a/,34.3387776,134.0510854,15.4 万円,154000.0,75.44㎡,75.44,22.82坪,22.82,6748.0,可,中心街,中規模,店舗系,上階・地下想定,不明,中心街・高回転型,,中心街目的来店・回転型カフェ,23,1100,314000.0,923529.0,35520.0,32.0,32.0,55.0,11638200,34,D,推奨必要日客数80人以下 / 必要月商150万円以下 / 初期投資1500万円以下 / 飲食可 / 上階・地下で集客難度あり,"中心街・高回転型。必要月商923,529円、必要日客数32人が目安。",66,57,100,55,95,34.0,68.4,★★★☆☆,20,標準テナント実装型,条件を整理すれば韓国ソンス風として成立する候補。 星評価は★★★☆☆。坪数は約22.8坪で、夜カフェ・夜パフェ需要との相性が高い。
貸店舗（一括） 高松市 屋島西町 (春日川駅) の貸店舗（一括）,香川県高松市屋島西町,エムクレア,https://www.mcrea.jp/kasi-tenpo/detail-67ba76203e48c91c26797ad3/,34.241395,134.104442,17 万円,170000.0,132.48㎡,132.48,40.07坪,40.07,4243.0,可,郊外,大型,店舗系,不明,不明,郊外・駐車場依存型,,郊外生活圏カフェ,44,1050,420000.0,1272727.0,48951.0,47.0,47.0,70.0,17630800,27,D,推奨必要日客数80人以下 / 必要月商150万円以下 / 初期投資は重め / 飲食可 / 郊外で駐車場確認必要 / 席数に対する必要回転数は低め,"郊外・駐車場依存型。必要月商1,272,727円、必要日客数47人が目安。",78,75,53,65,87,27.0,68.3,★★★☆☆,21,標準テナント実装型,条件を整理すれば韓国ソンス風として成立する候補。 星評価は★★★☆☆。坪数は約40.1坪で、大きな突出条件は少ないが、標準的な検討対象。。
高松市 屋島西町 (春日川駅) の貸店舗（一括）,香川県高松市屋島西町,高松ハウジングサービス,https://www.takamatsuhousing.jp/kasi-tenpo/detail-67ba76203e48c91c26797ad3/,34.3603444,134.0966033,17万円,170000.0,132.48㎡,132.48,,40.08,4242.0,可,郊外,大型,店舗系,不明,不明,郊外・駐車場依存型,,郊外生活圏カフェ,44,1050,420000.0,1272727.0,48951.0,47.0,47.0,70.0,17633088,27,D,推奨必要日客数80人以下 / 必要月商150万円以下 / 初期投資は重め / 飲食可 / 郊外で駐車場確認必要 / 席数に対する必要回転数は低め,"郊外・駐車場依存型。必要月商1,272,727円、必要日客数47人が目安。",78,75,53,65,87,27.0,68.3,★★★☆☆,22,標準テナント実装型,条件を整理すれば韓国ソンス風として成立する候補。 星評価は★★★☆☆。坪数は約40.1坪で、大きな突出条件は少ないが、標準的な検討対象。。
貸店舗（一部） 高松市 扇町２丁目 (昭和町駅) の貸店舗（一部）,香川県高松市扇町２丁目,エムクレア,https://www.mcrea.jp/kasi-tenpo/detail-67f20f823d177354830cb311/,34.3436406,134.0266638,13.2 万円,132000.0,135.25㎡,135.25,40.91坪,40.91,3227.0,可,準中心街,大型,店舗系,不明,不明,大型投資・高売上必須型,,大型滞在・複合目的型カフェ,45,1250,382000.0,1414815.0,54416.0,44.0,44.0,78.0,27000600,10,D,推奨必要日客数80人以下 / 必要月商150万円以下 / 初期投資が重い / 飲食可 / 大型投資型のため慎重判断 / 席数に対する必要回転数は低め,"大型投資・高売上必須型。必要月商1,414,815円、必要日客数44人が目安。",78,75,65,55,82,10.0,67.6,★★★☆☆,23,標準テナント実装型,条件を整理すれば韓国ソンス風として成立する候補。 星評価は★★★☆☆。坪数は約40.9坪で、大きな突出条件は少ないが、標準的な検討対象。。
高松市 扇町２丁目 (昭和町駅) の貸店舗（一部）,香川県高松市扇町２丁目,高松ハウジングサービス,https://www.takamatsuhousing.jp/kasi-tenpo/detail-67f20f823d177354830cb311/,34.3445597,134.0357197,13.2万円,132000.0,135.25㎡,135.25,,40.91,3226.0,可,準中心街,大型,店舗系,不明,不明,大型投資・高売上必須型,,大型滞在・複合目的型カフェ,45,1250,382000.0,1414815.0,54416.0,44.0,44.0,78.0,27002664,10,D,推奨必要日客数80人以下 / 必要月商150万円以下 / 初期投資が重い / 飲食可 / 大型投資型のため慎重判断 / 席数に対する必要回転数は低め,"大型投資・高売上必須型。必要月商1,414,815円、必要日客数44人が目安。",78,75,65,55,82,10.0,67.6,★★★☆☆,24,標準テナント実装型,条件を整理すれば韓国ソンス風として成立する候補。 星評価は★★★☆☆。坪数は約40.9坪で、大きな突出条件は少ないが、標準的な検討対象。。
高松市 国分寺町福家 (挿頭丘駅) の貸店舗・事務所(一部),香川県高松市国分寺町福家,高松ハウジングサービス,https://www.takamatsuhousing.jp/kasi-tenpo/detail-68955a821363053550874c30/,34.2790659,133.972223,33万円,330000.0,108.27㎡,108.27,,32.75,10076.0,可,郊外,中規模,店舗系,不明,不明,郊外・駐車場依存型,,郊外生活圏カフェ,33,1050,495000.0,1500000.0,57692.0,55.0,55.0,82.0,14410738,17,D,多客数が必須 / 必要月商150万円以下 / 初期投資1500万円以下 / 飲食可 / 郊外で駐車場確認必要,"郊外・駐車場依存型。必要月商1,500,000円、必要日客数55人が目安。",78,75,53,65,75,17.0,66.6,★★★☆☆,25,標準テナント実装型,条件を整理すれば韓国ソンス風として成立する候補。 星評価は★★★☆☆。坪数は約32.8坪で、大きな突出条件は少ないが、標準的な検討対象。。
貸店舗・事務所(一部) 高松市 国分寺町福家 (挿頭丘駅) の貸店舗・事務所(一部),香川県高松市国分寺町福家,エムクレア,https://www.mcrea.jp/kasi-tenpo/detail-68955a821363053550874c30/,34.2790659,133.972223,33 万円,330000.0,108.27㎡,108.27,32.75坪,32.75,10076.0,可,郊外,中規模,店舗系,不明,不明,郊外・駐車場依存型,,郊外生活圏カフェ,33,1050,495000.0,1500000.0,57692.0,55.0,55.0,82.0,14410000,17,D,多客数が必須 / 必要月商150万円以下 / 初期投資1500万円以下 / 飲食可 / 郊外で駐車場確認必要,"郊外・駐車場依存型。必要月商1,500,000円、必要日客数55人が目安。",78,75,53,65,75,17.0,66.6,★★★☆☆,26,標準テナント実装型,条件を整理すれば韓国ソンス風として成立する候補。 星評価は★★★☆☆。坪数は約32.8坪で、大きな突出条件は少ないが、標準的な検討対象。。
ＭＮ店舗1Ｆ【香川町川東】,香川県高松市香川町川東上1764番地,テナント香川,https://www.tenantkagawa.com/article/search/00002548,,,"121,000円（税込）",121000.0,168m 2 （50.82坪）,168.0,,50.82,2381.0,可,郊外,大型,店舗系,不明,不明,大型投資・高売上必須型,,大型滞在・複合目的型カフェ,56,1250,371000.0,1374074.0,52849.0,42.0,42.0,76.0,33541200,5,D,推奨必要日客数80人以下 / 必要月商150万円以下 / 初期投資が重い / 飲食可 / 郊外で駐車場確認必要 / 大型投資型のため慎重判断 / 席数に対する必要回転数は低め,"大型投資・高売上必須型。必要月商1,374,074円、必要日客数42人が目安。",83,75,53,65,65,5.0,66.4,★★★☆☆,27,標準テナント実装型,条件を整理すれば韓国ソンス風として成立する候補。 星評価は★★★☆☆。坪数は約50.8坪で、空間の余白・開放感を作りやすい。
漆原テナント・事務所 1階,香川県高松市香川町大野,高松ハウジングサービス,https://www.takamatsuhousing.jp/kasi-tenpo/detail-640d66da94d1b8330da06dcb/,34.2664945,134.0255298,8万円,80000.0,85.20㎡,85.2,,25.77,3104.0,不可,郊外,中規模,店舗系,1階・路面想定,不明,郊外・駐車場依存型,,郊外生活圏カフェ,26,1050,240000.0,727273.0,27972.0,27.0,27.0,40.0,11340120,5,D,推奨必要日客数50人以下 / 必要月商80万円以下 / 初期投資1500万円以下 / 飲食不可のため原則対象外 / 1階・路面想定 / 郊外で駐車場確認必要 / 席数に対する必要回転数は低め,"郊外・駐車場依存型。必要月商727,273円、必要日客数27人が目安。",66,77,53,65,100,5.0,65.0,★★★☆☆,28,標準テナント実装型,条件を整理すれば韓国ソンス風として成立する候補。 星評価は★★★☆☆。坪数は約25.8坪で、大きな突出条件は少ないが、標準的な検討対象。。
香川町浅野貸店舗 1階店舗,香川県高松市香川町浅野,高松ハウジングサービス,https://www.takamatsuhousing.jp/kasi-tenpo/detail-590a7804e5a69c3b10d8431f/,34.2587691,134.0425443,8万円,80000.0,70.00㎡,70.0,,21.18,3778.0,不可,郊外,中規模,店舗系,1階・路面想定,不明,郊外・駐車場依存型,,郊外生活圏カフェ,21,1050,240000.0,727273.0,27972.0,27.0,27.0,40.0,9317000,5,D,推奨必要日客数50人以下 / 必要月商80万円以下 / 初期投資1500万円以下 / 飲食不可のため原則対象外 / 1階・路面想定 / 郊外で駐車場確認必要 / 席数に対する必要回転数は低め,"郊外・駐車場依存型。必要月商727,273円、必要日客数27人が目安。",66,77,53,65,100,5.0,65.0,★★★☆☆,29,標準テナント実装型,条件を整理すれば韓国ソンス風として成立する候補。 星評価は★★★☆☆。坪数は約21.2坪で、大きな突出条件は少ないが、標準的な検討対象。。
高松市 六条町 (水田駅) の貸店舗（一括）,香川県高松市六条町,高松ハウジングサービス,https://www.takamatsuhousing.jp/kasi-tenpo/detail-58bf9517e5a69c0e2c12e0ed/,34.2985968,134.0836537,25万円,250000.0,182.38㎡,182.38,,55.17,4531.0,可,郊外,大型,店舗系,不明,不明,大型投資・高売上必須型,,大型滞在・複合目的型カフェ,61,1250,500000.0,1851852.0,71225.0,57.0,57.0,103.0,36412168,0,D,多客数が必須 / 必要月商250万円以下 / 初期投資が重い / 飲食可 / 郊外で駐車場確認必要 / 大型投資型のため慎重判断 / 席数に対する必要回転数は低め,"大型投資・高売上必須型。必要月商1,851,852円、必要日客数57人が目安。",83,75,53,65,50,0.0,64.8,★★★☆☆,30,標準テナント実装型,ブランド実装には制約があり、設計上の工夫が必要。 星評価は★★★☆☆。坪数は約55.2坪で、空間の余白・開放感を作りやすい、投資負担や家賃負担には注意が必要。
貸店舗（一括） 高松市 六条町 (水田駅) の貸店舗（一括）,香川県高松市六条町,エムクレア,https://www.mcrea.jp/kasi-tenpo/detail-58bf9517e5a69c0e2c12e0ed/,,,25 万円,250000.0,182.38㎡,182.38,55.16坪,55.16,4532.0,可,郊外,大型,店舗系,不明,不明,大型投資・高売上必須型,,大型滞在・複合目的型カフェ,61,1250,500000.0,1851852.0,71225.0,57.0,57.0,103.0,36405600,0,D,多客数が必須 / 必要月商250万円以下 / 初期投資が重い / 飲食可 / 郊外で駐車場確認必要 / 大型投資型のため慎重判断 / 席数に対する必要回転数は低め,"大型投資・高売上必須型。必要月商1,851,852円、必要日客数57人が目安。",83,75,53,65,50,0.0,64.8,★★★☆☆,31,標準テナント実装型,ブランド実装には制約があり、設計上の工夫が必要。 星評価は★★★☆☆。坪数は約55.2坪で、空間の余白・開放感を作りやすい、投資負担や家賃負担には注意が必要。
貸店舗（一部） 錦町１丁目　小川マンション１階店舗 1階,香川県高松市錦町１丁目,エムクレア,https://www.mcrea.jp/kasi-tenpo/detail-699d42258f9bb7ed6b2b1bdd/,34.3475208,134.044579,16.5 万円,165000.0,68.00㎡,68.0,20.56坪,20.56,8025.0,可,不明,中規模,店舗系,1階・路面想定,不明,低固定費・小商圏型,,小規模カフェ・テイクアウト併設,21,900,325000.0,855263.0,32895.0,37.0,37.0,51.0,8224000,50,C,推奨必要日客数80人以下 / 必要月商150万円以下 / 初期投資1500万円以下 / 飲食可 / 1階・路面想定,"低固定費・小商圏型。必要月商855,263円、必要日客数37人が目安。",66,77,45,50,95,50.0,64.5,★★★☆☆,32,標準テナント実装型,ブランド実装には制約があり、設計上の工夫が必要。 星評価は★★★☆☆。坪数は約20.6坪で、夜営業の集客導線は弱め。
錦町１丁目　小川マンション１階店舗 1階,香川県高松市錦町１丁目,高松ハウジングサービス,https://www.takamatsuhousing.jp/kasi-tenpo/detail-699d42258f9bb7ed6b2b1bdd/,34.3475208,134.044579,16.5万円,165000.0,68.00㎡,68.0,,20.57,8021.0,可,不明,中規模,店舗系,1階・路面想定,不明,低固定費・小商圏型,,小規模カフェ・テイクアウト併設,21,900,325000.0,855263.0,32895.0,37.0,37.0,51.0,8228000,50,C,推奨必要日客数80人以下 / 必要月商150万円以下 / 初期投資1500万円以下 / 飲食可 / 1階・路面想定,"低固定費・小商圏型。必要月商855,263円、必要日客数37人が目安。",66,77,45,50,95,50.0,64.5,★★★☆☆,33,標準テナント実装型,ブランド実装には制約があり、設計上の工夫が必要。 星評価は★★★☆☆。坪数は約20.6坪で、夜営業の集客導線は弱め。
ツゥーフィートビル 5-B,香川県高松市鍛冶屋町,高松ハウジングサービス,https://www.takamatsuhousing.jp/kasi-tenpo/detail-682a97c00113b83abe1a03d1/,34.3428604,134.0487343,16.5万円,165000.0,61.62㎡,61.62,,18.64,8852.0,可,中心街,小規模,不明,不明,不明,中心街・高単価型,,中心街高単価・目的来店型カフェ,17,1400,265000.0,854839.0,32878.0,23.0,23.0,42.0,10997630,59,C,推奨必要日客数50人以下 / 必要月商150万円以下 / 初期投資1500万円以下 / 飲食可 / 小規模高単価モデル向き,"中心街・高単価型。必要月商854,839円、必要日客数23人が目安。",46,55,100,55,95,59.0,64.1,★★★☆☆,34,小型ミニマム実装型,ブランド実装には制約があり、設計上の工夫が必要。 星評価は★★★☆☆。坪数は約18.6坪で、面積または席密度の面で余白確保に課題がある、夜カフェ・夜パフェ需要との相性が高い。
貸店舗（一部） ツゥーフィートビル 5-B,香川県高松市鍛冶屋町,エムクレア,https://www.mcrea.jp/kasi-tenpo/detail-682a97c00113b83abe1a03d1/,34.3428604,134.0487343,16.5 万円,165000.0,61.62㎡,61.62,18.63坪,18.63,8857.0,可,中心街,小規模,店舗系,不明,不明,中心街・高単価型,,中心街高単価・目的来店型カフェ,17,1400,265000.0,854839.0,32878.0,23.0,23.0,42.0,10991700,59,C,推奨必要日客数50人以下 / 必要月商150万円以下 / 初期投資1500万円以下 / 飲食可 / 小規模高単価モデル向き,"中心街・高単価型。必要月商854,839円、必要日客数23人が目安。",46,55,100,55,95,59.0,64.1,★★★☆☆,35,小型ミニマム実装型,ブランド実装には制約があり、設計上の工夫が必要。 星評価は★★★☆☆。坪数は約18.6坪で、面積または席密度の面で余白確保に課題がある、夜カフェ・夜パフェ需要との相性が高い。
高松市 亀岡町 (栗林公園北口駅) の貸店舗・事務所(一部),香川県高松市亀岡町,高松ハウジングサービス,https://www.takamatsuhousing.jp/kasi-tenpo/detail-640e8a8741708e129e914078/,34.3369293,134.0412259,20万円,200000.0,99.56㎡,99.56,,30.12,6641.0,不可,不明,中規模,店舗系,不明,不明,低固定費・小商圏型,,小規模カフェ・テイクアウト併設,30,900,360000.0,947368.0,36437.0,40.0,40.0,57.0,12046760,0,D,推奨必要日客数80人以下 / 必要月商150万円以下 / 初期投資1500万円以下 / 飲食不可のため原則対象外 / 席数に対する必要回転数は低め,"低固定費・小商圏型。必要月商947,368円、必要日客数40人が目安。",78,75,45,50,95,0.0,63.8,★★★☆☆,36,標準テナント実装型,ブランド実装には制約があり、設計上の工夫が必要。 星評価は★★★☆☆。坪数は約30.1坪で、夜営業の集客導線は弱め。
プレシャス番町ビル（第一讃機ビル） 2F南東コスモス,香川県高松市番町３丁目,高松ハウジングサービス,https://www.takamatsuhousing.jp/kasi-tenpo/detail-63d8a4e80cccef06e5316d54/,34.3423736,134.0417194,27.5万円,275000.0,169.00㎡,169.0,,51.12,5379.0,不可,準中心街,大型,不明,上階・地下想定,不明,大型投資・高売上必須型,,大型滞在・複合目的型カフェ,56,1250,525000.0,1944444.0,74786.0,60.0,60.0,108.0,33740852,0,D,多客数が必須 / 必要月商250万円以下 / 初期投資が重い / 飲食不可のため原則対象外 / 上階・地下で集客難度あり / 大型投資型のため慎重判断 / 席数に対する必要回転数は低め,"大型投資・高売上必須型。必要月商1,944,444円、必要日客数60人が目安。",83,67,65,55,50,0.0,63.6,★★★☆☆,37,標準テナント実装型,ブランド実装には制約があり、設計上の工夫が必要。 星評価は★★★☆☆。坪数は約51.1坪で、空間の余白・開放感を作りやすい、投資負担や家賃負担には注意が必要。
貸店舗（一部） ＷｅＢａｓｅ高松 B1-1F,香川県高松市瓦町１丁目,エムクレア,https://www.mcrea.jp/kasi-tenpo/detail-6968a44f2c4b41c3593e8b9c/,34.3178937,133.8417036,220 万円,2200000.0,"1,038.74㎡",1038.74,314.21坪,314.21,7002.0,可,中心街,大型,店舗系,1階・路面想定,不明,大型投資・高売上必須型,,大型滞在・複合目的型カフェ,346,1250,3410000.0,12629630.0,485755.0,389.0,389.0,699.0,207378600,0,D,多客数が必須 / 高売上必須 / 初期投資が重い / 飲食可 / 1階・路面想定 / 大型投資型のため慎重判断,"大型投資・高売上必須型。必要月商12,629,630円、必要日客数389人が目安。",63,72,100,55,20,0.0,63.3,★★★☆☆,38,標準テナント実装型,ブランド実装には制約があり、設計上の工夫が必要。 星評価は★★★☆☆。坪数は約314.2坪で、夜カフェ・夜パフェ需要との相性が高い、投資負担や家賃負担には注意が必要。
ＷｅＢａｓｅ高松 B1-1F,香川県高松市瓦町１丁目,高松ハウジングサービス,https://www.takamatsuhousing.jp/kasi-tenpo/detail-6968a44f2c4b41c3593e8b9c/,34.3412277,134.051584,220万円,2200000.0,"1,038.74㎡",1038.74,,314.22,7001.0,可,中心街,大型,不明,1階・路面想定,不明,大型投資・高売上必須型,,大型滞在・複合目的型カフェ,346,1250,3410000.0,12629630.0,485755.0,389.0,389.0,699.0,207384449,0,D,多客数が必須 / 高売上必須 / 初期投資が重い / 飲食可 / 1階・路面想定 / 大型投資型のため慎重判断,"大型投資・高売上必須型。必要月商12,629,630円、必要日客数389人が目安。",63,72,100,55,20,0.0,63.3,★★★☆☆,39,標準テナント実装型,ブランド実装には制約があり、設計上の工夫が必要。 星評価は★★★☆☆。坪数は約314.2坪で、夜カフェ・夜パフェ需要との相性が高い、投資負担や家賃負担には注意が必要。
大山テナントビル【中央町】1F,香川県高松市中央町-4-17,テナント香川,https://www.tenantkagawa.com/article/search/00002641,34.3364526,134.0452022,"126,500円（税込）",126500.0,65m 2 （19.66坪）,65.0,,19.66,6434.0,可,準中心街,小規模,店舗系,1階・路面想定,不明,準中心街・生活圏型,,要個別検討,18,1000,226500.0,647143.0,24890.0,25.0,25.0,37.0,9830000,70,B,推奨必要日客数50人以下 / 必要月商80万円以下 / 初期投資1500万円以下 / 飲食可 / 1階・路面想定,"準中心街・生活圏型。必要月商647,143円、必要日客数25人が目安。",46,67,65,55,100,70.0,62.2,★★★☆☆,40,小型ミニマム実装型,ブランド実装には制約があり、設計上の工夫が必要。 星評価は★★★☆☆。坪数は約19.7坪で、面積または席密度の面で余白確保に課題がある。
高松市 香川町寺井 (空港通り駅) の貸店舗（一部）,香川県高松市香川町寺井,高松ハウジングサービス,https://www.takamatsuhousing.jp/kasi-tenpo/detail-624cf5c1655be9215e0d7ed0/,34.2718437,134.0304778,8.5万円,85000.0,71.01㎡,71.01,,21.48,3957.0,不可,郊外,中規模,店舗系,不明,不明,郊外・駐車場依存型,,郊外生活圏カフェ,21,1050,245000.0,742424.0,28555.0,27.0,27.0,41.0,9451431,0,D,推奨必要日客数50人以下 / 必要月商80万円以下 / 初期投資1500万円以下 / 飲食不可のため原則対象外 / 郊外で駐車場確認必要 / 席数に対する必要回転数は低め,"郊外・駐車場依存型。必要月商742,424円、必要日客数27人が目安。",66,65,53,65,100,0.0,61.4,★★★☆☆,41,標準テナント実装型,ブランド実装には制約があり、設計上の工夫が必要。 星評価は★★★☆☆。坪数は約21.5坪で、大きな突出条件は少ないが、標準的な検討対象。。
シャトー古馬場　２階 2階,香川県高松市古馬場町,高松ハウジングサービス,https://www.takamatsuhousing.jp/kasi-tenpo/detail-5558977d424941055706b417/,34.3425721,134.0518077,16.5万円,165000.0,65.91㎡,65.91,,19.94,8276.0,可,中心街,小規模,不明,上階・地下想定,不明,中心街・高単価型,,隠れ家・予約寄り高単価カフェ,18,1600,265000.0,913793.0,35146.0,22.0,22.0,44.0,12461110,51,C,推奨必要日客数50人以下 / 必要月商150万円以下 / 初期投資1500万円以下 / 飲食可 / 上階・地下で集客難度あり / 小規模高単価モデル向き,"中心街・高単価型。必要月商913,793円、必要日客数22人が目安。",46,47,100,55,95,51.0,61.3,★★★☆☆,42,小型ミニマム実装型,ブランド実装には制約があり、設計上の工夫が必要。 星評価は★★★☆☆。坪数は約19.9坪で、面積または席密度の面で余白確保に課題がある、夜カフェ・夜パフェ需要との相性が高い。
貸店舗（一部） シャトー古馬場　２階 2階,香川県高松市古馬場町,エムクレア,https://www.mcrea.jp/kasi-tenpo/detail-5558977d424941055706b417/,34.3425721,134.0518077,16.5 万円,165000.0,65.91㎡,65.91,19.93坪,19.93,8279.0,可,中心街,小規模,店舗系,上階・地下想定,不明,中心街・高単価型,,隠れ家・予約寄り高単価カフェ,18,1600,265000.0,913793.0,35146.0,22.0,22.0,44.0,12456250,51,C,推奨必要日客数50人以下 / 必要月商150万円以下 / 初期投資1500万円以下 / 飲食可 / 上階・地下で集客難度あり / 小規模高単価モデル向き,"中心街・高単価型。必要月商913,793円、必要日客数22人が目安。",46,47,100,55,95,51.0,61.3,★★★☆☆,43,小型ミニマム実装型,ブランド実装には制約があり、設計上の工夫が必要。 星評価は★★★☆☆。坪数は約19.9坪で、面積または席密度の面で余白確保に課題がある、夜カフェ・夜パフェ需要との相性が高い。
新井ビル 1階,香川県高松市成合町,高松ハウジングサービス,https://www.takamatsuhousing.jp/kasi-tenpo/detail-55588e3142494231b8305814/,34.2994211,134.0156685,15.07万円,150700.0,98.41㎡,98.41,,29.77,5062.0,不可,不明,中規模,不明,1階・路面想定,不明,低固定費・小商圏型,,小規模カフェ・テイクアウト併設,30,900,310700.0,817632.0,31447.0,35.0,35.0,49.0,11907610,2,D,推奨必要日客数50人以下 / 必要月商150万円以下 / 初期投資1500万円以下 / 飲食不可のため原則対象外 / 1階・路面想定 / 席数に対する必要回転数は低め,"低固定費・小商圏型。必要月商817,632円、必要日客数35人が目安。",66,77,45,50,95,2.0,61.1,★★★☆☆,44,標準テナント実装型,ブランド実装には制約があり、設計上の工夫が必要。 星評価は★★★☆☆。坪数は約29.8坪で、夜営業の集客導線は弱め。
貸店舗（一部） ソレイユ第一ビル 202,香川県高松市亀井町,エムクレア,https://www.mcrea.jp/kasi-tenpo/detail-555897fe42494105814fab17/,34.3400205,134.0501426,53.96 万円,539600.0,324.36㎡,324.36,98.11坪,98.11,5500.0,可,中心街,大型,店舗系,不明,不明,大型投資・高売上必須型,,大型滞在・複合目的型カフェ,108,1250,836380.0,3097704.0,119142.0,95.0,95.0,172.0,64752600,0,D,多客数が必須 / 高売上必須 / 初期投資が重い / 飲食可 / 大型投資型のため慎重判断 / 席数に対する必要回転数は低め,"大型投資・高売上必須型。必要月商3,097,704円、必要日客数95人が目安。",63,60,100,55,20,0.0,60.0,★★★☆☆,45,標準テナント実装型,ブランド実装には制約があり、設計上の工夫が必要。 星評価は★★★☆☆。坪数は約98.1坪で、夜カフェ・夜パフェ需要との相性が高い、投資負担や家賃負担には注意が必要。
貸店舗（一部） ソレイユ第一ビル 202,香川県高松市亀井町,植村不動産,https://www.uemura-re.jp/kasi-tenpo/detail-682727f87ecab2371a64cb05/,34.3400205,134.0501426,53.96 万円,539600.0,324.36㎡,324.36,98.11坪,98.11,5500.0,可,中心街,大型,店舗系,不明,不明,大型投資・高売上必須型,,大型滞在・複合目的型カフェ,108,1250,836380.0,3097704.0,119142.0,95.0,95.0,172.0,64752600,0,D,多客数が必須 / 高売上必須 / 初期投資が重い / 飲食可 / 大型投資型のため慎重判断 / 席数に対する必要回転数は低め,"大型投資・高売上必須型。必要月商3,097,704円、必要日客数95人が目安。",63,60,100,55,20,0.0,60.0,★★★☆☆,46,標準テナント実装型,ブランド実装には制約があり、設計上の工夫が必要。 星評価は★★★☆☆。坪数は約98.1坪で、夜カフェ・夜パフェ需要との相性が高い、投資負担や家賃負担には注意が必要。
ソレイユ第一ビル 202,香川県高松市亀井町,高松ハウジングサービス,https://www.takamatsuhousing.jp/kasi-tenpo/detail-555897fe42494105814fab17/,34.3401075,134.0481231,53.96万円,539600.0,324.36㎡,324.36,,98.12,5499.0,可,中心街,大型,不明,不明,不明,大型投資・高売上必須型,,大型滞在・複合目的型カフェ,108,1250,836380.0,3097704.0,119142.0,95.0,95.0,172.0,64758476,0,D,多客数が必須 / 高売上必須 / 初期投資が重い / 飲食可 / 大型投資型のため慎重判断 / 席数に対する必要回転数は低め,"大型投資・高売上必須型。必要月商3,097,704円、必要日客数95人が目安。",63,60,100,55,20,0.0,60.0,★★★☆☆,47,標準テナント実装型,ブランド実装には制約があり、設計上の工夫が必要。 星評価は★★★☆☆。坪数は約98.1坪で、夜カフェ・夜パフェ需要との相性が高い、投資負担や家賃負担には注意が必要。
貸店舗（一部） じゃこ丸ビル ５階　南,香川県高松市西の丸町,エムクレア,https://www.mcrea.jp/kasi-tenpo/detail-681acd9ced5168205e52f3c4/,34.3488268,134.0484856,22 万円,220000.0,92.00㎡,92.0,27.82坪,27.82,7908.0,可,不明,中規模,店舗系,不明,不明,低固定費・小商圏型,,小規模カフェ・テイクアウト併設,28,900,380000.0,1000000.0,38462.0,43.0,43.0,60.0,11128000,42,D,推奨必要日客数80人以下 / 必要月商150万円以下 / 初期投資1500万円以下 / 飲食可,"低固定費・小商圏型。必要月商1,000,000円、必要日客数43人が目安。",66,65,45,50,85,42.0,59.9,★★☆☆☆,48,実装難度高,ブランド実装には制約があり、設計上の工夫が必要。 星評価は★★☆☆☆。坪数は約27.8坪で、夜営業の集客導線は弱め。
じゃこ丸ビル ５階　南,香川県高松市西の丸町,高松ハウジングサービス,https://www.takamatsuhousing.jp/kasi-tenpo/detail-681acd9ced5168205e52f3c4/,34.3493418,134.0469457,22万円,220000.0,92.00㎡,92.0,,27.83,7905.0,可,不明,中規模,不明,不明,不明,低固定費・小商圏型,,小規模カフェ・テイクアウト併設,28,900,380000.0,1000000.0,38462.0,43.0,43.0,60.0,11132000,42,D,推奨必要日客数80人以下 / 必要月商150万円以下 / 初期投資1500万円以下 / 飲食可,"低固定費・小商圏型。必要月商1,000,000円、必要日客数43人が目安。",66,65,45,50,85,42.0,59.9,★★☆☆☆,49,実装難度高,ブランド実装には制約があり、設計上の工夫が必要。 星評価は★★☆☆☆。坪数は約27.8坪で、夜営業の集客導線は弱め。
高松市 香川町寺井 (空港通り駅) の貸店舗（一部）,香川県高松市香川町寺井,高松ハウジングサービス,https://www.takamatsuhousing.jp/kasi-tenpo/detail-5af17282e5a69c474d30150d/,34.2718437,134.0304778,8.8万円,88000.0,63.44㎡,63.44,,19.19,4586.0,可,郊外,小規模,店舗系,不明,不明,低固定費・小商圏型,,小規模カフェ・テイクアウト併設,17,900,188000.0,494737.0,19028.0,21.0,21.0,30.0,7676240,87,A,推奨必要日客数30人以下 / 必要月商50万円以下 / 初期投資800万円以下 / 飲食可 / 郊外で駐車場確認必要 / 低客数で成立しやすい / 席数に対する必要回転数は低め,"低固定費・小商圏型。必要月商494,737円、必要日客数21人が目安。",46,55,53,65,100,87.0,59.2,★★☆☆☆,50,実装難度高,ブランド実装には制約があり、設計上の工夫が必要。 星評価は★★☆☆☆。坪数は約19.2坪で、面積または席密度の面で余白確保に課題がある。
貸店舗（一部） 高松市 香川町寺井 (空港通り駅) の貸店舗（一部）,香川県高松市香川町寺井,エムクレア,https://www.mcrea.jp/kasi-tenpo/detail-5af17282e5a69c474d30150d/,34.2723454,134.034955,8.8 万円,88000.0,63.44㎡,63.44,19.19坪,19.19,4586.0,可,郊外,小規模,店舗系,不明,不明,低固定費・小商圏型,,小規模カフェ・テイクアウト併設,17,900,188000.0,494737.0,19028.0,21.0,21.0,30.0,7676000,87,A,推奨必要日客数30人以下 / 必要月商50万円以下 / 初期投資800万円以下 / 飲食可 / 郊外で駐車場確認必要 / 低客数で成立しやすい / 席数に対する必要回転数は低め,"低固定費・小商圏型。必要月商494,737円、必要日客数21人が目安。",46,55,53,65,100,87.0,59.2,★★☆☆☆,51,実装難度高,ブランド実装には制約があり、設計上の工夫が必要。 星評価は★★☆☆☆。坪数は約19.2坪で、面積または席密度の面で余白確保に課題がある。
新井ビル 200,香川県高松市成合町,高松ハウジングサービス,https://www.takamatsuhousing.jp/kasi-tenpo/detail-5bf219fbe5a69c28beb84613/,34.2994211,134.0156685,7.7万円,77000.0,66.54㎡,66.54,,20.13,3825.0,不可,不明,中規模,不明,不明,不明,低固定費・小商圏型,,小規模カフェ・テイクアウト併設,20,900,237000.0,623684.0,23988.0,27.0,27.0,37.0,8051340,2,D,推奨必要日客数50人以下 / 必要月商80万円以下 / 初期投資1500万円以下 / 飲食不可のため原則対象外 / 席数に対する必要回転数は低め,"低固定費・小商圏型。必要月商623,684円、必要日客数27人が目安。",66,65,45,50,100,2.0,58.3,★★☆☆☆,52,実装難度高,ブランド実装には制約があり、設計上の工夫が必要。 星評価は★★☆☆☆。坪数は約20.1坪で、夜営業の集客導線は弱め。
クリエイトビル 4Ｆ,香川県高松市塩上町３丁目,高松ハウジングサービス,https://www.takamatsuhousing.jp/kasi-tenpo/detail-5ff50ad7298a4d3b7e2e7212/,34.3388772,134.0573648,9.9万円,99000.0,71.77㎡,71.77,,21.71,4560.0,不可,不明,中規模,不明,不明,不明,低固定費・小商圏型,,小規模カフェ・テイクアウト併設,22,900,259000.0,681579.0,26215.0,29.0,29.0,41.0,8684170,2,D,推奨必要日客数50人以下 / 必要月商80万円以下 / 初期投資1500万円以下 / 飲食不可のため原則対象外 / 席数に対する必要回転数は低め,"低固定費・小商圏型。必要月商681,579円、必要日客数29人が目安。",66,65,45,50,100,2.0,58.3,★★☆☆☆,53,実装難度高,ブランド実装には制約があり、設計上の工夫が必要。 星評価は★★☆☆☆。坪数は約21.7坪で、夜営業の集客導線は弱め。
貸店舗（一部） クイーンズスクエアービル第２ 7-A,香川県高松市瓦町１丁目,エムクレア,https://www.mcrea.jp/kasi-tenpo/detail-5a5c0b969732ec2c56db5cf7/,34.3178937,133.8417036,7.7 万円,77000.0,41.50㎡,41.5,12.55坪,12.55,6135.0,可,中心街,小規模,店舗系,不明,不明,中心街・高単価型,,中心街高単価・目的来店型カフェ,11,1400,177000.0,570968.0,21960.0,16.0,16.0,28.0,7404500,87,A,推奨必要日客数30人以下 / 必要月商80万円以下 / 初期投資800万円以下 / 飲食可 / 小規模高単価モデル向き,"中心街・高単価型。必要月商570,968円、必要日客数16人が目安。",26,45,100,55,100,87.0,58.1,★★☆☆☆,54,実装難度高,ブランド実装には制約があり、設計上の工夫が必要。 星評価は★★☆☆☆。坪数は約12.6坪で、面積または席密度の面で余白確保に課題がある、夜カフェ・夜パフェ需要との相性が高い。
クイーンズスクエアービル第２ 7-A,香川県高松市瓦町１丁目,高松ハウジングサービス,https://www.takamatsuhousing.jp/kasi-tenpo/detail-5a5c0b969732ec2c56db5cf7/,34.3412277,134.051584,7.7万円,77000.0,41.50㎡,41.5,,12.55,6134.0,可,中心街,小規模,不明,不明,不明,中心街・高単価型,,中心街高単価・目的来店型カフェ,11,1400,177000.0,570968.0,21960.0,16.0,16.0,28.0,7406712,87,A,推奨必要日客数30人以下 / 必要月商80万円以下 / 初期投資800万円以下 / 飲食可 / 小規模高単価モデル向き,"中心街・高単価型。必要月商570,968円、必要日客数16人が目安。",26,45,100,55,100,87.0,58.1,★★☆☆☆,55,実装難度高,ブランド実装には制約があり、設計上の工夫が必要。 星評価は★★☆☆☆。坪数は約12.6坪で、面積または席密度の面で余白確保に課題がある、夜カフェ・夜パフェ需要との相性が高い。
高松市 新北町 (昭和町駅) の貸店舗・事務所(一部),香川県高松市新北町,高松ハウジングサービス,https://www.takamatsuhousing.jp/kasi-tenpo/detail-6052fa256962487ccb19b993/,34.3529843,134.0256404,15.4万円,154000.0,71.87㎡,71.87,,21.74,7083.0,不可,不明,中規模,店舗系,不明,不明,低固定費・小商圏型,,小規模カフェ・テイクアウト併設,22,900,314000.0,826316.0,31781.0,35.0,35.0,49.0,8696270,0,D,推奨必要日客数50人以下 / 必要月商150万円以下 / 初期投資1500万円以下 / 飲食不可のため原則対象外,"低固定費・小商圏型。必要月商826,316円、必要日客数35人が目安。",66,65,45,50,95,0.0,57.7,★★☆☆☆,56,実装難度高,ブランド実装には制約があり、設計上の工夫が必要。 星評価は★★☆☆☆。坪数は約21.7坪で、夜営業の集客導線は弱め。
ソリッド 4D,香川県高松市古馬場町,瀬戸内ブルースカイ,https://www.setouchibluesky.jp/kasi-tenpo/detail-66f2a1cb01c9da32355dd689/,34.3425721,134.0518077,11 万円,110000.0,42.08㎡,42.08,12.72坪,12.72,8648.0,可,中心街,小規模,不明,不明,不明,中心街・高単価型,,中心街高単価・目的来店型カフェ,11,1400,210000.0,677419.0,26055.0,19.0,19.0,33.0,7504800,77,B,推奨必要日客数50人以下 / 必要月商80万円以下 / 初期投資800万円以下 / 飲食可 / 小規模高単価モデル向き,"中心街・高単価型。必要月商677,419円、必要日客数19人が目安。",26,45,100,55,100,77.0,57.4,★★☆☆☆,57,実装難度高,ブランド実装には制約があり、設計上の工夫が必要。 星評価は★★☆☆☆。坪数は約12.7坪で、面積または席密度の面で余白確保に課題がある、夜カフェ・夜パフェ需要との相性が高い。
貸店舗（一部） ソリッド 4D,香川県高松市古馬場町,エムクレア,https://www.mcrea.jp/kasi-tenpo/detail-60236530f54ec10a84ccca1f/,34.3425721,134.0518077,11 万円,110000.0,42.08㎡,42.08,12.72坪,12.72,8648.0,可,中心街,小規模,店舗系,不明,不明,中心街・高単価型,,中心街高単価・目的来店型カフェ,11,1400,210000.0,677419.0,26055.0,19.0,19.0,33.0,7504800,77,B,推奨必要日客数50人以下 / 必要月商80万円以下 / 初期投資800万円以下 / 飲食可 / 小規模高単価モデル向き,"中心街・高単価型。必要月商677,419円、必要日客数19人が目安。",26,45,100,55,100,77.0,57.4,★★☆☆☆,58,実装難度高,ブランド実装には制約があり、設計上の工夫が必要。 星評価は★★☆☆☆。坪数は約12.7坪で、面積または席密度の面で余白確保に課題がある、夜カフェ・夜パフェ需要との相性が高い。
ソリッド 4D,香川県高松市古馬場町,高松ハウジングサービス,https://www.takamatsuhousing.jp/kasi-tenpo/detail-60236530f54ec10a84ccca1f/,34.3425721,134.0518077,11万円,110000.0,42.08㎡,42.08,,12.73,8642.0,可,中心街,小規模,不明,不明,不明,中心街・高単価型,,中心街高単価・目的来店型カフェ,11,1400,210000.0,677419.0,26055.0,19.0,19.0,33.0,7510228,77,B,推奨必要日客数50人以下 / 必要月商80万円以下 / 初期投資800万円以下 / 飲食可 / 小規模高単価モデル向き,"中心街・高単価型。必要月商677,419円、必要日客数19人が目安。",26,45,100,55,100,77.0,57.4,★★☆☆☆,59,実装難度高,ブランド実装には制約があり、設計上の工夫が必要。 星評価は★★☆☆☆。坪数は約12.7坪で、面積または席密度の面で余白確保に課題がある、夜カフェ・夜パフェ需要との相性が高い。
貸店舗（一部） ガーデンコート高松 2F,香川県高松市大工町,エムクレア,https://www.mcrea.jp/kasi-tenpo/detail-63e7433dd93d1c3663901541/,34.2609473,134.034365,33 万円,330000.0,199.51㎡,199.51,60.35坪,60.35,5468.0,可,中心街,大型,店舗系,上階・地下想定,不明,大型投資・高売上必須型,,大型滞在・複合目的型カフェ,66,1250,580000.0,2148148.0,82621.0,66.0,66.0,119.0,39831000,0,D,多客数が必須 / 必要月商250万円以下 / 初期投資が重い / 飲食可 / 上階・地下で集客難度あり / 大型投資型のため慎重判断 / 席数に対する必要回転数は低め,"大型投資・高売上必須型。必要月商2,148,148円、必要日客数66人が目安。",76,52,65,55,30,0.0,56.0,★★☆☆☆,60,実装難度高,ブランド実装には制約があり、設計上の工夫が必要。 星評価は★★☆☆☆。坪数は約60.4坪で、投資負担や家賃負担には注意が必要。
ガーデンコート高松 2F,香川県高松市大工町,高松ハウジングサービス,https://www.takamatsuhousing.jp/kasi-tenpo/detail-63e7433dd93d1c3663901541/,34.3445496,134.0527521,33万円,330000.0,199.51㎡,199.51,,60.35,5468.0,可,中心街,大型,不明,上階・地下想定,不明,大型投資・高売上必須型,,大型滞在・複合目的型カフェ,66,1250,580000.0,2148148.0,82621.0,66.0,66.0,119.0,39832173,0,D,多客数が必須 / 必要月商250万円以下 / 初期投資が重い / 飲食可 / 上階・地下で集客難度あり / 大型投資型のため慎重判断 / 席数に対する必要回転数は低め,"大型投資・高売上必須型。必要月商2,148,148円、必要日客数66人が目安。",76,52,65,55,30,0.0,56.0,★★☆☆☆,61,実装難度高,ブランド実装には制約があり、設計上の工夫が必要。 星評価は★★☆☆☆。坪数は約60.4坪で、投資負担や家賃負担には注意が必要。
ＡＫビル片原町Ⅱ　２階　北東 （２０１）,香川県高松市片原町,高松ハウジングサービス,https://www.takamatsuhousing.jp/kasi-tenpo/detail-684fade320d8493430490ebe/,34.3458826,134.0543651,7.7万円,77000.0,40.00㎡,40.0,,12.1,6364.0,可,中心街,小規模,不明,上階・地下想定,不明,中心街・高単価型,,隠れ家・予約寄り高単価カフェ,11,1600,177000.0,610345.0,23475.0,15.0,15.0,29.0,7562500,79,B,推奨必要日客数30人以下 / 必要月商80万円以下 / 初期投資800万円以下 / 飲食可 / 上階・地下で集客難度あり / 小規模高単価モデル向き,"中心街・高単価型。必要月商610,345円、必要日客数15人が目安。",26,37,100,55,100,79.0,55.4,★★☆☆☆,62,実装難度高,ブランド実装には制約があり、設計上の工夫が必要。 星評価は★★☆☆☆。坪数は約12.1坪で、面積または席密度の面で余白確保に課題がある、夜カフェ・夜パフェ需要との相性が高い。
貸店舗（一部） ＡＫビル片原町Ⅱ　２階　北東 （２０１）,香川県高松市片原町,エムクレア,https://www.mcrea.jp/kasi-tenpo/detail-684fade320d8493430490ebe/,34.3458826,134.0543651,7.7 万円,77000.0,40.00㎡,40.0,12.09坪,12.09,6369.0,可,中心街,小規模,店舗系,上階・地下想定,不明,中心街・高単価型,,隠れ家・予約寄り高単価カフェ,11,1600,177000.0,610345.0,23475.0,15.0,15.0,29.0,7556250,79,B,推奨必要日客数30人以下 / 必要月商80万円以下 / 初期投資800万円以下 / 飲食可 / 上階・地下で集客難度あり / 小規模高単価モデル向き,"中心街・高単価型。必要月商610,345円、必要日客数15人が目安。",26,37,100,55,100,79.0,55.4,★★☆☆☆,63,実装難度高,ブランド実装には制約があり、設計上の工夫が必要。 星評価は★★☆☆☆。坪数は約12.1坪で、面積または席密度の面で余白確保に課題がある、夜カフェ・夜パフェ需要との相性が高い。
高松市 木太町 (林道駅) の貸店舗（一部）,香川県高松市木太町,高松ハウジングサービス,https://www.takamatsuhousing.jp/kasi-tenpo/detail-685e07f1970a600a34bedb25/,34.3318938,134.0800231,7万円,70000.0,56.10㎡,56.1,,16.97,4125.0,不可,準中心街,小規模,店舗系,不明,不明,準中心街・生活圏型,,要個別検討,15,1000,170000.0,485714.0,18681.0,19.0,19.0,28.0,8485125,17,D,推奨必要日客数30人以下 / 必要月商50万円以下 / 初期投資1500万円以下 / 飲食不可のため原則対象外 / 席数に対する必要回転数は低め,"準中心街・生活圏型。必要月商485,714円、必要日客数19人が目安。",46,55,65,55,100,17.0,55.2,★★☆☆☆,64,実装難度高,ブランド実装には制約があり、設計上の工夫が必要。 星評価は★★☆☆☆。坪数は約17.0坪で、面積または席密度の面で余白確保に課題がある。
one apartment店舗102号【新北町】,香川県高松市新北町-13-11,テナント香川,https://www.tenantkagawa.com/article/search/00002602,34.3529843,134.0256404,"110,000円（税込）",110000.0,52m 2 （15.73坪）,52.0,,15.73,6993.0,可,不明,小規模,店舗系,不明,不明,低固定費・小商圏型,,小規模カフェ・テイクアウト併設,14,900,210000.0,552632.0,21255.0,24.0,24.0,33.0,6292000,72,B,推奨必要日客数50人以下 / 必要月商80万円以下 / 初期投資800万円以下 / 飲食可,"低固定費・小商圏型。必要月商552,632円、必要日客数24人が目安。",46,55,45,50,100,72.0,54.9,★★☆☆☆,65,実装難度高,ブランド実装には制約があり、設計上の工夫が必要。 星評価は★★☆☆☆。坪数は約15.7坪で、面積または席密度の面で余白確保に課題がある、夜営業の集客導線は弱め。
ＳＹＫ店舗【伏石町】テナント,香川県高松市伏石町-2166-10,テナント香川,https://www.tenantkagawa.com/article/search/00002614,34.312094,134.0553112,"450,000円（税込）",450000.0,397.86m 2 （120.35坪）,397.86,,120.35,3739.0,可,準中心街,大型,店舗系,不明,不明,大型投資・高売上必須型,,大型滞在・複合目的型カフェ,132,1250,700000.0,2592593.0,99715.0,80.0,80.0,144.0,79431000,0,D,多客数が必須 / 高売上必須 / 初期投資が重い / 飲食可 / 大型投資型のため慎重判断 / 席数に対する必要回転数は低め,"大型投資・高売上必須型。必要月商2,592,593円、必要日客数80人が目安。",63,60,65,55,20,0.0,53.7,★★☆☆☆,66,実装難度高,ブランド実装には制約があり、設計上の工夫が必要。 星評価は★★☆☆☆。坪数は約120.3坪で、投資負担や家賃負担には注意が必要。
新井ビル 204,香川県高松市成合町,高松ハウジングサービス,https://www.takamatsuhousing.jp/kasi-tenpo/detail-5bf21f5ce5a69c7914b84609/,34.2994211,134.0156685,5.5万円,55000.0,49.59㎡,49.59,,15.0,3666.0,不可,不明,小規模,不明,不明,不明,低固定費・小商圏型,,小規模カフェ・テイクアウト併設,14,900,155000.0,407895.0,15688.0,17.0,17.0,24.0,6000390,32,D,推奨必要日客数30人以下 / 必要月商50万円以下 / 初期投資800万円以下 / 飲食不可のため原則対象外 / 低客数で成立しやすい / 席数に対する必要回転数は低め,"低固定費・小商圏型。必要月商407,895円、必要日客数17人が目安。",46,55,45,50,100,32.0,52.1,★★☆☆☆,67,実装難度高,ブランド実装には制約があり、設計上の工夫が必要。 星評価は★★☆☆☆。坪数は約15.0坪で、面積または席密度の面で余白確保に課題がある、夜営業の集客導線は弱め。
高松市 東田町 (瓦町駅) の貸店舗・事務所(一部),香川県高松市東田町,高松ハウジングサービス,https://www.takamatsuhousing.jp/kasi-tenpo/detail-6052fa6fadffbc51ad7e043f/,34.335862,134.0496573,6万円,60000.0,50.00㎡,50.0,,15.13,3967.0,不可,不明,小規模,店舗系,不明,不明,低固定費・小商圏型,,小規模カフェ・テイクアウト併設,14,900,160000.0,421053.0,16194.0,18.0,18.0,25.0,6050000,32,D,推奨必要日客数30人以下 / 必要月商50万円以下 / 初期投資800万円以下 / 飲食不可のため原則対象外 / 低客数で成立しやすい / 席数に対する必要回転数は低め,"低固定費・小商圏型。必要月商421,053円、必要日客数18人が目安。",46,55,45,50,100,32.0,52.1,★★☆☆☆,68,実装難度高,ブランド実装には制約があり、設計上の工夫が必要。 星評価は★★☆☆☆。坪数は約15.1坪で、面積または席密度の面で余白確保に課題がある、夜営業の集客導線は弱め。
宮脇町ビル 東,香川県高松市宮脇町１丁目,高松ハウジングサービス,https://www.takamatsuhousing.jp/kasi-tenpo/detail-67c006c873b679516875e115/,34.3382366,134.0359162,4.5万円,45000.0,44.19㎡,44.19,,13.37,3366.0,可,準中心街,小規模,不明,不明,不明,準中心街・生活圏型,,要個別検討,12,1000,145000.0,414286.0,15934.0,16.0,16.0,24.0,6683738,87,A,推奨必要日客数30人以下 / 必要月商50万円以下 / 初期投資800万円以下 / 飲食可 / 席数に対する必要回転数は低め,"準中心街・生活圏型。必要月商414,286円、必要日客数16人が目安。",26,45,65,55,100,87.0,51.8,★★☆☆☆,69,実装難度高,ブランド実装には制約があり、設計上の工夫が必要。 星評価は★★☆☆☆。坪数は約13.4坪で、面積または席密度の面で余白確保に課題がある。
貸店舗（一部） 宮脇町ビル 東,香川県高松市宮脇町１丁目,エムクレア,https://www.mcrea.jp/kasi-tenpo/detail-67c006c873b679516875e115/,34.3448764,134.0348642,4.5 万円,45000.0,44.19㎡,44.19,13.36坪,13.36,3368.0,可,準中心街,小規模,店舗系,不明,不明,準中心街・生活圏型,,要個別検討,12,1000,145000.0,414286.0,15934.0,16.0,16.0,24.0,6680000,87,A,推奨必要日客数30人以下 / 必要月商50万円以下 / 初期投資800万円以下 / 飲食可 / 席数に対する必要回転数は低め,"準中心街・生活圏型。必要月商414,286円、必要日客数16人が目安。",26,45,65,55,100,87.0,51.8,★★☆☆☆,70,実装難度高,ブランド実装には制約があり、設計上の工夫が必要。 星評価は★★☆☆☆。坪数は約13.4坪で、面積または席密度の面で余白確保に課題がある。
高松市 今里町１丁目 (栗林公園駅) の貸店舗・事務所(一部),香川県高松市今里町１丁目,高松ハウジングサービス,https://www.takamatsuhousing.jp/kasi-tenpo/detail-653cce171dae78356cd1ee74/,34.3257633,134.0570519,6万円,60000.0,37.50㎡,37.5,,11.34,5289.0,可,準中心街,極小,店舗系,不明,不明,準中心街・生活圏型,,要個別検討,10,1000,140000.0,400000.0,15385.0,15.0,15.0,23.0,5671875,87,A,推奨必要日客数30人以下 / 必要月商50万円以下 / 初期投資800万円以下 / 飲食可,"準中心街・生活圏型。必要月商400,000円、必要日客数15人が目安。",26,45,65,55,100,87.0,51.8,★★☆☆☆,71,実装難度高,ブランド実装には制約があり、設計上の工夫が必要。 星評価は★★☆☆☆。坪数は約11.3坪で、面積または席密度の面で余白確保に課題がある。
貸店舗・事務所(一部) 高松市 今里町１丁目 (栗林公園駅) の貸店舗・事務所(一部),香川県高松市今里町１丁目,エムクレア,https://www.mcrea.jp/kasi-tenpo/detail-653cce171dae78356cd1ee74/,34.3257633,134.0570519,6 万円,60000.0,37.50㎡,37.5,11.34坪,11.34,5291.0,可,準中心街,極小,店舗系,不明,不明,準中心街・生活圏型,,要個別検討,10,1000,140000.0,400000.0,15385.0,15.0,15.0,23.0,5670000,87,A,推奨必要日客数30人以下 / 必要月商50万円以下 / 初期投資800万円以下 / 飲食可,"準中心街・生活圏型。必要月商400,000円、必要日客数15人が目安。",26,45,65,55,100,87.0,51.8,★★☆☆☆,72,実装難度高,ブランド実装には制約があり、設計上の工夫が必要。 星評価は★★☆☆☆。坪数は約11.3坪で、面積または席密度の面で余白確保に課題がある。
クイ－ンズスケア第一 1階C,香川県高松市瓦町２丁目,高松ハウジングサービス,https://www.takamatsuhousing.jp/kasi-tenpo/detail-68f074cf4c8c312b4b224e88/,34.3399504,134.0514047,7.7万円,77000.0,22.16㎡,22.16,,6.7,11487.0,可,中心街,極小,不明,1階・路面想定,不明,中心街・高単価型,,中心街高単価・目的来店型カフェ,5,1400,157000.0,506452.0,19479.0,14.0,14.0,25.0,3955006,95,A,推奨必要日客数30人以下 / 必要月商80万円以下 / 初期投資800万円以下 / 飲食可 / 1階・路面想定 / 小規模高単価モデル向き / 席数に対する必要回転数は高め,"中心街・高単価型。必要月商506,452円、必要日客数14人が目安。",7,27,100,55,100,95.0,48.5,★★☆☆☆,73,実装難度高,韓国ソンス風の実装難度が高い候補。 星評価は★★☆☆☆。坪数は約6.7坪で、面積または席密度の面で余白確保に課題がある、夜カフェ・夜パフェ需要との相性が高い。
貸店舗（一部） クイ－ンズスケア第一 1階C,香川県高松市瓦町２丁目,エムクレア,https://www.mcrea.jp/kasi-tenpo/detail-68f074cf4c8c312b4b224e88/,34.3400205,134.0501426,7.7 万円,77000.0,22.16㎡,22.16,6.70坪,6.7,11493.0,可,中心街,極小,店舗系,1階・路面想定,不明,中心街・高単価型,,中心街高単価・目的来店型カフェ,5,1400,157000.0,506452.0,19479.0,14.0,14.0,25.0,3953000,95,A,推奨必要日客数30人以下 / 必要月商80万円以下 / 初期投資800万円以下 / 飲食可 / 1階・路面想定 / 小規模高単価モデル向き / 席数に対する必要回転数は高め,"中心街・高単価型。必要月商506,452円、必要日客数14人が目安。",7,27,100,55,100,95.0,48.5,★★☆☆☆,74,実装難度高,韓国ソンス風の実装難度が高い候補。 星評価は★★☆☆☆。坪数は約6.7坪で、面積または席密度の面で余白確保に課題がある、夜カフェ・夜パフェ需要との相性が高い。
貸店舗（一部） クイーンズスクエアービル第２ 6-C,香川県高松市瓦町１丁目,エムクレア,https://www.mcrea.jp/kasi-tenpo/detail-5c34354ad032a77cf332d8cd/,34.3178937,133.8417036,5.5 万円,55000.0,29.55㎡,29.55,8.93坪,8.93,6159.0,可,中心街,極小,店舗系,不明,不明,中心街・高単価型,,中心街高単価・目的来店型カフェ,7,1400,135000.0,435484.0,16749.0,12.0,12.0,22.0,5268700,92,A,推奨必要日客数30人以下 / 必要月商50万円以下 / 初期投資800万円以下 / 飲食可 / 小規模高単価モデル向き,"中心街・高単価型。必要月商435,484円、必要日客数12人が目安。",17,15,100,55,100,92.0,47.8,★★☆☆☆,75,実装難度高,韓国ソンス風の実装難度が高い候補。 星評価は★★☆☆☆。坪数は約8.9坪で、面積または席密度の面で余白確保に課題がある、夜カフェ・夜パフェ需要との相性が高い。
貸店舗（一部） クイーンズスクエア第２ 7-B,香川県高松市瓦町１丁目,エムクレア,https://www.mcrea.jp/kasi-tenpo/detail-5558977d4249410557f8b317/,34.3178937,133.8417036,5.5 万円,55000.0,31.57㎡,31.57,9.54坪,9.54,5765.0,可,中心街,極小,店舗系,不明,不明,中心街・高単価型,,中心街高単価・目的来店型カフェ,8,1400,135000.0,435484.0,16749.0,12.0,12.0,22.0,5628600,92,A,推奨必要日客数30人以下 / 必要月商50万円以下 / 初期投資800万円以下 / 飲食可 / 小規模高単価モデル向き,"中心街・高単価型。必要月商435,484円、必要日客数12人が目安。",17,15,100,55,100,92.0,47.8,★★☆☆☆,76,実装難度高,韓国ソンス風の実装難度が高い候補。 星評価は★★☆☆☆。坪数は約9.5坪で、面積または席密度の面で余白確保に課題がある、夜カフェ・夜パフェ需要との相性が高い。
貸店舗（一部） クイーンズスクエア第２ 5-B,香川県高松市瓦町１丁目,エムクレア,https://www.mcrea.jp/kasi-tenpo/detail-5558977d4249410557f6b317/,34.3178937,133.8417036,6.05 万円,60500.0,32.32㎡,32.32,9.77坪,9.77,6192.0,可,中心街,極小,店舗系,不明,不明,中心街・高単価型,,中心街高単価・目的来店型カフェ,8,1400,140500.0,453226.0,17432.0,12.0,12.0,22.0,5764300,92,A,推奨必要日客数30人以下 / 必要月商50万円以下 / 初期投資800万円以下 / 飲食可 / 小規模高単価モデル向き,"中心街・高単価型。必要月商453,226円、必要日客数12人が目安。",17,15,100,55,100,92.0,47.8,★★☆☆☆,77,実装難度高,韓国ソンス風の実装難度が高い候補。 星評価は★★☆☆☆。坪数は約9.8坪で、面積または席密度の面で余白確保に課題がある、夜カフェ・夜パフェ需要との相性が高い。
貸店舗（一部） ソウゲンビル 5階,香川県高松市鍛冶屋町,エムクレア,https://www.mcrea.jp/kasi-tenpo/detail-69cf5969be5a90e31cbaa050/,34.3428604,134.0487343,6.05 万円,60500.0,31.60㎡,31.6,9.55坪,9.55,6335.0,可,中心街,極小,店舗系,不明,不明,中心街・高単価型,,中心街高単価・目的来店型カフェ,8,1400,140500.0,453226.0,17432.0,12.0,12.0,22.0,5634500,92,A,推奨必要日客数30人以下 / 必要月商50万円以下 / 初期投資800万円以下 / 飲食可 / 小規模高単価モデル向き,"中心街・高単価型。必要月商453,226円、必要日客数12人が目安。",17,15,100,55,100,92.0,47.8,★★☆☆☆,78,実装難度高,韓国ソンス風の実装難度が高い候補。 星評価は★★☆☆☆。坪数は約9.6坪で、面積または席密度の面で余白確保に課題がある、夜カフェ・夜パフェ需要との相性が高い。
貸店舗（一部） クイーンズスクエア第２ビル 5-C,香川県高松市瓦町１丁目,エムクレア,https://www.mcrea.jp/kasi-tenpo/detail-5558977d4249410557f7b317/,34.3178937,133.8417036,5 万円,50000.0,26.69㎡,26.69,8.07坪,8.07,6196.0,可,中心街,極小,店舗系,不明,不明,中心街・高単価型,,中心街高単価・目的来店型カフェ,6,1400,130000.0,419355.0,16129.0,12.0,12.0,21.0,4761300,92,A,推奨必要日客数30人以下 / 必要月商50万円以下 / 初期投資800万円以下 / 飲食可 / 小規模高単価モデル向き,"中心街・高単価型。必要月商419,355円、必要日客数12人が目安。",17,15,100,55,100,92.0,47.8,★★☆☆☆,79,実装難度高,韓国ソンス風の実装難度が高い候補。 星評価は★★☆☆☆。坪数は約8.1坪で、面積または席密度の面で余白確保に課題がある、夜カフェ・夜パフェ需要との相性が高い。
クイーンズスクエア第２ 7-B,香川県高松市瓦町１丁目,高松ハウジングサービス,https://www.takamatsuhousing.jp/kasi-tenpo/detail-5558977d4249410557f8b317/,34.3412277,134.051584,5.5万円,55000.0,31.57㎡,31.57,,9.55,5759.0,可,中心街,極小,不明,不明,不明,中心街・高単価型,,中心街高単価・目的来店型カフェ,8,1400,135000.0,435484.0,16749.0,12.0,12.0,22.0,5634456,92,A,推奨必要日客数30人以下 / 必要月商50万円以下 / 初期投資800万円以下 / 飲食可 / 小規模高単価モデル向き,"中心街・高単価型。必要月商435,484円、必要日客数12人が目安。",17,15,100,55,100,92.0,47.8,★★☆☆☆,80,実装難度高,韓国ソンス風の実装難度が高い候補。 星評価は★★☆☆☆。坪数は約9.6坪で、面積または席密度の面で余白確保に課題がある、夜カフェ・夜パフェ需要との相性が高い。
クイーンズスクエア第２ 5-B,香川県高松市瓦町１丁目,高松ハウジングサービス,https://www.takamatsuhousing.jp/kasi-tenpo/detail-5558977d4249410557f6b317/,34.3412277,134.051584,6.05万円,60500.0,32.32㎡,32.32,,9.78,6188.0,可,中心街,極小,不明,不明,不明,中心街・高単価型,,中心街高単価・目的来店型カフェ,8,1400,140500.0,453226.0,17432.0,12.0,12.0,22.0,5768312,92,A,推奨必要日客数30人以下 / 必要月商50万円以下 / 初期投資800万円以下 / 飲食可 / 小規模高単価モデル向き,"中心街・高単価型。必要月商453,226円、必要日客数12人が目安。",17,15,100,55,100,92.0,47.8,★★☆☆☆,81,実装難度高,韓国ソンス風の実装難度が高い候補。 星評価は★★☆☆☆。坪数は約9.8坪で、面積または席密度の面で余白確保に課題がある、夜カフェ・夜パフェ需要との相性が高い。
ソウゲンビル 5階,香川県高松市鍛冶屋町,高松ハウジングサービス,https://www.takamatsuhousing.jp/kasi-tenpo/detail-69cf5969be5a90e31cbaa050/,34.3428604,134.0487343,6.05万円,60500.0,31.60㎡,31.6,,9.56,6329.0,可,中心街,極小,不明,不明,不明,中心街・高単価型,,中心街高単価・目的来店型カフェ,8,1400,140500.0,453226.0,17432.0,12.0,12.0,22.0,5639810,92,A,推奨必要日客数30人以下 / 必要月商50万円以下 / 初期投資800万円以下 / 飲食可 / 小規模高単価モデル向き,"中心街・高単価型。必要月商453,226円、必要日客数12人が目安。",17,15,100,55,100,92.0,47.8,★★☆☆☆,82,実装難度高,韓国ソンス風の実装難度が高い候補。 星評価は★★☆☆☆。坪数は約9.6坪で、面積または席密度の面で余白確保に課題がある、夜カフェ・夜パフェ需要との相性が高い。
クイーンズスクエアービル第２ 6-C,香川県高松市瓦町１丁目,高松ハウジングサービス,https://www.takamatsuhousing.jp/kasi-tenpo/detail-5c34354ad032a77cf332d8cd/,34.3412277,134.051584,5.5万円,55000.0,29.55㎡,29.55,,8.94,6153.0,可,中心街,極小,不明,不明,不明,中心街・高単価型,,中心街高単価・目的来店型カフェ,7,1400,135000.0,435484.0,16749.0,12.0,12.0,22.0,5273936,92,A,推奨必要日客数30人以下 / 必要月商50万円以下 / 初期投資800万円以下 / 飲食可 / 小規模高単価モデル向き,"中心街・高単価型。必要月商435,484円、必要日客数12人が目安。",17,15,100,55,100,92.0,47.8,★★☆☆☆,83,実装難度高,韓国ソンス風の実装難度が高い候補。 星評価は★★☆☆☆。坪数は約8.9坪で、面積または席密度の面で余白確保に課題がある、夜カフェ・夜パフェ需要との相性が高い。
クイーンズスクエア第２ビル 5-C,香川県高松市瓦町１丁目,高松ハウジングサービス,https://www.takamatsuhousing.jp/kasi-tenpo/detail-5558977d4249410557f7b317/,34.3412277,134.051584,5万円,50000.0,26.69㎡,26.69,,8.07,6193.0,可,中心街,極小,不明,不明,不明,中心街・高単価型,,中心街高単価・目的来店型カフェ,6,1400,130000.0,419355.0,16129.0,12.0,12.0,21.0,4763498,92,A,推奨必要日客数30人以下 / 必要月商50万円以下 / 初期投資800万円以下 / 飲食可 / 小規模高単価モデル向き,"中心街・高単価型。必要月商419,355円、必要日客数12人が目安。",17,15,100,55,100,92.0,47.8,★★☆☆☆,84,実装難度高,韓国ソンス風の実装難度が高い候補。 星評価は★★☆☆☆。坪数は約8.1坪で、面積または席密度の面で余白確保に課題がある、夜カフェ・夜パフェ需要との相性が高い。
小林店舗 １階　東,香川県高松市古馬場町,高松ハウジングサービス,https://www.takamatsuhousing.jp/kasi-tenpo/detail-5fc8918dcab5463d5a2e7e1a/,34.3425721,134.0518077,7.15万円,71500.0,18.90㎡,18.9,,5.72,12506.0,可,中心街,極小,店舗系,1階・路面想定,不明,中心街・高単価型,,中心街高単価・目的来店型カフェ,5,1400,151500.0,488710.0,18797.0,13.0,13.0,24.0,3373178,100,A,推奨必要日客数30人以下 / 必要月商50万円以下 / 初期投資800万円以下 / 飲食可 / 1階・路面想定 / 小規模高単価モデル向き / 席数に対する必要回転数は高め,"中心街・高単価型。必要月商488,710円、必要日客数13人が目安。",0,27,100,55,100,100.0,46.9,★★☆☆☆,85,実装難度高,韓国ソンス風の実装難度が高い候補。 星評価は★★☆☆☆。坪数は約5.7坪で、面積または席密度の面で余白確保に課題がある、夜カフェ・夜パフェ需要との相性が高い。
貸店舗（一部） 小林店舗 １階　東,香川県高松市古馬場町,エムクレア,https://www.mcrea.jp/kasi-tenpo/detail-5fc8918dcab5463d5a2e7e1a/,34.3425721,134.0518077,7.15 万円,71500.0,18.90㎡,18.9,5.71坪,5.71,12522.0,可,中心街,極小,店舗系,1階・路面想定,不明,中心街・高単価型,,中心街高単価・目的来店型カフェ,5,1400,151500.0,488710.0,18797.0,13.0,13.0,24.0,3368900,100,A,推奨必要日客数30人以下 / 必要月商50万円以下 / 初期投資800万円以下 / 飲食可 / 1階・路面想定 / 小規模高単価モデル向き / 席数に対する必要回転数は高め,"中心街・高単価型。必要月商488,710円、必要日客数13人が目安。",0,27,100,55,100,100.0,46.9,★★☆☆☆,86,実装難度高,韓国ソンス風の実装難度が高い候補。 星評価は★★☆☆☆。坪数は約5.7坪で、面積または席密度の面で余白確保に課題がある、夜カフェ・夜パフェ需要との相性が高い。
近藤第２ビル 3F,香川県高松市常磐町２丁目,高松ハウジングサービス,https://www.takamatsuhousing.jp/kasi-tenpo/detail-66279c9acfabdb482d0d0275/,34.3375186,134.0511328,2万円,20000.0,27.25㎡,27.25,,8.24,2426.0,可,中心街,極小,不明,上階・地下想定,不明,中心街・高単価型,,隠れ家・予約寄り高単価カフェ,7,1600,100000.0,344828.0,13263.0,8.0,8.0,17.0,5151954,92,A,推奨必要日客数20人以下 / 必要月商50万円以下 / 初期投資800万円以下 / 飲食可 / 上階・地下で集客難度あり / 小規模高単価モデル向き,"中心街・高単価型。必要月商344,828円、必要日客数8人が目安。",17,7,100,55,100,92.0,45.7,★★☆☆☆,87,実装難度高,韓国ソンス風の実装難度が高い候補。 星評価は★★☆☆☆。坪数は約8.2坪で、面積または席密度の面で余白確保に課題がある、夜カフェ・夜パフェ需要との相性が高い。
貸店舗・事務所(一部) 近藤第２ビル 3F,香川県高松市常磐町２丁目,エムクレア,https://www.mcrea.jp/kasi-tenpo/detail-66279c9acfabdb482d0d0275/,34.3375186,134.0511328,2 万円,20000.0,27.25㎡,27.25,8.24坪,8.24,2427.0,可,中心街,極小,店舗系,上階・地下想定,不明,中心街・高単価型,,隠れ家・予約寄り高単価カフェ,7,1600,100000.0,344828.0,13263.0,8.0,8.0,17.0,5150000,92,A,推奨必要日客数20人以下 / 必要月商50万円以下 / 初期投資800万円以下 / 飲食可 / 上階・地下で集客難度あり / 小規模高単価モデル向き,"中心街・高単価型。必要月商344,828円、必要日客数8人が目安。",17,7,100,55,100,92.0,45.7,★★☆☆☆,88,実装難度高,韓国ソンス風の実装難度が高い候補。 星評価は★★☆☆☆。坪数は約8.2坪で、面積または席密度の面で余白確保に課題がある、夜カフェ・夜パフェ需要との相性が高い。
ソウゲンビル 5階南,香川県高松市鍛冶屋町,高松ハウジングサービス,https://www.takamatsuhousing.jp/kasi-tenpo/detail-69cf5e9d3e48c96bbe22d527/,34.3428604,134.0487343,2.53万円,25300.0,16.00㎡,16.0,,4.84,5227.0,可,中心街,極小,不明,不明,不明,中心街・高単価型,,中心街高単価・目的来店型カフェ,4,1400,105300.0,339677.0,13065.0,9.0,9.0,17.0,2855600,100,A,推奨必要日客数20人以下 / 必要月商50万円以下 / 初期投資800万円以下 / 飲食可 / 小規模高単価モデル向き / 席数に対する必要回転数は高め,"中心街・高単価型。必要月商339,677円、必要日客数9人が目安。",7,15,100,55,100,100.0,45.6,★★☆☆☆,89,実装難度高,韓国ソンス風の実装難度が高い候補。 星評価は★★☆☆☆。坪数は約4.8坪で、面積または席密度の面で余白確保に課題がある、夜カフェ・夜パフェ需要との相性が高い。
貸店舗（一部） ソウゲンビル 5階南,香川県高松市鍛冶屋町,エムクレア,https://www.mcrea.jp/kasi-tenpo/detail-69cf5e9d3e48c96bbe22d527/,34.3428604,134.0487343,2.53 万円,25300.0,16.00㎡,16.0,4.83坪,4.83,5238.0,可,中心街,極小,店舗系,不明,不明,中心街・高単価型,,中心街高単価・目的来店型カフェ,4,1400,105300.0,339677.0,13065.0,9.0,9.0,17.0,2849700,100,A,推奨必要日客数20人以下 / 必要月商50万円以下 / 初期投資800万円以下 / 飲食可 / 小規模高単価モデル向き / 席数に対する必要回転数は高め,"中心街・高単価型。必要月商339,677円、必要日客数9人が目安。",7,15,100,55,100,100.0,45.6,★★☆☆☆,90,実装難度高,韓国ソンス風の実装難度が高い候補。 星評価は★★☆☆☆。坪数は約4.8坪で、面積または席密度の面で余白確保に課題がある、夜カフェ・夜パフェ需要との相性が高い。
貸店舗（一部） クイ－ンズスケア第一 ５階Ｇ,香川県高松市瓦町２丁目,エムクレア,https://www.mcrea.jp/kasi-tenpo/detail-5ae18c079732ec4a1d17c2d6/,34.3400205,134.0501426,3.96 万円,39600.0,21.07㎡,21.07,6.37坪,6.37,6217.0,可,中心街,極小,店舗系,不明,不明,中心街・高単価型,,中心街高単価・目的来店型カフェ,5,1400,119600.0,385806.0,14839.0,11.0,11.0,19.0,3758300,100,A,推奨必要日客数20人以下 / 必要月商50万円以下 / 初期投資800万円以下 / 飲食可 / 小規模高単価モデル向き,"中心街・高単価型。必要月商385,806円、必要日客数11人が目安。",7,15,100,55,100,100.0,45.6,★★☆☆☆,91,実装難度高,韓国ソンス風の実装難度が高い候補。 星評価は★★☆☆☆。坪数は約6.4坪で、面積または席密度の面で余白確保に課題がある、夜カフェ・夜パフェ需要との相性が高い。
貸店舗（一部） クイーンズスクエア第２ビル 3-C,香川県高松市瓦町１丁目,エムクレア,https://www.mcrea.jp/kasi-tenpo/detail-5558977d4249410557f3b317/,34.3178937,133.8417036,4.4 万円,44000.0,22.47㎡,22.47,6.79坪,6.79,6480.0,可,中心街,極小,店舗系,不明,不明,中心街・高単価型,,中心街高単価・目的来店型カフェ,5,1400,124000.0,400000.0,15385.0,11.0,11.0,20.0,4006100,100,A,推奨必要日客数20人以下 / 必要月商50万円以下 / 初期投資800万円以下 / 飲食可 / 小規模高単価モデル向き / 席数に対する必要回転数は高め,"中心街・高単価型。必要月商400,000円、必要日客数11人が目安。",7,15,100,55,100,100.0,45.6,★★☆☆☆,92,実装難度高,韓国ソンス風の実装難度が高い候補。 星評価は★★☆☆☆。坪数は約6.8坪で、面積または席密度の面で余白確保に課題がある、夜カフェ・夜パフェ需要との相性が高い。
クイ－ンズスケア第一 ５階Ｇ,香川県高松市瓦町２丁目,高松ハウジングサービス,https://www.takamatsuhousing.jp/kasi-tenpo/detail-5ae18c079732ec4a1d17c2d6/,34.3399504,134.0514047,3.96万円,39600.0,21.07㎡,21.07,,6.37,6213.0,可,中心街,極小,不明,不明,不明,中心街・高単価型,,中心街高単価・目的来店型カフェ,5,1400,119600.0,385806.0,14839.0,11.0,11.0,19.0,3760468,100,A,推奨必要日客数20人以下 / 必要月商50万円以下 / 初期投資800万円以下 / 飲食可 / 小規模高単価モデル向き,"中心街・高単価型。必要月商385,806円、必要日客数11人が目安。",7,15,100,55,100,100.0,45.6,★★☆☆☆,93,実装難度高,韓国ソンス風の実装難度が高い候補。 星評価は★★☆☆☆。坪数は約6.4坪で、面積または席密度の面で余白確保に課題がある、夜カフェ・夜パフェ需要との相性が高い。
クイーンズスクエア第２ビル 3-C,香川県高松市瓦町１丁目,高松ハウジングサービス,https://www.takamatsuhousing.jp/kasi-tenpo/detail-5558977d4249410557f3b317/,34.3412277,134.051584,4.4万円,44000.0,22.47㎡,22.47,,6.8,6473.0,可,中心街,極小,不明,不明,不明,中心街・高単価型,,中心街高単価・目的来店型カフェ,5,1400,124000.0,400000.0,15385.0,11.0,11.0,20.0,4010334,100,A,推奨必要日客数20人以下 / 必要月商50万円以下 / 初期投資800万円以下 / 飲食可 / 小規模高単価モデル向き / 席数に対する必要回転数は高め,"中心街・高単価型。必要月商400,000円、必要日客数11人が目安。",7,15,100,55,100,100.0,45.6,★★☆☆☆,94,実装難度高,韓国ソンス風の実装難度が高い候補。 星評価は★★☆☆☆。坪数は約6.8坪で、面積または席密度の面で余白確保に課題がある、夜カフェ・夜パフェ需要との相性が高い。
クイーンズスクエア第２ビル 3-B,香川県高松市瓦町１丁目,高松ハウジングサービス,https://www.takamatsuhousing.jp/kasi-tenpo/detail-555b55d54249423b71542600/,34.3412277,134.051584,5.28万円,52800.0,24.70㎡,24.7,,7.47,7067.0,可,中心街,極小,不明,不明,不明,中心街・高単価型,,中心街高単価・目的来店型カフェ,6,1400,132800.0,428387.0,16476.0,12.0,12.0,21.0,4408332,92,A,推奨必要日客数30人以下 / 必要月商50万円以下 / 初期投資800万円以下 / 飲食可 / 小規模高単価モデル向き,"中心街・高単価型。必要月商428,387円、必要日客数12人が目安。",7,15,100,55,100,92.0,45.0,★★☆☆☆,95,実装難度高,韓国ソンス風の実装難度が高い候補。 星評価は★★☆☆☆。坪数は約7.5坪で、面積または席密度の面で余白確保に課題がある、夜カフェ・夜パフェ需要との相性が高い。
貸店舗（一部） クイーンズスクエア第２ビル 3-B,香川県高松市瓦町１丁目,エムクレア,https://www.mcrea.jp/kasi-tenpo/detail-555b55d54249423b71542600/,34.3178937,133.8417036,5.28 万円,52800.0,24.70㎡,24.7,7.47坪,7.47,7068.0,可,中心街,極小,店舗系,不明,不明,中心街・高単価型,,中心街高単価・目的来店型カフェ,6,1400,132800.0,428387.0,16476.0,12.0,12.0,21.0,4407300,92,A,推奨必要日客数30人以下 / 必要月商50万円以下 / 初期投資800万円以下 / 飲食可 / 小規模高単価モデル向き,"中心街・高単価型。必要月商428,387円、必要日客数12人が目安。",7,15,100,55,100,92.0,45.0,★★☆☆☆,96,実装難度高,韓国ソンス風の実装難度が高い候補。 星評価は★★☆☆☆。坪数は約7.5坪で、面積または席密度の面で余白確保に課題がある、夜カフェ・夜パフェ需要との相性が高い。
クリエイトビル 302,香川県高松市塩上町３丁目,高松ハウジングサービス,https://www.takamatsuhousing.jp/kasi-tenpo/detail-66f21d9b20276410821020d6/,34.3388772,134.0573648,6.6万円,66000.0,46.06㎡,46.06,,13.93,4737.0,不可,不明,小規模,不明,不明,不明,低固定費・小商圏型,,小規模カフェ・テイクアウト併設,13,900,166000.0,436842.0,16802.0,19.0,19.0,26.0,5573260,32,D,推奨必要日客数30人以下 / 必要月商50万円以下 / 初期投資800万円以下 / 飲食不可のため原則対象外 / 低客数で成立しやすい / 席数に対する必要回転数は低め,"低固定費・小商圏型。必要月商436,842円、必要日客数19人が目安。",26,45,45,50,100,32.0,43.8,★☆☆☆☆,97,実装難度高,韓国ソンス風の実装難度が高い候補。 星評価は★☆☆☆☆。坪数は約13.9坪で、面積または席密度の面で余白確保に課題がある、夜営業の集客導線は弱め。
貸店舗（一部） クイーンズスクエア第２ビル 5－D,香川県高松市瓦町１丁目,エムクレア,https://www.mcrea.jp/kasi-tenpo/detail-5558977c42494231d07c6e16/,34.3178937,133.8417036,3.3 万円,33000.0,18.96㎡,18.96,5.73坪,5.73,5759.0,可,中心街,極小,店舗系,不明,不明,中心街・高単価型,,中心街高単価・目的来店型カフェ,5,1400,113000.0,364516.0,14020.0,10.0,10.0,18.0,3380700,100,A,推奨必要日客数20人以下 / 必要月商50万円以下 / 初期投資800万円以下 / 飲食可 / 小規模高単価モデル向き,"中心街・高単価型。必要月商364,516円、必要日客数10人が目安。",0,15,100,55,100,100.0,43.6,★☆☆☆☆,98,実装難度高,韓国ソンス風の実装難度が高い候補。 星評価は★☆☆☆☆。坪数は約5.7坪で、面積または席密度の面で余白確保に課題がある、夜カフェ・夜パフェ需要との相性が高い。
クイーンズスクエア第２ビル 5－D,香川県高松市瓦町１丁目,高松ハウジングサービス,https://www.takamatsuhousing.jp/kasi-tenpo/detail-5558977c42494231d07c6e16/,34.3412277,134.051584,3.3万円,33000.0,18.96㎡,18.96,,5.74,5754.0,可,中心街,極小,不明,不明,不明,中心街・高単価型,,中心街高単価・目的来店型カフェ,5,1400,113000.0,364516.0,14020.0,10.0,10.0,18.0,3383886,100,A,推奨必要日客数20人以下 / 必要月商50万円以下 / 初期投資800万円以下 / 飲食可 / 小規模高単価モデル向き,"中心街・高単価型。必要月商364,516円、必要日客数10人が目安。",0,15,100,55,100,100.0,43.6,★☆☆☆☆,99,実装難度高,韓国ソンス風の実装難度が高い候補。 星評価は★☆☆☆☆。坪数は約5.7坪で、面積または席密度の面で余白確保に課題がある、夜カフェ・夜パフェ需要との相性が高い。
松本ビル 1階,香川県高松市室新町,高松ハウジングサービス,https://www.takamatsuhousing.jp/kasi-tenpo/detail-69522eecc37dc1729e1f21f0/,34.3267423,134.036633,6.2万円,62000.0,31.29㎡,31.29,,9.47,6550.0,可,不明,極小,不明,1階・路面想定,不明,低固定費・小商圏型,,テイクアウト・スタンド型カフェ,8,750,142000.0,355000.0,13654.0,18.0,18.0,24.0,2744916,100,A,推奨必要日客数30人以下 / 必要月商50万円以下 / 初期投資800万円以下 / 飲食可 / 1階・路面想定 / 低客数で成立しやすい,"低固定費・小商圏型。必要月商355,000円、必要日客数18人が目安。",17,27,45,50,100,100.0,41.2,★☆☆☆☆,100,実装難度高,韓国ソンス風の実装難度が高い候補。 星評価は★☆☆☆☆。坪数は約9.5坪で、面積または席密度の面で余白確保に課題がある、夜営業の集客導線は弱め。
飲食店募集　ウイングポート　１Ｆ　２０．７３㎡ 1階一部,香川県高松市香川町大野,高松ハウジングサービス,https://www.takamatsuhousing.jp/kasi-tenpo/detail-6628b3b9d9cbec77c6d93594/,34.2664945,134.0255298,5万円,50000.0,20.73㎡,20.73,,6.27,7973.0,可,郊外,極小,不明,1階・路面想定,不明,低固定費・小商圏型,,テイクアウト・スタンド型カフェ,5,750,130000.0,325000.0,12500.0,17.0,17.0,22.0,1818540,95,A,推奨必要日客数30人以下 / 必要月商50万円以下 / 初期投資800万円以下 / 飲食可 / 1階・路面想定 / 郊外で駐車場確認必要 / 低客数で成立しやすい / 席数に対する必要回転数は高め,"低固定費・小商圏型。必要月商325,000円、必要日客数17人が目安。",7,27,53,65,100,95.0,41.2,★☆☆☆☆,101,実装難度高,韓国ソンス風の実装難度が高い候補。 星評価は★☆☆☆☆。坪数は約6.3坪で、面積または席密度の面で余白確保に課題がある。
貸店舗（一部） 松本ビル 1階,香川県高松市室新町,エムクレア,https://www.mcrea.jp/kasi-tenpo/detail-69522eecc37dc1729e1f21f0/,34.2609473,134.034365,6.2 万円,62000.0,31.29㎡,31.29,9.46坪,9.46,6554.0,可,不明,極小,店舗系,1階・路面想定,不明,低固定費・小商圏型,,テイクアウト・スタンド型カフェ,8,750,142000.0,355000.0,13654.0,18.0,18.0,24.0,2743400,100,A,推奨必要日客数30人以下 / 必要月商50万円以下 / 初期投資800万円以下 / 飲食可 / 1階・路面想定 / 低客数で成立しやすい,"低固定費・小商圏型。必要月商355,000円、必要日客数18人が目安。",17,27,45,50,100,100.0,41.2,★☆☆☆☆,102,実装難度高,韓国ソンス風の実装難度が高い候補。 星評価は★☆☆☆☆。坪数は約9.5坪で、面積または席密度の面で余白確保に課題がある、夜営業の集客導線は弱め。
貸店舗（一部） 飲食店募集　ウイングポート　１Ｆ　２０．７３㎡ 1階一部,香川県高松市香川町大野,エムクレア,https://www.mcrea.jp/kasi-tenpo/detail-6628b3b9d9cbec77c6d93594/,34.2679345,134.0181254,5 万円,50000.0,20.73㎡,20.73,6.27坪,6.27,7974.0,可,郊外,極小,店舗系,1階・路面想定,不明,低固定費・小商圏型,,テイクアウト・スタンド型カフェ,5,750,130000.0,325000.0,12500.0,17.0,17.0,22.0,1818300,95,A,推奨必要日客数30人以下 / 必要月商50万円以下 / 初期投資800万円以下 / 飲食可 / 1階・路面想定 / 郊外で駐車場確認必要 / 低客数で成立しやすい / 席数に対する必要回転数は高め,"低固定費・小商圏型。必要月商325,000円、必要日客数17人が目安。",7,27,53,65,100,95.0,41.2,★☆☆☆☆,103,実装難度高,韓国ソンス風の実装難度が高い候補。 星評価は★☆☆☆☆。坪数は約6.3坪で、面積または席密度の面で余白確保に課題がある。
ＡＫビル鍛冶屋町Ⅱ １Ｆ,香川県高松市鍛冶屋町,高松ハウジングサービス,https://www.takamatsuhousing.jp/kasi-tenpo/detail-6926a443aa781f981629c2d9/,34.3428604,134.0487343,3.85万円,38500.0,13.68㎡,13.68,,4.14,9304.0,不可,中心街,極小,不明,不明,不明,中心街・高単価型,,中心街高単価・目的来店型カフェ,4,1400,118500.0,382258.0,14702.0,11.0,11.0,19.0,2441538,40,D,推奨必要日客数20人以下 / 必要月商50万円以下 / 初期投資800万円以下 / 飲食不可のため原則対象外 / 小規模高単価モデル向き / 席数に対する必要回転数は高め,"中心街・高単価型。必要月商382,258円、必要日客数11人が目安。",0,15,100,55,100,40.0,39.4,★☆☆☆☆,104,実装難度高,韓国ソンス風の実装難度が高い候補。 星評価は★☆☆☆☆。坪数は約4.1坪で、面積または席密度の面で余白確保に課題がある、夜カフェ・夜パフェ需要との相性が高い。
高松市 賃貸店舗・事務所,高松市百間町9-13,テナントショップ,https://www.tenant-shop.jp/detail/e-527623/,34.3451724,134.0528471,22.00万円～,220000.0,-,,(坪単価：0.58万円),0.58,379310.0,可,中心街,極小,店舗系,不明,不明,中心街・高単価型,,中心街高単価・目的来店型カフェ,4,1400,319000.0,1029032.0,39578.0,28.0,28.0,51.0,342200,57,C,推奨必要日客数80人以下 / 必要月商150万円以下 / 初期投資800万円以下 / 飲食可 / 小規模高単価モデル向き / 席数に対する必要回転数は高め,"中心街・高単価型。必要月商1,029,032円、必要日客数28人が目安。",0,15,100,55,85,57.0,39.4,★☆☆☆☆,105,実装難度高,韓国ソンス風の実装難度が高い候補。 星評価は★☆☆☆☆。坪数は約0.6坪で、面積または席密度の面で余白確保に課題がある、夜カフェ・夜パフェ需要との相性が高い。
