article_id,name,detail_url,page_no,source_site,list_text,賃料,敷金 / 保証金,交通,所在地,築年月,その他交通,物件種目,敷金/保証金,敷引,その他一時金,維持費等,権利金,建物名・部屋番号,特記事項,設備,備考,使用部分面積,土地面積,建階/ 階,駐車場,駐輪場,用途地域,契約期間,条件等,更新料,物件番号,情報公開日,飲食店可否,適格請求書発行,リフォーム履歴,リノベーション履歴,latitude,longitude
66279c9acfabdb482d0d0275,近藤第２ビル 3F,https://www.takamatsuhousing.jp/kasi-tenpo/detail-66279c9acfabdb482d0d0275/,1,takamatsu_housing,"近藤第２ビル 3F 高松琴平電鉄琴平線 / 瓦町駅 高松市常磐町２丁目 徒歩3分 2 万円 3,000円 3ヶ月/ なし/ なし 27.25㎡ 8.24坪／0.2427万円 貸店舗・事務所(一部) 1981年1月(築45年6ヶ月) 物件詳細を見る お気に入り登録 お問い合わせをする",2万円,3ヶ月/なし,高松琴平電鉄琴平線 / 瓦町駅 徒歩3分,香川県高松市常磐町２丁目,1981年1月(築45年6ヶ月),高松琴平電鉄長尾線 / 瓦町駅 徒歩3分 高松琴平電鉄志度線 / 瓦町駅 徒歩6分,貸店舗・事務所(一部),3ヶ月/なし,なし,-,-,-,近藤第２ビル 3F,飲食店可　１フロア１テナント　角部屋　最上階　保証人不要,都市ガス　トイレ,賃貸保証等：加入要 興和アシスト　賃料の５０％,27.25㎡,公簿 36.34㎡,3階建/3階,なし,なし,商業地域,2年,-,-,6982162763,2026/04/03,可,,,,34.3375186,134.0511328
69cf5e9d3e48c96bbe22d527,ソウゲンビル 5階南,https://www.takamatsuhousing.jp/kasi-tenpo/detail-69cf5e9d3e48c96bbe22d527/,1,takamatsu_housing,"ソウゲンビル 5階南 高松琴平電鉄琴平線 / 瓦町駅 高松市鍛冶屋町 徒歩10分 2.53 万円 7,700円 3ヶ月/ なし/ なし 16.00㎡ 4.83坪／0.5228万円 貸店舗（一部） 1991年8月(築34年11ヶ月) 物件詳細を見る お気に入り登録 お問い合わせをする",2.53万円,3ヶ月/なし,高松琴平電鉄琴平線 / 瓦町駅 徒歩10分,香川県高松市鍛冶屋町,1991年8月(築34年11ヶ月),高松琴平電鉄琴平線 / 片原町駅 徒歩11分 高松琴平電鉄琴平線 / 高松築港駅 徒歩12分,貸店舗（一部）,3ヶ月/なし,-,-,-,-,ソウゲンビル 5階南,24時間利用可　土日・祝日利用可　飲食店可,エレベーター　エアコン,賃貸保証等：加入要 全保連に加入要,16.00㎡,-,5階建/5階,なし,なし,-,2年,-,-,6990182544,2026/04/03,可,,,,34.3428604,134.0487343
5558977c42494231d07c6e16,クイーンズスクエア第２ビル 5－D,https://www.takamatsuhousing.jp/kasi-tenpo/detail-5558977c42494231d07c6e16/,1,takamatsu_housing,"クイーンズスクエア第２ビル 5－D 高松琴平電鉄琴平線 / 瓦町駅 高松市瓦町１丁目 徒歩6分 3.3 万円 7,700円 3ヶ月/ なし/ なし 18.96㎡ 5.73坪／0.5754万円 貸店舗（一部） 1990年4月(築36年3ヶ月) 物件詳細を見る お気に入り登録 お問い合わせをする",3.3万円,3ヶ月/なし,高松琴平電鉄琴平線 / 瓦町駅 徒歩6分,香川県高松市瓦町１丁目,1990年4月(築36年3ヶ月),-,貸店舗（一部）,3ヶ月/なし,-,-,-,-,クイーンズスクエア第２ビル 5－D,24時間利用可　飲食店可,冷蔵庫　エレベーター　トイレ,保証人不要,18.96㎡,-,7階建/5階,-,-,商業地域,2年,-,-,6955264462,2026/02/05,可,,,,34.3412277,134.051584
6926a443aa781f981629c2d9,ＡＫビル鍛冶屋町Ⅱ １Ｆ,https://www.takamatsuhousing.jp/kasi-tenpo/detail-6926a443aa781f981629c2d9/,1,takamatsu_housing,ＡＫビル鍛冶屋町Ⅱ １Ｆ 高松琴平電鉄琴平線 / 片原町駅 高松市鍛冶屋町 徒歩10分 3.85 万円 - 6ヶ月/ なし/ なし 13.68㎡ 4.13坪／0.9304万円 貸店舗（一部） 1988年10月(築37年9ヶ月) 物件詳細を見る お気に入り登録 お問い合わせをする,3.85万円,6ヶ月/なし,高松琴平電鉄琴平線 / 片原町駅 徒歩10分,香川県高松市鍛冶屋町,1988年10月(築37年9ヶ月),-,貸店舗（一部）,6ヶ月/なし,なし,-,-,-,ＡＫビル鍛冶屋町Ⅱ １Ｆ,飲食店不可,-,ＡＫビル鍛冶屋町Ⅱ　１Ｆ　４．１３坪　トイレなし　【おすすめの使用方法】倉庫・無人販売所・アトリエ・周辺店舗の従業員向け休憩室・Ⅰ人専用ワー クスペース・自習室,13.68㎡,-,6階建/1階,-,-,-,3年,-,なし,6988524560,2025/11/26,不可,,,,34.3428604,134.0487343
5ae18c079732ec4a1d17c2d6,クイ－ンズスケア第一 ５階Ｇ,https://www.takamatsuhousing.jp/kasi-tenpo/detail-5ae18c079732ec4a1d17c2d6/,1,takamatsu_housing,"クイ－ンズスケア第一 ５階Ｇ 高松琴平電鉄琴平線 / 瓦町駅 高松市瓦町２丁目 徒歩5分 3.96 万円 12,100円 2ヶ月/ なし/ 3.96万円 21.07㎡ 6.37坪／0.6214万円 貸店舗（一部） 1984年10月(築41年9ヶ月) 物件詳細を見る お気に入り登録 お問い合わせをする",3.96万円,2ヶ月/なし,高松琴平電鉄琴平線 / 瓦町駅 徒歩5分,香川県高松市瓦町２丁目,1984年10月(築41年9ヶ月),-,貸店舗（一部）,2ヶ月/なし,-,-,-,-,クイ－ンズスケア第一 ５階Ｇ,飲食店可,-,賃貸保証等：加入要 全保連・興和アシスト　プラン有,21.07㎡,-,6階建/5階,なし,-,-,2年,-,-,6965673749,2025/01/10,可,,,,34.3399504,134.0514047
68363e5e5de080734497111d,スモールショップ　中央南側 ２階一部,https://www.takamatsuhousing.jp/kasi-tenpo/detail-68363e5e5de080734497111d/,1,takamatsu_housing,スモールショップ　中央南側 ２階一部 高松琴平電鉄琴平線 / 空港通り駅 高松市香川町大野 徒歩29分 4 万円 なし 2ヶ月/ なし/ 1ヶ月 19.00㎡ 5.74坪／0.696万円 貸店舗・事務所(一部) 1996年11月(築29年8ヶ月) 物件詳細を見る お気に入り登録 お問い合わせをする,4万円,2ヶ月/なし,高松琴平電鉄琴平線 / 空港通り駅 徒歩29分,香川県高松市香川町大野,1996年11月(築29年8ヶ月),-,貸店舗・事務所(一部),2ヶ月/なし,-,-,-,-,スモールショップ　中央南側 ２階一部,土日・祝日利用可　大型トラック搬入可　24時間セキュリティー　天井高２.５ｍ以上　バリアフリー　保証人不要,荷積みスペース　無線ＬＡＮ　男女別トイレ　施設内貸会議室　防犯カメラ　敷地内ＡＥＤ有　エレベーター２基以上　エレベーター　人荷用エレベーター　車寄せスペース　ビルトインエアコン　火災警報器（報知機）　インターネット対応　トイレ２ヶ所　トイレ　障がい者等用駐車場,賃貸保証等：加入要 カーサ家賃保証、参考賃料１ヵ月 他所在地：ウイングポートショッピングセンター２階一部 ＩＴ重説対応物件 法人登記可能、車庫証明 可能、 本物件は５．７４坪ですが、ほかに２４．８坪もあります。 区画壁は貸主負担、リースライン部壁出入口は借主負担 ２階隣接び香川町商工会議所あり １階ＡＴＭあり 共用ｗｉｆｉ以外なら専用光電話回線引き込みＯＫ,19.00㎡,-,2階建/2階,有　無料,有　無料,-,3年,-,なし,6986459231,2026/02/23,不明,可,,,34.2664945,134.0255298
5558977d4249410557f3b317,クイーンズスクエア第２ビル 3-C,https://www.takamatsuhousing.jp/kasi-tenpo/detail-5558977d4249410557f3b317/,1,takamatsu_housing,"クイーンズスクエア第２ビル 3-C 高松琴平電鉄琴平線 / 瓦町駅 高松市瓦町１丁目 徒歩6分 4.4 万円 7,700円 3ヶ月/ なし/ なし 22.47㎡ 6.79坪／0.6474万円 貸店舗（一部） 1990年4月(築36年3ヶ月) 物件詳細を見る お気に入り登録 お問い合わせをする",4.4万円,3ヶ月/なし,高松琴平電鉄琴平線 / 瓦町駅 徒歩6分,香川県高松市瓦町１丁目,1990年4月(築36年3ヶ月),-,貸店舗（一部）,3ヶ月/なし,-,-,-,-,クイーンズスクエア第２ビル 3-C,24時間利用可　飲食店可　角部屋　保証人不要,エレベーター　トイレ,保証人不要,22.47㎡,-,7階建/3階,-,-,-,2年,-,なし,6955377274,2026/02/05,可,,,,34.3412277,134.051584
6663fef91bce1051d51b1864,牟礼町牟礼　戸建　２Ｆ和室一部 2F,https://www.takamatsuhousing.jp/kasi-tenpo/detail-6663fef91bce1051d51b1864/,1,takamatsu_housing,牟礼町牟礼　戸建　２Ｆ和室一部 2F パノラマ 高松琴平電鉄志度線 / 八栗駅 高松市牟礼町牟礼 徒歩3分 4.4 万円 - 2ヶ月/ なし/ 1ヶ月 107.05㎡ 32.38坪／0.1359万円 貸店舗・事務所(一部) 1966年1月(築60年6ヶ月) 物件詳細を見る お気に入り登録 お問い合わせをする,4.4万円,2ヶ月/なし,高松琴平電鉄志度線 / 八栗駅 徒歩3分,香川県高松市牟礼町牟礼,1966年1月(築60年6ヶ月),-,貸店舗・事務所(一部),2ヶ月/なし,-,-,-,-,牟礼町牟礼　戸建　２Ｆ和室一部 2F,スケルトン　駐車場２台分,インターネット使用料無料　トイレ,賃貸保証等：加入要 日本セーフティー株式会社 敷地内に建物２棟（登記上連結）あり、掲載面積・構造はうちの一部となります。,107.05㎡,公簿 291.54㎡,2階建/2階,有　無料　空き2台　　備考：駐車場料：家賃に含む。,-,-,2年,-,なし,6982589959,2026/05/11,不明,,,,34.3493325,134.133009
67c006c873b679516875e115,宮脇町ビル 東,https://www.takamatsuhousing.jp/kasi-tenpo/detail-67c006c873b679516875e115/,1,takamatsu_housing,宮脇町ビル 東 ＪＲ高徳線 / 栗林公園北口駅 高松市宮脇町１丁目 徒歩11分 4.5 万円 なし 6ヶ月/ なし/ なし 44.19㎡ 13.36坪／0.3367万円 貸店舗（一部） 1980年8月(築45年11ヶ月) 物件詳細を見る お気に入り登録 お問い合わせをする,4.5万円,6ヶ月/なし,ＪＲ高徳線 / 栗林公園北口駅 徒歩11分,香川県高松市宮脇町１丁目,1980年8月(築45年11ヶ月),-,貸店舗（一部）,6ヶ月/なし,なし,-,-,-,宮脇町ビル 東,飲食店可,トイレ,賃貸保証等：加入要 興和アシスト、ＵＳＥＮ　等,44.19㎡,-,2階建/1階,なし,-,-,3年,-,なし,6985381940,2025/02/28,可,,,,34.3382366,134.0359162
6628b3b9d9cbec77c6d93594,飲食店募集　ウイングポート　１Ｆ　２０．７３㎡ 1階一部,https://www.takamatsuhousing.jp/kasi-tenpo/detail-6628b3b9d9cbec77c6d93594/,1,takamatsu_housing,飲食店募集　ウイングポート　１Ｆ　２０．７３㎡ 1階一部 高松琴平電鉄琴平線 / 空港通り駅 高松市香川町大野 徒歩29分 5 万円 なし 2ヶ月/ なし/ 1ヶ月 20.73㎡ 6.27坪／0.7974万円 貸店舗（一部） 1996年11月(築29年8ヶ月) 物件詳細を見る お気に入り登録 お問い合わせをする,5万円,2ヶ月/なし,高松琴平電鉄琴平線 / 空港通り駅 徒歩29分,香川県高松市香川町大野,1996年11月(築29年8ヶ月),-,貸店舗（一部）,2ヶ月/なし,-,-,"２００Ｖ電気使用料（動力）：11,000円/月",-,飲食店募集　ウイングポート　１Ｆ　２０．７３㎡ 1階一部,スケルトン　土曜日利用可　土日・祝日利用可　飲食店可　大型トラック搬入可　駐車場３台分以上　24時間セキュリティー　耐震構造(新耐震基準)　天井高２.５ｍ以上　バリアフリー　保証人不要　国道沿いに面する,荷積みスペース　無線ＬＡＮ　男女別トイレ　施設内貸会議室　防犯カメラ　敷地内ＡＥＤ有　エレベーター２基以上　エレベーター　人荷用エレベーター　車寄せスペース　ビルトインエアコン　火災警報器（報知機）　インターネット対応　障がい者等用駐車場　内廊下,賃貸保証等：加入要 カーサ賃貸保証、参考賃料１ヵ月 他所在地：ウイングポートショッピングセンター1階一部 ＩＴ重説対応物件 商業施設内フードコート 飲食店 歓迎ジャンル【定食・丼物・うどん・ラーメン・おでん・お好み焼き】 客席スペース使用料　約８０席,20.73㎡,-,2階建/1階,有　無料,有　無料,-,3年,-,なし,6982169493,2026/04/05,可,可,,,34.2664945,134.0255298
68362b1196571f4ba1d7d943,スモールショップ　２Ｆ北側入口西側 ２階一部,https://www.takamatsuhousing.jp/kasi-tenpo/detail-68362b1196571f4ba1d7d943/,1,takamatsu_housing,スモールショップ　２Ｆ北側入口西側 ２階一部 高松琴平電鉄琴平線 / 空港通り駅 高松市香川町大野 徒歩29分 5 万円 なし 2ヶ月/ なし/ 1ヶ月 30.50㎡ 9.22坪／0.542万円 貸店舗・事務所(一部) 1996年11月(築29年8ヶ月) 物件詳細を見る お気に入り登録 お問い合わせをする,5万円,2ヶ月/なし,高松琴平電鉄琴平線 / 空港通り駅 徒歩29分,香川県高松市香川町大野,1996年11月(築29年8ヶ月),-,貸店舗・事務所(一部),2ヶ月/なし,-,-,-,-,スモールショップ　２Ｆ北側入口西側 ２階一部,土日・祝日利用可　大型トラック搬入可　24時間セキュリティー　天井高２.５ｍ以上　バリアフリー　保証人不要,荷積みスペース　無線ＬＡＮ　男女別トイレ　施設内貸会議室　オープンキッチン　防犯カメラ　敷地内ＡＥＤ有　エレベーター２基以上　エレベーター　人荷用エレベーター　車寄せスペース　ビルトインエアコン　火災警報器（報知機）　インターネット対応　トイレ２ヶ所　トイレ　障がい者等用駐車場,賃貸保証等：加入要 カーサ家賃保証、参考賃料１ヵ月 他所在地：ウイングポートショッピングセンター２階一部 ＩＴ重説対応物件 法人登記可能、車庫証明 可能、 本物件は９．２坪ですが、ほかに２４．８坪もあります。 区画壁は貸主負担、リースライン部壁出入口は借主負担 ２階隣接び香川町商工会議所あり １階ＡＴＭあり 共用ｗｉｆｉ以外なら専用光電話回線引き込みＯＫ,30.50㎡,-,2階建/2階,有　無料,有　無料,-,3年,-,なし,6986459208,2025/10/23,不明,可,,,34.2664945,134.0255298
5558977d4249410557f7b317,クイーンズスクエア第２ビル 5-C,https://www.takamatsuhousing.jp/kasi-tenpo/detail-5558977d4249410557f7b317/,1,takamatsu_housing,"クイーンズスクエア第２ビル 5-C 高松琴平電鉄琴平線 / 瓦町駅 高松市瓦町１丁目 徒歩6分 5 万円 7,700円 1ヶ月/ なし/ なし 26.69㎡ 8.07坪／0.6193万円 貸店舗（一部） 1990年4月(築36年3ヶ月) 物件詳細を見る お気に入り登録 お問い合わせをする",5万円,1ヶ月/なし,高松琴平電鉄琴平線 / 瓦町駅 徒歩6分,香川県高松市瓦町１丁目,1990年4月(築36年3ヶ月),-,貸店舗（一部）,1ヶ月/なし,-,-,-,-,クイーンズスクエア第２ビル 5-C,飲食店可,エレベーター　トイレ,保証人不要！,26.69㎡,-,7階建/5階,-,-,商業地域,2年,-,なし,6955377620,2026/03/19,可,,,,34.3412277,134.051584
555b55d54249423b71542600,クイーンズスクエア第２ビル 3-B,https://www.takamatsuhousing.jp/kasi-tenpo/detail-555b55d54249423b71542600/,1,takamatsu_housing,"クイーンズスクエア第２ビル 3-B 高松琴平電鉄琴平線 / 瓦町駅 高松市瓦町１丁目 徒歩6分 5.28 万円 7,700円 3ヶ月/ なし/ なし 24.70㎡ 7.47坪／0.7067万円 貸店舗（一部） 1990年4月(築36年3ヶ月) 物件詳細を見る お気に入り登録 お問い合わせをする",5.28万円,3ヶ月/なし,高松琴平電鉄琴平線 / 瓦町駅 徒歩6分,香川県高松市瓦町１丁目,1990年4月(築36年3ヶ月),-,貸店舗（一部）,3ヶ月/なし,-,-,-,-,クイーンズスクエア第２ビル 3-B,24時間利用可　飲食店可　保証人不要,エレベーター　トイレ,,24.70㎡,-,7階建/3階,-,-,-,2年,-,なし,6955376839,2026/02/05,可,,,,34.3412277,134.051584
64e2d04b3f7cf6132af9cfa9,高松市 春日町 の貸店舗（一部）,https://www.takamatsuhousing.jp/kasi-tenpo/detail-64e2d04b3f7cf6132af9cfa9/,1,takamatsu_housing,高松市 春日町 の貸店舗（一部） 【バス】 コトデン　春日川停 停歩1分 高松市春日町 - 5.5 万円 - 3ヶ月/ なし/ なし 38.30㎡ 11.58坪／0.4748万円 貸店舗（一部） 1976年1月(築50年6ヶ月) 物件詳細を見る お気に入り登録 お問い合わせをする,5.5万円,3ヶ月/なし,【バス】 コトデン　春日川停 停歩1分,香川県高松市春日町,1976年1月(築50年6ヶ月),-,貸店舗（一部）,3ヶ月/なし,-,-,-,-,-,-,エアコン,,38.30㎡,-,3階建/2階,有　無料　　備考：２台込♪,-,-,2年,-,-,6979866880,2025/06/17,不明,,,,34.3304601,134.0917088
5558977d4249410557f8b317,クイーンズスクエア第２ 7-B,https://www.takamatsuhousing.jp/kasi-tenpo/detail-5558977d4249410557f8b317/,1,takamatsu_housing,"クイーンズスクエア第２ 7-B 高松琴平電鉄琴平線 / 瓦町駅 高松市瓦町１丁目 徒歩6分 5.5 万円 7,700円 3ヶ月/ なし/ なし 31.57㎡ 9.54坪／0.576万円 貸店舗（一部） 1990年4月(築36年3ヶ月) 物件詳細を見る お気に入り登録 お問い合わせをする",5.5万円,3ヶ月/なし,高松琴平電鉄琴平線 / 瓦町駅 徒歩6分,香川県高松市瓦町１丁目,1990年4月(築36年3ヶ月),-,貸店舗（一部）,3ヶ月/なし,-,-,-,-,クイーンズスクエア第２ 7-B,24時間利用可　飲食店可　保証人不要,エレベーター　トイレ,,31.57㎡,-,7階建/7階,-,-,商業地域,2年,-,なし,6955377668,2026/02/05,可,,,,34.3412277,134.051584
5c34354ad032a77cf332d8cd,クイーンズスクエアービル第２ 6-C,https://www.takamatsuhousing.jp/kasi-tenpo/detail-5c34354ad032a77cf332d8cd/,1,takamatsu_housing,"クイーンズスクエアービル第２ 6-C 高松琴平電鉄琴平線 / 瓦町駅 高松市瓦町１丁目 徒歩6分 5.5 万円 7,700円 3ヶ月/ なし/ なし 29.55㎡ 8.93坪／0.6153万円 貸店舗（一部） 1990年4月(築36年3ヶ月) 物件詳細を見る お気に入り登録 お問い合わせをする",5.5万円,3ヶ月/なし,高松琴平電鉄琴平線 / 瓦町駅 徒歩6分,香川県高松市瓦町１丁目,1990年4月(築36年3ヶ月),高松琴平電鉄志度線 / 瓦町駅 徒歩5分,貸店舗（一部）,3ヶ月/なし,-,-,-,-,クイーンズスクエアービル第２ 6-C,飲食店可　保証人不要,収納スペース　エレベーター　都市ガス,,29.55㎡,-,7階建/6階,-,-,-,2年,-,-,6967349694,2026/02/06,可,,,,34.3412277,134.051584
5bf21f5ce5a69c7914b84609,新井ビル 204,https://www.takamatsuhousing.jp/kasi-tenpo/detail-5bf21f5ce5a69c7914b84609/,1,takamatsu_housing,"新井ビル 204 【バス】 田中 停歩1分 高松市成合町 - 5.5 万円 7,000円 15.00万円/ なし/ なし 49.59㎡ 15.00坪／0.3667万円 貸店舗・事務所(一部) 1991年10月(築34年9ヶ月) 物件詳細を見る お気に入り登録 お問い合わせをする",5.5万円,15.00万円/なし,【バス】 田中 停歩1分,香川県高松市成合町,1991年10月(築34年9ヶ月),-,貸店舗・事務所(一部),15.00万円/なし,-,-,"ゴミ処理：1,000円/月",-,新井ビル 204,飲食店不可,トイレ,賃貸保証等：加入要 賃料の８０％ 令和８年１月１日～ ゴミ処理１，０００円 駐車場追加１台４，０００円 保証会社加入,49.59㎡,-,2階建/2階,有　無料　　備考：２台込,-,-,2年,-,-,6967043253,2025/12/12,不可,,,,34.2994211,134.0156685
653cce171dae78356cd1ee74,高松市 今里町１丁目 (栗林公園駅) の貸店舗・事務所(一部),https://www.takamatsuhousing.jp/kasi-tenpo/detail-653cce171dae78356cd1ee74/,1,takamatsu_housing,"高松市 今里町１丁目 (栗林公園駅) の貸店舗・事務所(一部) 高松琴平電鉄琴平線 / 栗林公園駅 高松市今里町１丁目 徒歩13分 6 万円 3,000円 3ヶ月/ なし/ 1ヶ月 37.50㎡ 11.34坪／0.529万円 貸店舗・事務所(一部) 1981年1月(築45年6ヶ月) 物件詳細を見る お気に入り登録 お問い合わせをする",6万円,3ヶ月/なし,高松琴平電鉄琴平線 / 栗林公園駅 徒歩13分,香川県高松市今里町１丁目,1981年1月(築45年6ヶ月),高松琴平電鉄琴平線 / 三条駅 徒歩12分 ＪＲ高徳線 / 栗林駅 徒歩15分,貸店舗・事務所(一部),3ヶ月/なし,-,-,-,-,-,土曜日利用可　土日・祝日利用可　飲食店可　最上階,プロパンガス　トイレ,,37.50㎡,-,2階建/2階,有　無料　空き1台,-,近隣商業,2年,-,-,6980419535,2026/04/20,可,,,,34.3257633,134.0570519
69f442181c76787766fc6df6,高松市 瓦町１丁目 (瓦町駅) の貸店舗（一部）,https://www.takamatsuhousing.jp/kasi-tenpo/detail-69f442181c76787766fc6df6/,1,takamatsu_housing,"高松市 瓦町１丁目 (瓦町駅) の貸店舗（一部） 高松琴平電鉄琴平線 / 瓦町駅 高松市瓦町１丁目 徒歩5分 6 万円 7,700円 3ヶ月/ なし/ なし 30.51㎡ 9.22坪／0.6502万円 貸店舗（一部） 1990年6月(築36年1ヶ月) 物件詳細を見る お気に入り登録 お問い合わせをする",6万円,3ヶ月/なし,高松琴平電鉄琴平線 / 瓦町駅 徒歩5分,香川県高松市瓦町１丁目,1990年6月(築36年1ヶ月),-,貸店舗（一部）,3ヶ月/なし,-,-,-,-,-,-,-,,30.51㎡,-,7階建/6階,-,-,-,2年,-,-,6990564218,2026/05/01,不明,,,,34.3412277,134.051584
651cc060af1d7279296ecb25,高松市 瓦町１丁目 (瓦町駅) の貸店舗（一部）,https://www.takamatsuhousing.jp/kasi-tenpo/detail-651cc060af1d7279296ecb25/,1,takamatsu_housing,高松市 瓦町１丁目 (瓦町駅) の貸店舗（一部） 高松琴平電鉄志度線 / 瓦町駅 高松市瓦町１丁目 徒歩7分 6 万円 なし 3ヶ月/ なし/ 1ヶ月 50.41㎡ 15.24坪／0.3935万円 貸店舗（一部） 1969年1月(築57年6ヶ月) 物件詳細を見る お気に入り登録 お問い合わせをする,6万円,3ヶ月/なし,高松琴平電鉄志度線 / 瓦町駅 徒歩7分,香川県高松市瓦町１丁目,1969年1月(築57年6ヶ月),高松琴平電鉄琴平線 / 片原町駅 徒歩10分,貸店舗（一部）,3ヶ月/なし,なし,-,-,-,-,-,-,賃貸保証等：加入要 契約時賃料合計の１００％、２年目より年額１００００円の保証委託料が必要です。 現状和室３室と台所があります。 現状のままでの 引渡しとなり、室内の状態は築年数相応で良くないので借主様にて改装工事は必要です。 上下水道料５，０００円／月額（用途により相談）が必要となります。,50.41㎡,-,2階建/2階,なし,-,商業地域,2年,-,なし,6980203924,2025/04/23,不明,,,,34.3412277,134.051584
6850eddb0113b875040064de,高松市 昭和町２丁目 (昭和町駅) の貸店舗・事務所(一部),https://www.takamatsuhousing.jp/kasi-tenpo/detail-6850eddb0113b875040064de/,1,takamatsu_housing,高松市 昭和町２丁目 (昭和町駅) の貸店舗・事務所(一部) ＪＲ高徳線 / 昭和町駅 高松市昭和町２丁目 徒歩4分 6 万円 - 3ヶ月/ なし/ なし 31.92㎡ 9.65坪／0.6214万円 貸店舗・事務所(一部) 1973年9月(築52年10ヶ月) 物件詳細を見る お気に入り登録 お問い合わせをする,6万円,3ヶ月/なし,ＪＲ高徳線 / 昭和町駅 徒歩4分,香川県高松市昭和町２丁目,1973年9月(築52年10ヶ月),ＪＲ高徳線 / 栗林公園北口駅 徒歩25分 ＪＲ予讃線 / 高松駅 徒歩22分,貸店舗・事務所(一部),3ヶ月/なし,なし,-,-,-,-,-,都市ガス　トイレ,賃貸保証等：加入要 初回４８，０００円＋月々１，５００円 スーパー、コンビニ徒歩圏内、,31.92㎡,-,4階建/2階,なし,-,-,2年,-,1.10万円,6986708599,2025/06/26,不明,,,,34.3430435,134.0313439
69e042035de080bdbee75f45,高松市 花ノ宮町３丁目 (栗林公園駅) の貸店舗（一部）,https://www.takamatsuhousing.jp/kasi-tenpo/detail-69e042035de080bdbee75f45/,1,takamatsu_housing,高松市 花ノ宮町３丁目 (栗林公園駅) の貸店舗（一部） 高松琴平電鉄琴平線 / 栗林公園駅 高松市花ノ宮町３丁目 徒歩10分 6 万円 - 3ヶ月/ なし/ なし 19.52㎡ 5.90坪／1.0162万円 貸店舗（一部） 1980年1月(築46年6ヶ月) 物件詳細を見る お気に入り登録 お問い合わせをする,6万円,3ヶ月/なし,高松琴平電鉄琴平線 / 栗林公園駅 徒歩10分,香川県高松市花ノ宮町３丁目,1980年1月(築46年6ヶ月),高松琴平電鉄琴平線 / 三条駅 徒歩12分 ＪＲ高徳線 / 栗林駅 徒歩15分,貸店舗（一部）,3ヶ月/なし,なし,-,"水道代：4,000円/月",-,-,角部屋,エアコン　トイレ,賃貸保証等：加入要 ＪＩＤ　初回４８，０００円、月々１，５００円 主要採光面：北向き,19.52㎡,-,3階建/2階,なし,-,-,2年,-,1.10万円,6990354711,2026/04/16,不明,,,,34.3246462,134.0457846
6052fa6fadffbc51ad7e043f,高松市 東田町 (瓦町駅) の貸店舗・事務所(一部),https://www.takamatsuhousing.jp/kasi-tenpo/detail-6052fa6fadffbc51ad7e043f/,1,takamatsu_housing,高松市 東田町 (瓦町駅) の貸店舗・事務所(一部) パノラマ 高松琴平電鉄琴平線 / 瓦町駅 高松市東田町 徒歩7分 6 万円 - 3ヶ月/ なし/ なし 50.00㎡ 15.12坪／0.3967万円 貸店舗・事務所(一部) 1980年10月(築45年9ヶ月) 物件詳細を見る お気に入り登録 お問い合わせをする,6万円,3ヶ月/なし,高松琴平電鉄琴平線 / 瓦町駅 徒歩7分,香川県高松市東田町,1980年10月(築45年9ヶ月),ＪＲ高徳線 / 栗林駅 徒歩11分,貸店舗・事務所(一部),3ヶ月/なし,-,-,"水道代：2,000円/月",-,201・202,飲食店不可　リフォーム,エアコン２台以上　バス・トイレ別室　室内洗濯機置場　シャワー　都市ガス　トイレ,賃貸保証等：加入要 興和アシスト㈱へ加入要 バルコニー：あり 主要採光面：南向き 貸店舗・貸事務所・居住用と多様することができる物件となっておりま す。,50.00㎡,-,4階建/2階,"有　13,000円/月",有　無料,-,2年,-,なし,6973121407,2026/05/08,不可,,■水回り：2020年11月　キッチン ■内装：2020年11月　床（フローリング等）　壁・天井（クロス・塗装等） ■外装：2020年11月　外壁　屋根 ■共用部の大規模修繕工事：2020年11月　　外壁、階段塗装や爆裂部分の補修、バルコニー床面、屋上の防水工事等の大規模修繕工事を実施致しました。,,34.335862,134.0496573
69cf5969be5a90e31cbaa050,ソウゲンビル 5階,https://www.takamatsuhousing.jp/kasi-tenpo/detail-69cf5969be5a90e31cbaa050/,1,takamatsu_housing,"ソウゲンビル 5階 高松琴平電鉄琴平線 / 瓦町駅 高松市鍛冶屋町 徒歩10分 6.05 万円 11,000円 3ヶ月/ なし/ なし 31.60㎡ 9.55坪／0.633万円 貸店舗（一部） 1991年8月(築34年11ヶ月) 物件詳細を見る お気に入り登録 お問い合わせをする",6.05万円,3ヶ月/なし,高松琴平電鉄琴平線 / 瓦町駅 徒歩10分,香川県高松市鍛冶屋町,1991年8月(築34年11ヶ月),高松琴平電鉄琴平線 / 片原町駅 徒歩11分 高松琴平電鉄琴平線 / 高松築港駅 徒歩12分,貸店舗（一部）,3ヶ月/なし,-,-,-,-,ソウゲンビル 5階,24時間利用可　土日・祝日利用可　飲食店可,エレベーター　エアコン,賃貸保証等：加入要 全保連に加入要,31.60㎡,-,5階建/5階,なし,なし,-,2年,-,-,6990182274,2026/04/03,可,,,,34.3428604,134.0487343
5558977d4249410557f6b317,クイーンズスクエア第２ 5-B,https://www.takamatsuhousing.jp/kasi-tenpo/detail-5558977d4249410557f6b317/,1,takamatsu_housing,"クイーンズスクエア第２ 5-B 高松琴平電鉄琴平線 / 瓦町駅 高松市瓦町１丁目 徒歩6分 6.05 万円 7,700円 3ヶ月/ なし/ なし 32.32㎡ 9.77坪／0.6189万円 貸店舗（一部） 1990年4月(築36年3ヶ月) 物件詳細を見る お気に入り登録 お問い合わせをする",6.05万円,3ヶ月/なし,高松琴平電鉄琴平線 / 瓦町駅 徒歩6分,香川県高松市瓦町１丁目,1990年4月(築36年3ヶ月),-,貸店舗（一部）,3ヶ月/なし,-,-,-,-,クイーンズスクエア第２ 5-B,24時間利用可　飲食店可　保証人不要,収納スペース　エレベーター　動力あり　エアコン　トイレ,,32.32㎡,-,7階建/5階,-,-,商業地域,2年,-,なし,6955377543,2026/02/05,可,,,,34.3412277,134.051584
682559e2990e3375d4f1d836,ＣＵＢＥ高松　旧共栄火災海上保険株式会社高松支社 ２０３,https://www.takamatsuhousing.jp/kasi-tenpo/detail-682559e2990e3375d4f1d836/,1,takamatsu_housing,ＣＵＢＥ高松　旧共栄火災海上保険株式会社高松支社 ２０３ 高松琴平電鉄琴平線 / 瓦町駅 高松市塩屋町 徒歩5分 6.05 万円 なし 3ヶ月/ なし/ なし 20.68㎡ 6.25坪／0.9672万円 貸店舗・事務所(一部) 1978年9月(築47年10ヶ月) 物件詳細を見る お気に入り登録 お問い合わせをする,6.05万円,3ヶ月/なし,高松琴平電鉄琴平線 / 瓦町駅 徒歩5分,香川県高松市塩屋町,1978年9月(築47年10ヶ月),高松琴平電鉄長尾線 / 瓦町駅 徒歩5分 高松琴平電鉄志度線 / 瓦町駅 徒歩5分,貸店舗・事務所(一部),3ヶ月/なし,-,-,水道料：687円/月,-,ＣＵＢＥ高松　旧共栄火災海上保険株式会社高松支社 ２０３,24時間利用可　土曜日利用可　土日・祝日利用可　リノベーション,男女別トイレ　エレベーター　給湯　エアコン　冷房　トイレ,ＩＴ重説対応物件,20.68㎡,-,7階建/2階,なし,なし,-,2年,-,-,1112258806,2025/05/15,不明,,,2025年04月　　内容：共用部美装！,34.342155,134.0550633
69522eecc37dc1729e1f21f0,松本ビル 1階,https://www.takamatsuhousing.jp/kasi-tenpo/detail-69522eecc37dc1729e1f21f0/,1,takamatsu_housing,"松本ビル 1階 高松琴平電鉄琴平線 / 三条駅 高松市室新町 徒歩15分 6.2 万円 3,000円 3ヶ月/ なし/ 1ヶ月 31.29㎡ 9.46坪／0.6551万円 貸店舗（一部） 1980年9月(築45年10ヶ月) 物件詳細を見る お気に入り登録 お問い合わせをする",6.2万円,3ヶ月/なし,高松琴平電鉄琴平線 / 三条駅 徒歩15分,香川県高松市室新町,1980年9月(築45年10ヶ月),-,貸店舗（一部）,3ヶ月/なし,なし,-,-,-,松本ビル 1階,飲食店可,トイレ,賃貸保証等：加入要 ＵＳＥＮ　ＴＲＵＳＴ、全保連　等,31.29㎡,-,4階建/1階,-,-,-,2年,-,なし,6988934725,2025/12/29,可,,,,34.3267423,134.036633
66f21d9b20276410821020d6,クリエイトビル 302,https://www.takamatsuhousing.jp/kasi-tenpo/detail-66f21d9b20276410821020d6/,1,takamatsu_housing,"クリエイトビル 302 高松琴平電鉄志度線 / 瓦町駅 高松市塩上町３丁目 徒歩7分 6.6 万円 10,000円 6ヶ月/ なし/ なし 46.06㎡ 13.93坪／0.4737万円 貸店舗・事務所(一部) 1995年10月(築30年9ヶ月) 物件詳細を見る お気に入り登録 お問い合わせをする",6.6万円,6ヶ月/なし,高松琴平電鉄志度線 / 瓦町駅 徒歩7分,香川県高松市塩上町３丁目,1995年10月(築30年9ヶ月),-,貸店舗・事務所(一部),6ヶ月/なし,-,-,-,-,クリエイトビル 302,飲食店不可,-,,46.06㎡,-,5階建/3階,-,-,-,2年,-,-,6983618099,2026/03/18,不可,,,,34.3388772,134.0573648
57bea8c1d032a747f63ded79,高松市 花園町２丁目 (花園駅) の貸店舗（一部）,https://www.takamatsuhousing.jp/kasi-tenpo/detail-57bea8c1d032a747f63ded79/,1,takamatsu_housing,高松市 花園町２丁目 (花園駅) の貸店舗（一部） 高松琴平電鉄長尾線 / 花園駅 [バス利用可] バス 市総合福祉会館前 停歩4分 高松市花園町２丁目 徒歩6分 6.6 万円 - 3ヶ月/ なし/ なし 35.29㎡ 10.67坪／0.6183万円 貸店舗（一部） 1979年10月(築46年9ヶ月) 物件詳細を見る お気に入り登録 お問い合わせをする,6.6万円,3ヶ月/なし,高松琴平電鉄長尾線 / 花園駅 徒歩6分 [バス利用可] バス 市総合福祉会館前 停歩4分,香川県高松市花園町２丁目,1979年10月(築46年9ヶ月),-,貸店舗（一部）,3ヶ月/なし,-,-,-,-,-,-,トイレ,原状貸し,35.29㎡,-,3階建/1階,なし,-,-,2年,-,-,6961134783,2026/05/02,不明,,,,34.3336738,134.057008
670378fdb15c5738c792975c,ＷＩＮＤ 202,https://www.takamatsuhousing.jp/kasi-tenpo/detail-670378fdb15c5738c792975c/,1,takamatsu_housing,"ＷＩＮＤ 202 高松琴平電鉄琴平線 / 片原町駅 高松市古新町 徒歩7分 6.6 万円 14,300円 1ヶ月/ なし/ なし 24.63㎡ 7.45坪／0.8859万円 貸店舗（一部） 1987年1月(築39年6ヶ月) 物件詳細を見る お気に入り登録 お問い合わせをする",6.6万円,1ヶ月/なし,高松琴平電鉄琴平線 / 片原町駅 徒歩7分,香川県高松市古新町,1987年1月(築39年6ヶ月),-,貸店舗（一部）,1ヶ月/なし,-,-,-,-,ＷＩＮＤ 202,スケルトン,エレベーター,,24.63㎡,-,地上4階地下1階建/2階,なし,なし,-,2年,-,新賃料 1ヶ月,6983763933,2026/03/02,不明,,,,34.345727,134.0478245
674bc7812895ed45f90dfeb2,高松市 屋島西町 (潟元駅) の貸店舗（一部）,https://www.takamatsuhousing.jp/kasi-tenpo/detail-674bc7812895ed45f90dfeb2/,2,takamatsu_housing,高松市 屋島西町 (潟元駅) の貸店舗（一部） 高松琴平電鉄志度線 / 潟元駅 高松市屋島西町 徒歩5分 6.6 万円 - 3ヶ月/ なし/ なし 64.53㎡ 19.52坪／0.3382万円 貸店舗（一部） 1988年7月(築38年) 物件詳細を見る お気に入り登録 お問い合わせをする,6.6万円,3ヶ月/なし,高松琴平電鉄志度線 / 潟元駅 徒歩5分,香川県高松市屋島西町,1988年7月(築38年),-,貸店舗（一部）,3ヶ月/なし,-,-,-,-,-,土曜日利用可　土日・祝日利用可　リフォーム　駐車場２台分　角部屋,プロパンガス　火災警報器（報知機）　トイレ,賃貸保証等：加入要 全保連　初回金１年間６６，０００円、以降１年間毎に１万円 主要採光面：東向き 内装は室内の東側半分のみ。ロードサイド、ガラス ウインド。小売店、事務所に適しています。前面駐車場２台分、看板設置可。トイレはバックヤードに和式のものとなります。,64.53㎡,-,1階建/1階,有　無料,-,-,2年,-,-,6984371010,2024/12/01,不明,,■内装：2024年01月　　室内東側部分：壁紙、床材、室内灯,,34.3603444,134.0966033
66c6b7940b0aca787b54d3a7,高松市 香川町川東下 の貸店舗（一部）,https://www.takamatsuhousing.jp/kasi-tenpo/detail-66c6b7940b0aca787b54d3a7/,2,takamatsu_housing,高松市 香川町川東下 の貸店舗（一部） 仏生山駅 高松市香川町川東下 - 7 万円 - 2ヶ月/ なし/ なし 64.71㎡ 19.57坪／0.3577万円 貸店舗（一部） 1991年2月(築35年5ヶ月) 物件詳細を見る お気に入り登録 お問い合わせをする,7万円,2ヶ月/なし,仏生山駅,香川県高松市香川町川東下,1991年2月(築35年5ヶ月),-,貸店舗（一部）,2ヶ月/なし,-,-,-,-,-,-,-,,64.71㎡,-,3階建/2階,-,-,-,2年,-,-,6983279069,2025/10/29,不明,,,,34.2455044,134.0300841
685e07f1970a600a34bedb25,高松市 木太町 (林道駅) の貸店舗（一部）,https://www.takamatsuhousing.jp/kasi-tenpo/detail-685e07f1970a600a34bedb25/,2,takamatsu_housing,"高松市 木太町 (林道駅) の貸店舗（一部） 高松琴平電鉄長尾線 / 林道駅 高松市木太町 徒歩2分 7 万円 2,000円 3ヶ月/ なし/ なし 56.10㎡ 16.97坪／0.4125万円 貸店舗（一部） 1966年10月(築59年9ヶ月) 物件詳細を見る お気に入り登録 お問い合わせをする",7万円,3ヶ月/なし,高松琴平電鉄長尾線 / 林道駅 徒歩2分,香川県高松市木太町,1966年10月(築59年9ヶ月),-,貸店舗（一部）,3ヶ月/なし,-,-,-,-,-,飲食店不可,エアコン　トイレ,,56.10㎡,-,2階建/1階,-,-,-,2年,-,-,6986814878,2025/06/27,不可,,,,34.3318938,134.0800231
5cc0ee5cd032a771437daaf9,高松市 花園町１丁目 (花園駅) の貸店舗（一部）,https://www.takamatsuhousing.jp/kasi-tenpo/detail-5cc0ee5cd032a771437daaf9/,2,takamatsu_housing,"高松市 花園町１丁目 (花園駅) の貸店舗（一部） 高松琴平電鉄長尾線 / 花園駅 高松市花園町１丁目 徒歩4分 7 万円 10,000円 3ヶ月/ なし/ 1ヶ月 39.52㎡ 11.95坪／0.5856万円 貸店舗（一部） 1989年5月(築37年2ヶ月) 物件詳細を見る お気に入り登録 お問い合わせをする",7万円,3ヶ月/なし,高松琴平電鉄長尾線 / 花園駅 徒歩4分,香川県高松市花園町１丁目,1989年5月(築37年2ヶ月),ＪＲ高徳線 / 栗林駅 徒歩11分 高松琴平電鉄長尾線 / 瓦町駅 徒歩10分,貸店舗（一部）,3ヶ月/なし,なし,-,-,-,-,-,エレベーター　給湯　都市ガス　エアコン　トイレ,賃貸保証等：加入要 初回保証委託料として月額賃料の８０％、年間保証委託料として月額賃料の１０％ 主要採光面：北向き 保険は賃借人にて加入 共用部分 にトイレ・給湯室有り,39.52㎡,公簿 177.65㎡,5階建/2階,なし,なし,-,2年,-,なし,6968155638,2022/06/27,不明,,,,34.3345829,134.0578551
5fc8918dcab5463d5a2e7e1a,小林店舗 １階　東,https://www.takamatsuhousing.jp/kasi-tenpo/detail-5fc8918dcab5463d5a2e7e1a/,2,takamatsu_housing,小林店舗 １階　東 高松琴平電鉄志度線 / 瓦町駅 高松市古馬場町 徒歩7分 7.15 万円 - 6ヶ月/ なし/ 1ヶ月 18.90㎡ 5.71坪／1.2507万円 貸店舗（一部） 1956年1月(築70年6ヶ月) 物件詳細を見る お気に入り登録 お問い合わせをする,7.15万円,6ヶ月/なし,高松琴平電鉄志度線 / 瓦町駅 徒歩7分,香川県高松市古馬場町,1956年1月(築70年6ヶ月),-,貸店舗（一部）,6ヶ月/なし,-,-,-,-,小林店舗 １階　東,飲食店可,トイレ,賃貸保証等：加入要 興和アシスト、全保連　等 騒音がする業種は不可。,18.90㎡,-,2階建/1階,-,-,-,2年,-,-,6972303099,2026/06/15,可,,,,34.3425721,134.0518077
68bfbbd36240320783c534cc,ＷＩＮＤ 003,https://www.takamatsuhousing.jp/kasi-tenpo/detail-68bfbbd36240320783c534cc/,2,takamatsu_housing,"ＷＩＮＤ 003 高松琴平電鉄琴平線 / 片原町駅 高松市古新町 徒歩7分 7.1874 万円 11,979円 1ヶ月/ なし/ なし 24.00㎡ 7.25坪／0.9901万円 貸店舗（一部） 1987年1月(築39年6ヶ月) 物件詳細を見る お気に入り登録 お問い合わせをする",7.1874万円,1ヶ月/なし,高松琴平電鉄琴平線 / 片原町駅 徒歩7分,香川県高松市古新町,1987年1月(築39年6ヶ月),-,貸店舗（一部）,1ヶ月/なし,-,-,-,-,ＷＩＮＤ 003,-,-,,24.00㎡,-,地上4階地下1階建/1階,なし,なし,-,2年,-,新賃料 1ヶ月,6986541503,2026/03/18,不明,,,,34.345727,134.0478245
65c9d71ddfbd573fa5601d7a,吉田ビル 1階,https://www.takamatsuhousing.jp/kasi-tenpo/detail-65c9d71ddfbd573fa5601d7a/,2,takamatsu_housing,吉田ビル 1階 高松琴平電鉄琴平線 / 空港通り駅 高松市香川町川東上 徒歩70分 7.7 万円 - 3ヶ月/ なし/ なし 34.75㎡ 10.51坪／0.7326万円 貸店舗（一部） 1973年7月(築53年) 物件詳細を見る お気に入り登録 お問い合わせをする,7.7万円,3ヶ月/なし,高松琴平電鉄琴平線 / 空港通り駅 徒歩70分,香川県高松市香川町川東上,1973年7月(築53年),-,貸店舗（一部）,3ヶ月/なし,-,-,-,-,吉田ビル 1階,-,-,賃貸保証等：加入要 全保連株式会社 主要採光面：西向き 室内に照明器具あり。トイレは２階共有。駐車場は店舗前３台。,34.75㎡,公簿 178.51㎡,3階建/1階,有　無料　　備考：店舗前３台,なし,-,2年,-,なし,6981408280,2024/02/12,不明,,,,34.2277806,134.0376407
684fade320d8493430490ebe,ＡＫビル片原町Ⅱ　２階　北東 （２０１）,https://www.takamatsuhousing.jp/kasi-tenpo/detail-684fade320d8493430490ebe/,2,takamatsu_housing,"ＡＫビル片原町Ⅱ　２階　北東 （２０１） 高松琴平電鉄琴平線 / 片原町駅 高松市片原町 徒歩2分 7.7 万円 13,200円 6ヶ月/ なし/ なし 40.00㎡ 12.09坪／0.6364万円 貸店舗（一部） 1979年6月(築47年1ヶ月) 物件詳細を見る お気に入り登録 お問い合わせをする",7.7万円,6ヶ月/なし,高松琴平電鉄琴平線 / 片原町駅 徒歩2分,香川県高松市片原町,1979年6月(築47年1ヶ月),-,貸店舗（一部）,6ヶ月/なし,-,-,-,-,ＡＫビル片原町Ⅱ　２階　北東 （２０１）,飲食店可,収納スペース　エレベーター　トイレ,賃貸保証等：加入要 全保連、興和アシスト、ＵＳＥＮ　等 ※　別途商店街費要,40.00㎡,-,8階建/2階,-,-,-,3年,-,-,6986699997,2025/06/16,可,,,,34.3458826,134.0543651
5a5c0b969732ec2c56db5cf7,クイーンズスクエアービル第２ 7-A,https://www.takamatsuhousing.jp/kasi-tenpo/detail-5a5c0b969732ec2c56db5cf7/,2,takamatsu_housing,"クイーンズスクエアービル第２ 7-A 高松琴平電鉄琴平線 / 瓦町駅 高松市瓦町１丁目 徒歩6分 7.7 万円 7,700円 3ヶ月/ なし/ なし 41.50㎡ 12.55坪／0.6134万円 貸店舗（一部） 1990年4月(築36年3ヶ月) 物件詳細を見る お気に入り登録 お問い合わせをする",7.7万円,3ヶ月/なし,高松琴平電鉄琴平線 / 瓦町駅 徒歩6分,香川県高松市瓦町１丁目,1990年4月(築36年3ヶ月),-,貸店舗（一部）,3ヶ月/なし,-,-,-,-,クイーンズスクエアービル第２ 7-A,居抜き　飲食店可　最上階,冷蔵庫　エレベーター　都市ガス　エアコン　トイレ,保証金不要！,41.50㎡,-,7階建/7階,-,-,-,2年,-,-,6964880237,2026/03/19,可,,,,34.3412277,134.051584
68f074cf4c8c312b4b224e88,クイ－ンズスケア第一 1階C,https://www.takamatsuhousing.jp/kasi-tenpo/detail-68f074cf4c8c312b4b224e88/,2,takamatsu_housing,"クイ－ンズスケア第一 1階C 高松琴平電鉄琴平線 / 瓦町駅 高松市瓦町２丁目 徒歩5分 7.7 万円 11,400円 3ヶ月/ なし/ なし 22.16㎡ 6.70坪／1.1487万円 貸店舗（一部） 1984年10月(築41年9ヶ月) 物件詳細を見る お気に入り登録 お問い合わせをする",7.7万円,3ヶ月/なし,高松琴平電鉄琴平線 / 瓦町駅 徒歩5分,香川県高松市瓦町２丁目,1984年10月(築41年9ヶ月),高松琴平電鉄琴平線 / 片原町駅 徒歩12分 ＪＲ高徳線 / 栗林駅 徒歩16分,貸店舗（一部）,3ヶ月/なし,-,-,-,-,クイ－ンズスケア第一 1階C,飲食店可,ビルトインエアコン　エアコン　トイレ,賃貸保証等：加入要 全保連・興和アシスト　プラン有 フリーレント、内装工事費応相談,22.16㎡,-,6階建/1階,なし,-,-,2年,-,-,6988031633,2025/10/16,可,,,,34.3399504,134.0514047
5bf219fbe5a69c28beb84613,新井ビル 200,https://www.takamatsuhousing.jp/kasi-tenpo/detail-5bf219fbe5a69c28beb84613/,2,takamatsu_housing,"新井ビル 200 【バス】 田中 停歩1分 高松市成合町 - 7.7 万円 7,700円 1ヶ月/ なし/ なし 66.54㎡ 20.12坪／0.3826万円 貸店舗・事務所(一部) 1991年10月(築34年9ヶ月) 物件詳細を見る お気に入り登録 お問い合わせをする",7.7万円,1ヶ月/なし,【バス】 田中 停歩1分,香川県高松市成合町,1991年10月(築34年9ヶ月),-,貸店舗・事務所(一部),1ヶ月/なし,-,-,"ゴミ処理：1,000円/月",-,新井ビル 200,飲食店不可,トイレ,賃貸保証等：加入要 興和アシスト・全保連・Ｊリースプラン有,66.54㎡,-,2階建/2階,有　無料　　備考：２台込・３台目から１台につき￥４，０００,-,-,2年,-,-,6967043090,2025/09/08,不可,,,,34.2994211,134.0156685
665a9a1cda59646e4add9922,牟礼町牟礼　倉庫 2F,https://www.takamatsuhousing.jp/kasi-tenpo/detail-665a9a1cda59646e4add9922/,2,takamatsu_housing,牟礼町牟礼　倉庫 2F パノラマ 高松琴平電鉄志度線 / 八栗駅 高松市牟礼町牟礼 徒歩3分 7.7 万円 - 2ヶ月/ なし/ 1ヶ月 107.05㎡ 32.38坪／0.2378万円 貸店舗（一部） 1966年1月(築60年6ヶ月) 物件詳細を見る お気に入り登録 お問い合わせをする,7.7万円,2ヶ月/なし,高松琴平電鉄志度線 / 八栗駅 徒歩3分,香川県高松市牟礼町牟礼,1966年1月(築60年6ヶ月),-,貸店舗（一部）,2ヶ月/なし,-,-,-,-,牟礼町牟礼　倉庫 2F,-,-,賃貸保証等：加入要 日本セーフティー株式会社 敷地内に建物２棟（登記上連結）あり、掲載面積・構造はうちの一部となります。,107.05㎡,公簿 291.54㎡,2階建/2階,有　無料　空き2台　　備考：駐車場料：家賃に込み。,-,-,2年,-,なし,6982522056,2024/06/12,不明,,,,34.3493325,134.133009
590a7804e5a69c3b10d8431f,香川町浅野貸店舗 1階店舗,https://www.takamatsuhousing.jp/kasi-tenpo/detail-590a7804e5a69c3b10d8431f/,2,takamatsu_housing,香川町浅野貸店舗 1階店舗 【バス】 香川第一中学校前 停歩1分 高松市香川町浅野 - 8 万円 なし 1ヶ月/ なし/ 1ヶ月 70.00㎡ 21.17坪／0.3779万円 貸店舗（一部） 1973年7月(築53年) 物件詳細を見る お気に入り登録 お問い合わせをする,8万円,1ヶ月/なし,【バス】 香川第一中学校前 停歩1分,香川県高松市香川町浅野,1973年7月(築53年),-,貸店舗（一部）,1ヶ月/なし,なし,-,-,-,香川町浅野貸店舗 1階店舗,飲食店不可　都道府県道沿いに面する,トイレ,賃貸保証等：加入要 初回保証委託料８．０万円・次年度より継続保証委託料年間１万円 主要採光面：南向き 出入りがしやすく、よく目立つ店舗です。賃貸 スペースは１階です。 トイレ、洗面所あり。駐車場共用使用複数台。 賃料には水道料金含む。,70.00㎡,公簿 171.90㎡,2階建/1階,有　無料　空き4台　　備考：建物北側に駐車スペース有り。,-,-,3年,-,なし,6963123003,2026/01/06,不可,可,,,34.2587691,134.0425443
640d66da94d1b8330da06dcb,漆原テナント・事務所 1階,https://www.takamatsuhousing.jp/kasi-tenpo/detail-640d66da94d1b8330da06dcb/,2,takamatsu_housing,漆原テナント・事務所 1階 高松琴平電鉄琴平線 / 空港通り駅 高松市香川町大野 徒歩26分 8 万円 - 1ヶ月/ なし/ 1ヶ月 85.20㎡ 25.77坪／0.3105万円 貸住付店舗（一部） 1983年10月(築42年9ヶ月) 物件詳細を見る お気に入り登録 お問い合わせをする,8万円,1ヶ月/なし,高松琴平電鉄琴平線 / 空港通り駅 徒歩26分,香川県高松市香川町大野,1983年10月(築42年9ヶ月),-,貸住付店舗（一部）,1ヶ月/なし,-,-,-,-,漆原テナント・事務所,飲食店不可,バス・トイレ別室　室内洗濯機置場　洗濯機置場　プロパンガス,賃貸保証等：加入要 全保連（初回：賃料総額の１００％） バルコニー：5.46㎡ 主要採光面：南向き ★１Ｆはテナント。２階は住居・社宅など可能。他 、倉庫などにも利用可能です♪ ★敷地内駐車２台可能です ★初期費用・店舗改装費などご遠慮なくご相談ください♪,85.20㎡,-,3階建/1階,有　無料,-,-,2年,-,-,6978660991,2023/03/12,不可,,,,34.2664945,134.0255298
624cf5c1655be9215e0d7ed0,高松市 香川町寺井 (空港通り駅) の貸店舗（一部）,https://www.takamatsuhousing.jp/kasi-tenpo/detail-624cf5c1655be9215e0d7ed0/,2,takamatsu_housing,高松市 香川町寺井 (空港通り駅) の貸店舗（一部） 高松琴平電鉄琴平線 / 空港通り駅 高松市香川町寺井 徒歩12分 8.5 万円 - 3ヶ月/ なし/ なし 71.01㎡ 21.48坪／0.3958万円 貸店舗（一部） 1986年11月(築39年8ヶ月) 物件詳細を見る お気に入り登録 お問い合わせをする,8.5万円,3ヶ月/なし,高松琴平電鉄琴平線 / 空港通り駅 徒歩12分,香川県高松市香川町寺井,1986年11月(築39年8ヶ月),高松琴平電鉄琴平線 / 一宮駅 徒歩25分 高松琴平電鉄琴平線 / 仏生山駅 徒歩24分,貸店舗（一部）,3ヶ月/なし,-,-,-,-,-,居抜き　24時間利用可　土曜日利用可　土日・祝日利用可　飲食店不可　最上階,オープンキッチン　シャワー　プロパンガス　火災警報器（報知機）　トイレ,賃貸保証等：加入要 全保連㈱　初回保証委託料　賃料の８０％　２年目以降１０，０００円／年 別途月極駐車場があります。２５，０００円／５台。,71.01㎡,-,2階建/2階,有　無料,なし,-,3年,-,-,6976041170,2023/12/28,不可,,,,34.2718437,134.0304778
66f5eab3bb872232557dfacb,サントピア８８ 2階部分,https://www.takamatsuhousing.jp/kasi-tenpo/detail-66f5eab3bb872232557dfacb/,2,takamatsu_housing,サントピア８８ 2階部分 高松琴平電鉄琴平線 / 太田駅 高松市太田上町 徒歩3分 8.8 万円 なし 6ヶ月/ なし/ 1ヶ月 100.02㎡ 30.25坪／0.2909万円 貸店舗（一部） 1987年9月(築38年10ヶ月) 物件詳細を見る お気に入り登録 お問い合わせをする,8.8万円,6ヶ月/なし,高松琴平電鉄琴平線 / 太田駅 徒歩3分,香川県高松市太田上町,1987年9月(築38年10ヶ月),-,貸店舗（一部）,6ヶ月/なし,なし,-,-,-,サントピア８８ 2階部分,-,トイレ２ヶ所,バルコニー：あり 主要採光面：北向き ■賃料は消費税込みの金額です。 ■２階南部分フロア一括貸しまたは分割貸し可能。（本資料の賃料は一括） 専有面積 は前回使用していた方の概算となります。 ■現在２つに分割されています。各賃料応相談。 ■その他設備、業種等お気軽にご相談ください。 ■駐車場は近隣でお探しください。,100.02㎡,公簿 250.51㎡,3階建/2階,なし,なし,近隣商業,2年,-,なし,6983647262,2026/05/27,不明,,,,34.2970932,134.042515
5af17282e5a69c474d30150d,高松市 香川町寺井 (空港通り駅) の貸店舗（一部）,https://www.takamatsuhousing.jp/kasi-tenpo/detail-5af17282e5a69c474d30150d/,2,takamatsu_housing,高松市 香川町寺井 (空港通り駅) の貸店舗（一部） 高松琴平電鉄琴平線 / 空港通り駅 高松市香川町寺井 徒歩12分 8.8 万円 - 3ヶ月/ なし/ なし 63.44㎡ 19.19坪／0.4586万円 貸店舗（一部） 1986年11月(築39年8ヶ月) 物件詳細を見る お気に入り登録 お問い合わせをする,8.8万円,3ヶ月/なし,高松琴平電鉄琴平線 / 空港通り駅 徒歩12分,香川県高松市香川町寺井,1986年11月(築39年8ヶ月),高松琴平電鉄琴平線 / 一宮駅 徒歩25分 高松琴平電鉄琴平線 / 仏生山駅 徒歩24分,貸店舗（一部）,3ヶ月/なし,-,-,-,-,-,居抜き　24時間利用可　土曜日利用可　土日・祝日利用可　飲食店可,オープンキッチン　給湯　プロパンガス　エアコン　火災警報器（報知機）　トイレ,賃貸保証等：加入要 ㈱Ｃａｓａ　初回保証委託料　賃料の８０％　２年目以降１０，０００円／年,63.44㎡,-,2階建/1階,"有　5,000円/月　　備考：敷地内の駐車場については台数は相談に応じます。",なし,-,3年,-,-,6965746966,2024/11/30,可,,,,34.2718437,134.0304778
66e8d7e134b4f94bff96b221,ＹＩビル 201,https://www.takamatsuhousing.jp/kasi-tenpo/detail-66e8d7e134b4f94bff96b221/,2,takamatsu_housing,ＹＩビル 201 高松琴平電鉄琴平線 / 片原町駅 高松市百間町 徒歩4分 8.8 万円 - 3ヶ月/ なし/ 1ヶ月 33.75㎡ 10.20坪／0.862万円 貸店舗（一部） 1991年2月(築35年5ヶ月) 物件詳細を見る お気に入り登録 お問い合わせをする,8.8万円,3ヶ月/なし,高松琴平電鉄琴平線 / 片原町駅 徒歩4分,香川県高松市百間町,1991年2月(築35年5ヶ月),高松琴平電鉄志度線 / 瓦町駅 徒歩11分 高松琴平電鉄琴平線 / 高松築港駅 徒歩11分,貸店舗（一部）,3ヶ月/なし,-,-,-,-,ＹＩビル 201,-,都市ガス　動力あり　トイレ,賃貸保証等：加入要 実費,33.75㎡,-,2階建/2階,-,-,-,2年,-,-,6983552043,2026/03/23,不明,,,,34.3451724,134.0528471
5ff50ad7298a4d3b7e2e7212,クリエイトビル 4Ｆ,https://www.takamatsuhousing.jp/kasi-tenpo/detail-5ff50ad7298a4d3b7e2e7212/,2,takamatsu_housing,クリエイトビル 4Ｆ 高松琴平電鉄志度線 / 瓦町駅 高松市塩上町３丁目 徒歩7分 9.9 万円 - 6ヶ月/ なし/ なし 71.77㎡ 21.71坪／0.4561万円 貸店舗・事務所(一部) 1995年10月(築30年9ヶ月) 物件詳細を見る お気に入り登録 お問い合わせをする,9.9万円,6ヶ月/なし,高松琴平電鉄志度線 / 瓦町駅 徒歩7分,香川県高松市塩上町３丁目,1995年10月(築30年9ヶ月),-,貸店舗・事務所(一部),6ヶ月/なし,-,-,-,-,クリエイトビル 4Ｆ,飲食店不可,-,,71.77㎡,-,5階建/4～5階,-,-,-,2年,-,-,6972522109,2026/03/24,不可,,,,34.3388772,134.0573648
6a0e8e5ee5469042fbdbf228,ヘンミビル 205,https://www.takamatsuhousing.jp/kasi-tenpo/detail-6a0e8e5ee5469042fbdbf228/,2,takamatsu_housing,"ヘンミビル 205 高松琴平電鉄志度線 / 瓦町駅 高松市古馬場町 徒歩9分 9.9 万円 19,800円 6ヶ月/ なし/ なし 48.84㎡ 14.77坪／0.6701万円 貸店舗（一部） 1977年10月(築48年9ヶ月) 物件詳細を見る お気に入り登録 お問い合わせをする",9.9万円,6ヶ月/なし,高松琴平電鉄志度線 / 瓦町駅 徒歩9分,香川県高松市古馬場町,1977年10月(築48年9ヶ月),-,貸店舗（一部）,6ヶ月/なし,なし,-,-,-,ヘンミビル 205,スケルトン,エレベーター,賃貸保証等：加入要 ＵＳＥＮ、全保連、興和アシスト等 中古馬場　２階　約１４．７７坪,48.84㎡,-,地上6階地下1階建/2階,-,-,-,3年,-,なし,6990790992,2026/05/21,不明,,,,34.3425721,134.0518077
662dca5ca7349f768c4d4d6a,高松市 太田上町 (太田駅) の貸店舗（一部）,https://www.takamatsuhousing.jp/kasi-tenpo/detail-662dca5ca7349f768c4d4d6a/,2,takamatsu_housing,"高松市 太田上町 (太田駅) の貸店舗（一部） 高松琴平電鉄琴平線 / 太田駅 高松市太田上町 徒歩4分 10 万円 3,300円 3ヶ月/ なし/ 1ヶ月 69.95㎡ 21.15坪／0.4726万円 貸店舗（一部） 2000年4月(築26年3ヶ月) 物件詳細を見る お気に入り登録 お問い合わせをする",10万円,3ヶ月/なし,高松琴平電鉄琴平線 / 太田駅 徒歩4分,香川県高松市太田上町,2000年4月(築26年3ヶ月),高松琴平電鉄琴平線 / 伏石駅 徒歩16分,貸店舗（一部）,3ヶ月/なし,-,-,-,-,-,駐車場３台分以上,電動シャッター　エアコン　トイレ,賃貸保証等：加入要 初回総賃料の１００％、毎年月額賃料の１０％,69.95㎡,-,1階建/1階,-,-,-,3年,-,なし,6982203865,2025/07/24,不明,,,,34.2970932,134.042515
676a154920ba5422ebdb61c8,高松市 塩上町 (瓦町駅) の貸店舗（一部）,https://www.takamatsuhousing.jp/kasi-tenpo/detail-676a154920ba5422ebdb61c8/,2,takamatsu_housing,高松市 塩上町 (瓦町駅) の貸店舗（一部） 高松琴平電鉄琴平線 / 瓦町駅 高松市塩上町 徒歩6分 10 万円 - 4ヶ月/ なし/ なし 63.61㎡ 19.24坪／0.5197万円 貸店舗（一部） 1979年5月(築47年2ヶ月) 物件詳細を見る お気に入り登録 お問い合わせをする,10万円,4ヶ月/なし,高松琴平電鉄琴平線 / 瓦町駅 徒歩6分,香川県高松市塩上町,1979年5月(築47年2ヶ月),高松琴平電鉄長尾線 / 瓦町駅 徒歩6分 ＪＲ高徳線 / 栗林駅 徒歩9分,貸店舗（一部）,4ヶ月/なし,-,-,-,-,-,駐車場２台分,都市ガス　エアコン　トイレ,賃貸保証等：加入要 興和アシスト　初回８００００円 主要採光面：東向き 写真にある家具家電類は撤去する物もあります。 契約時に相談。,63.61㎡,-,4階建/1階,有　無料　空き2台,-,-,2年,-,1.10万円,6984626634,2026/01/05,不明,,,,34.3359149,134.0508803
6836b1a3edabdc2b84828858,ＹＩビル 2階,https://www.takamatsuhousing.jp/kasi-tenpo/detail-6836b1a3edabdc2b84828858/,2,takamatsu_housing,ＹＩビル 2階 高松琴平電鉄琴平線 / 片原町駅 高松市百間町 徒歩4分 10 万円 なし 3ヶ月/ なし/ なし 39.35㎡ 11.90坪／0.8402万円 貸店舗（一部） 1991年1月(築35年6ヶ月) 物件詳細を見る お気に入り登録 お問い合わせをする,10万円,3ヶ月/なし,高松琴平電鉄琴平線 / 片原町駅 徒歩4分,香川県高松市百間町,1991年1月(築35年6ヶ月),-,貸店舗（一部）,3ヶ月/なし,-,"商店街　入町料：10,000円","商店街費：3,660円/月",-,ＹＩビル,-,トイレ,賃貸保証等：加入要 ＵＳＥＮ　ＴＲＵＳＴ、全保連,39.35㎡,-,2階建/2階,-,-,-,3年,-,-,6986466223,2025/05/29,不明,,,,34.3451724,134.0528471
63e5b0fba4cf3a687b612ebf,高松市 香川町川東下 の貸店舗（一部）,https://www.takamatsuhousing.jp/kasi-tenpo/detail-63e5b0fba4cf3a687b612ebf/,2,takamatsu_housing,高松市 香川町川東下 の貸店舗（一部） 仏生山駅 高松市香川町川東下 - 11 万円 - 2ヶ月/ なし/ なし 103.78㎡ 31.39坪／0.3504万円 貸店舗（一部） 1991年2月(築35年5ヶ月) 物件詳細を見る お気に入り登録 お問い合わせをする,11万円,2ヶ月/なし,仏生山駅,香川県高松市香川町川東下,1991年2月(築35年5ヶ月),-,貸店舗（一部）,2ヶ月/なし,-,-,-,-,-,-,-,,103.78㎡,-,3階建/1階,-,-,-,2年,-,-,6978402922,2025/10/29,不明,,,,34.2455044,134.0300841
6625ffa21c76787b82940ef5,高松市 郷東町 (香西駅) の貸店舗・事務所(一部),https://www.takamatsuhousing.jp/kasi-tenpo/detail-6625ffa21c76787b82940ef5/,2,takamatsu_housing,"高松市 郷東町 (香西駅) の貸店舗・事務所(一部) ＪＲ予讃線 / 香西駅 高松市郷東町 徒歩9分 11 万円 22,000円 3ヶ月/ なし/ 1ヶ月 132.52㎡ 40.08坪／0.2745万円 貸店舗・事務所(一部) 1990年4月(築36年3ヶ月) 物件詳細を見る お気に入り登録 お問い合わせをする",11万円,3ヶ月/なし,ＪＲ予讃線 / 香西駅 徒歩9分,香川県高松市郷東町,1990年4月(築36年3ヶ月),ＪＲ高徳線 / 昭和町駅 徒歩22分,貸店舗・事務所(一部),3ヶ月/なし,-,-,-,-,301,-,-,駐車場１台５．０００円,132.52㎡,-,6階建/3階,-,-,-,3年,-,-,6982142409,2026/03/23,不明,,,,34.3473129,134.0147595
6606881ee7d24604c2711195,津田ビル １階,https://www.takamatsuhousing.jp/kasi-tenpo/detail-6606881ee7d24604c2711195/,2,takamatsu_housing,津田ビル １階 ＪＲ高徳線 / 栗林公園北口駅 高松市中央町 徒歩8分 11 万円 なし 6ヶ月/ なし/ なし 74.93㎡ 22.66坪／0.4854万円 貸店舗（一部） 1970年12月(築55年7ヶ月) 物件詳細を見る お気に入り登録 お問い合わせをする,11万円,6ヶ月/なし,ＪＲ高徳線 / 栗林公園北口駅 徒歩8分,香川県高松市中央町,1970年12月(築55年7ヶ月),-,貸店舗（一部）,6ヶ月/なし,なし,-,-,-,津田ビル １階,スケルトン　１フロア１テナント,トイレ,賃貸保証等：加入要 全保連、興和アシスト、ＵＳＥＮ　等,74.93㎡,-,3階建/1階,なし,-,-,3年,-,なし,6981907612,2024/04/03,不明,,,,34.3364526,134.0452022
60236530f54ec10a84ccca1f,ソリッド 4D,https://www.takamatsuhousing.jp/kasi-tenpo/detail-60236530f54ec10a84ccca1f/,2,takamatsu_housing,"ソリッド 4D 高松琴平電鉄志度線 / 瓦町駅 高松市古馬場町 徒歩6分 11 万円 25,080円 2ヶ月/ なし/ 11.00万円 42.08㎡ 12.72坪／0.8642万円 貸店舗（一部） 1991年10月(築34年9ヶ月) 物件詳細を見る お気に入り登録 お問い合わせをする",11万円,2ヶ月/なし,高松琴平電鉄志度線 / 瓦町駅 徒歩6分,香川県高松市古馬場町,1991年10月(築34年9ヶ月),-,貸店舗（一部）,2ヶ月/なし,-,-,-,-,ソリッド 4D,飲食店可,-,賃貸保証等：加入要 興和アシスト・全保連　プラン有 カラオケ業者指定有,42.08㎡,-,7階建/4階,なし,なし,-,2年,-,-,6972816432,2025/09/08,可,,,,34.3425721,134.0518077
646306e9202916104aaa82a9,高松市 花ノ宮町３丁目 (栗林公園駅) の貸店舗（一部）,https://www.takamatsuhousing.jp/kasi-tenpo/detail-646306e9202916104aaa82a9/,2,takamatsu_housing,高松市 花ノ宮町３丁目 (栗林公園駅) の貸店舗（一部） 高松琴平電鉄琴平線 / 栗林公園駅 高松市花ノ宮町３丁目 徒歩10分 12 万円 - 3ヶ月/ なし/ なし 85.95㎡ 25.99坪／0.4616万円 貸店舗（一部） 1980年1月(築46年6ヶ月) 物件詳細を見る お気に入り登録 お問い合わせをする,12万円,3ヶ月/なし,高松琴平電鉄琴平線 / 栗林公園駅 徒歩10分,香川県高松市花ノ宮町３丁目,1980年1月(築46年6ヶ月),高松琴平電鉄琴平線 / 三条駅 徒歩12分 ＪＲ高徳線 / 栗林駅 徒歩15分,貸店舗（一部）,3ヶ月/なし,なし,-,"水道代：4,000円/月",-,-,１フロア１テナント　角部屋　最上階,給湯　トイレ,賃貸保証等：加入要 初回６０，０００円、保証委託料１０，０００円／年 主要採光面：北向き,85.95㎡,-,3階建/3階,なし,-,-,2年,-,1.10万円,6979140196,2025/11/20,不明,,,,34.3246462,134.0457846
662085d6af472b3b825c1d7d,富士ビル 地下１階,https://www.takamatsuhousing.jp/kasi-tenpo/detail-662085d6af472b3b825c1d7d/,2,takamatsu_housing,富士ビル 地下１階 高松琴平電鉄琴平線 / 瓦町駅 高松市常磐町１丁目 徒歩2分 12.1 万円 なし 6ヶ月/ なし/ 1ヶ月 93.00㎡ 28.13坪／0.4302万円 貸店舗（一部） 1964年2月(築62年5ヶ月) 物件詳細を見る お気に入り登録 お問い合わせをする,12.1万円,6ヶ月/なし,高松琴平電鉄琴平線 / 瓦町駅 徒歩2分,香川県高松市常磐町１丁目,1964年2月(築62年5ヶ月),-,貸店舗（一部）,6ヶ月/なし,なし,-,-,-,富士ビル 地下１階,スケルトン,-,賃貸保証等：加入要 ＵＳＥＮ、４Ｃ’ｓ　等 ■退去日の６ヶ月前までに予告。,93.00㎡,-,地上5階地下1階建/B1階,-,-,-,2年,-,なし,6982105483,2024/04/18,不明,,,,34.3387776,134.0510854
630eb9d1635f952635393cad,西内町貸事務所　１階 1階,https://www.takamatsuhousing.jp/kasi-tenpo/detail-630eb9d1635f952635393cad/,2,takamatsu_housing,"西内町貸事務所　１階 1階 高松琴平電鉄琴平線 / 高松築港駅 高松市西内町 徒歩12分 12.75 万円 6,000円 なし/ なし/ なし 53.21㎡ 16.09坪／0.7922万円 貸店舗（一部） 1992年10月(築33年9ヶ月) 物件詳細を見る お気に入り登録 お問い合わせをする",12.75万円,なし/なし,高松琴平電鉄琴平線 / 高松築港駅 徒歩12分,香川県高松市西内町,1992年10月(築33年9ヶ月),-,貸店舗（一部）,なし/なし,-,-,-,-,西内町貸事務所　１階,-,都市ガス,・入居審査有 ・現況設備を使用してほしい、撤去したい場合は要相談 ・電気代別途請求,53.21㎡,公簿 214.00㎡,3階建/1階,"有　15,000円/月",-,商業地域,2年,-,-,6977125922,2025/11/10,不明,,,,34.3475605,134.0469994
555897844249423ff8c68216,高松市 屋島西町 (屋島駅) の貸店舗・事務所(一部),https://www.takamatsuhousing.jp/kasi-tenpo/detail-555897844249423ff8c68216/,3,takamatsu_housing,"高松市 屋島西町 (屋島駅) の貸店舗・事務所(一部) ＪＲ高徳線 / 屋島駅 高松市屋島西町 徒歩7分 13 万円 30,000円 2ヶ月/ なし/ 1ヶ月 133.70㎡ 40.44坪／0.3215万円 貸店舗・事務所(一部) 1973年4月(築53年3ヶ月) 物件詳細を見る お気に入り登録 お問い合わせをする",13万円,2ヶ月/なし,ＪＲ高徳線 / 屋島駅 徒歩7分,香川県高松市屋島西町,1973年4月(築53年3ヶ月),-,貸店舗・事務所(一部),2ヶ月/なし,なし,-,-,-,-,24時間利用可　角部屋,エレベーター　ビルトインエアコン　トイレ,,133.70㎡,-,6階建/2階,有　無料　　備考：駐車場２台込,-,-,3年,-,なし,6954723413,2026/04/13,不明,,,,34.3603444,134.0966033
67f20f823d177354830cb311,高松市 扇町２丁目 (昭和町駅) の貸店舗（一部）,https://www.takamatsuhousing.jp/kasi-tenpo/detail-67f20f823d177354830cb311/,3,takamatsu_housing,高松市 扇町２丁目 (昭和町駅) の貸店舗（一部） ＪＲ高徳線 / 昭和町駅 高松市扇町２丁目 徒歩9分 13.2 万円 - 3ヶ月/ なし/ 1ヶ月 135.25㎡ 40.91坪／0.3227万円 貸店舗（一部） 1970年1月(築56年6ヶ月) 物件詳細を見る お気に入り登録 お問い合わせをする,13.2万円,3ヶ月/なし,ＪＲ高徳線 / 昭和町駅 徒歩9分,香川県高松市扇町２丁目,1970年1月(築56年6ヶ月),ＪＲ予讃線 / 高松駅 徒歩17分 高松琴平電鉄琴平線 / 瓦町駅 徒歩20分,貸店舗（一部）,3ヶ月/なし,-,-,-,-,１F,飲食店可,都市ガス,賃貸保証等：加入要 初回賃料総額８０％、更新料毎年賃料総額１０％,135.25㎡,-,3階建/1階,なし,なし,商業地域,2年,-,-,6985872804,2026/05/16,可,,,,34.3445597,134.0357197
684a89ea243a5b1d0deb1257,ＡＫビル片原町Ⅱ　２階　北西 （２０２号）,https://www.takamatsuhousing.jp/kasi-tenpo/detail-684a89ea243a5b1d0deb1257/,3,takamatsu_housing,"ＡＫビル片原町Ⅱ　２階　北西 （２０２号） 高松琴平電鉄琴平線 / 片原町駅 高松市片原町 徒歩2分 13.2 万円 22,000円 6ヶ月/ なし/ なし 69.48㎡ 21.01坪／0.6281万円 貸店舗（一部） 1979年6月(築47年1ヶ月) 物件詳細を見る お気に入り登録 お問い合わせをする",13.2万円,6ヶ月/なし,高松琴平電鉄琴平線 / 片原町駅 徒歩2分,香川県高松市片原町,1979年6月(築47年1ヶ月),-,貸店舗（一部）,6ヶ月/なし,-,-,-,-,ＡＫビル片原町Ⅱ　２階　北西 （２０２号）,飲食店可　角部屋,エレベーター　都市ガス　トイレ２ヶ所,賃貸保証等：加入要 全保連、興和アシスト、ＵＳＥＮ　等。 ※　別途商店街費要,69.48㎡,-,8階建/2階,-,-,-,3年,-,なし,6986659437,2025/06/16,可,,,,34.3458826,134.0543651
642fa6da77270d5cba271843,高松市 天神前 (栗林公園北口駅) の貸店舗（一部）,https://www.takamatsuhousing.jp/kasi-tenpo/detail-642fa6da77270d5cba271843/,3,takamatsu_housing,"高松市 天神前 (栗林公園北口駅) の貸店舗（一部） ＪＲ高徳線 / 栗林公園北口駅 高松市天神前 徒歩11分 14.3 万円 5,500円 3ヶ月/ なし/ 1ヶ月 56.00㎡ 16.93坪／0.8442万円 貸店舗（一部） 1963年6月(築63年1ヶ月) 物件詳細を見る お気に入り登録 お問い合わせをする",14.3万円,3ヶ月/なし,ＪＲ高徳線 / 栗林公園北口駅 徒歩11分,香川県高松市天神前,1963年6月(築63年1ヶ月),高松琴平電鉄琴平線 / 瓦町駅 徒歩11分 ＪＲ高徳線 / 高松駅 徒歩16分,貸店舗（一部）,3ヶ月/なし,-,-,-,-,-,-,バス・トイレ別室,賃貸保証等：加入要 全保連保証初回１００％ 近隣、コインパーキングあります。,56.00㎡,-,3階建/1階,なし,なし,-,3年,-,なし,6978864991,2026/03/23,不明,,,,34.3388334,134.045818
67330cb3c7b82905187c793b,西村ジョイ屋島店　１階北ＥＶ前 1階,https://www.takamatsuhousing.jp/kasi-tenpo/detail-67330cb3c7b82905187c793b/,3,takamatsu_housing,"西村ジョイ屋島店　１階北ＥＶ前 1階 高松琴平電鉄志度線 / 春日川駅 高松市屋島西町 徒歩18分 14.971 万円 7,486円 3ヶ月/ なし/ なし 45.00㎡ 13.61坪／1.0999万円 貸店舗（一部） 1997年11月(築28年8ヶ月) 物件詳細を見る お気に入り登録 お問い合わせをする",14.971万円,3ヶ月/なし,高松琴平電鉄志度線 / 春日川駅 徒歩18分,香川県高松市屋島西町,1997年11月(築28年8ヶ月),高松琴平電鉄志度線 / 潟元駅 徒歩20分 高松琴平電鉄志度線 / 沖松島駅 徒歩29分,貸店舗（一部）,3ヶ月/なし,-,-,-,-,西村ジョイ屋島店　１階北ＥＶ前,-,-,賃貸保証等：加入要 全保連株式会社。契約時賃料合計の１００％（１か月分）、２年目より１０％の保証委託料が必要です。 西村ジョイ屋島店の１階駐車 場横・エレベーター前の店舗となります。 飲食店、物品販売等に適しています。 看板設置代、水道代、ガス代、電気代、廃棄物処理費等は別途必要となります。 営業可能時間は西村ジョイに準じて、９時～２０時となります。 貸主様にて利用中ですが、内見は可能です。,45.00㎡,-,3階建/1階,有　無料,有,準工業　２種住居,3年,-,なし,6984166252,2024/11/25,不明,,,,34.3603444,134.0966033
6833f5d6c196ea30e30ea1ee,大内ビル 1階,https://www.takamatsuhousing.jp/kasi-tenpo/detail-6833f5d6c196ea30e30ea1ee/,3,takamatsu_housing,大内ビル 1階 高松琴平電鉄琴平線 / 片原町駅 高松市今新町 徒歩5分 15 万円 なし 6ヶ月/ なし/ なし 69.03㎡ 20.88坪／0.7184万円 貸店舗（一部） 1975年5月(築51年2ヶ月) 物件詳細を見る お気に入り登録 お問い合わせをする,15万円,6ヶ月/なし,高松琴平電鉄琴平線 / 片原町駅 徒歩5分,香川県高松市今新町,1975年5月(築51年2ヶ月),-,貸店舗（一部）,6ヶ月/なし,-,-,-,-,大内ビル 1階,居抜き　飲食店可,エアコン　多機能トイレ,賃貸保証等：加入要 全保連、興和アシスト、ＵＳＥＮ　等 今新町　１階路面店　居抜き物件 軽飲食可！！　即営業できます！,69.03㎡,-,3階建/1階,なし,-,-,3年,-,なし,6986442377,2025/05/27,可,,,,34.3439421,134.0526969
682a928cd63cad3855bc8266,高松市 上福岡町 (花園駅) の貸店舗・事務所(一部),https://www.takamatsuhousing.jp/kasi-tenpo/detail-682a928cd63cad3855bc8266/,3,takamatsu_housing,"高松市 上福岡町 (花園駅) の貸店舗・事務所(一部) 高松琴平電鉄長尾線 / 花園駅 高松市上福岡町 徒歩10分 15 万円 7,000円 2ヶ月/ なし/ 1ヶ月 157.80㎡ 47.73坪／0.3143万円 貸店舗・事務所(一部) 1991年2月(築35年5ヶ月) 物件詳細を見る お気に入り登録 お問い合わせをする",15万円,2ヶ月/なし,高松琴平電鉄長尾線 / 花園駅 徒歩10分,香川県高松市上福岡町,1991年2月(築35年5ヶ月),高松琴平電鉄長尾線 / 林道駅 徒歩14分,貸店舗・事務所(一部),2ヶ月/なし,-,-,-,-,201,居抜き　土日・祝日利用可　１フロア１テナント,男女別トイレ　エレベーター　給湯　トイレ,賃貸保証等：加入要 ＵＳＥＮ　賃料１ヵ月分,157.80㎡,-,5階建/2階,有　無料　空き1台,有　無料,-,2年,-,-,6986360802,2026/02/23,不明,可,,,34.3302357,134.0637986
685d1a520faf100f05698481,高松市 上福岡町 (花園駅) の貸店舗・事務所(一部),https://www.takamatsuhousing.jp/kasi-tenpo/detail-685d1a520faf100f05698481/,3,takamatsu_housing,"高松市 上福岡町 (花園駅) の貸店舗・事務所(一部) 高松琴平電鉄長尾線 / 花園駅 高松市上福岡町 徒歩10分 15 万円 7,000円 2ヶ月/ なし/ 1ヶ月 157.80㎡ 47.73坪／0.3143万円 貸店舗・事務所(一部) 1991年2月(築35年5ヶ月) 物件詳細を見る お気に入り登録 お問い合わせをする",15万円,2ヶ月/なし,高松琴平電鉄長尾線 / 花園駅 徒歩10分,香川県高松市上福岡町,1991年2月(築35年5ヶ月),高松琴平電鉄長尾線 / 林道駅 徒歩14分,貸店舗・事務所(一部),2ヶ月/なし,-,-,-,-,301,居抜き　土日・祝日利用可　１フロア１テナント,男女別トイレ　エレベーター　給湯　プロパンガス　トイレ,賃貸保証等：加入要 ＵＳＥＮ　賃料１ヵ月分,157.80㎡,-,5階建/3階,有　無料　空き1台,-,１種住居,2年,-,-,6986807444,2026/04/20,不明,可,,,34.3302357,134.0637986
685d1f690faf10343a698468,高松市 上福岡町 (花園駅) の貸店舗・事務所(一部),https://www.takamatsuhousing.jp/kasi-tenpo/detail-685d1f690faf10343a698468/,3,takamatsu_housing,"高松市 上福岡町 (花園駅) の貸店舗・事務所(一部) 高松琴平電鉄長尾線 / 花園駅 高松市上福岡町 徒歩10分 15 万円 7,000円 2ヶ月/ なし/ 1ヶ月 117.30㎡ 35.48坪／0.4228万円 貸店舗・事務所(一部) 1991年2月(築35年5ヶ月) 物件詳細を見る お気に入り登録 お問い合わせをする",15万円,2ヶ月/なし,高松琴平電鉄長尾線 / 花園駅 徒歩10分,香川県高松市上福岡町,1991年2月(築35年5ヶ月),高松琴平電鉄長尾線 / 林道駅 徒歩14分,貸店舗・事務所(一部),2ヶ月/なし,-,-,-,-,401,居抜き　土日・祝日利用可　１フロア１テナント,男女別トイレ　エレベーター　給湯　プロパンガス　トイレ,賃貸保証等：加入要 ＵＳＥＮ　賃料１ヵ月分,117.30㎡,-,5階建/4階,有　無料　空き1台,-,１種住居,2年,-,-,6986807519,2026/04/20,不明,可,,,34.3302357,134.0637986
6a20da03cb8ef797e0780d96,高松市 鶴屋町 (片原町駅) の貸店舗（一部）,https://www.takamatsuhousing.jp/kasi-tenpo/detail-6a20da03cb8ef797e0780d96/,3,takamatsu_housing,高松市 鶴屋町 (片原町駅) の貸店舗（一部） 高松琴平電鉄琴平線 / 片原町駅 高松市鶴屋町 徒歩4分 15 万円 - 2ヶ月/ なし/ 1ヶ月 98.59㎡ 29.82坪／0.503万円 貸店舗（一部） 2003年8月(築22年11ヶ月) 物件詳細を見る お気に入り登録 お問い合わせをする,15万円,2ヶ月/なし,高松琴平電鉄琴平線 / 片原町駅 徒歩4分,香川県高松市鶴屋町,2003年8月(築22年11ヶ月),高松琴平電鉄志度線 / 今橋駅 徒歩13分 ＪＲ高徳線 / 高松駅 徒歩16分,貸店舗（一部）,2ヶ月/なし,なし,-,-,-,-,-,-,賃貸保証等：加入要 全保連・Ｊリース等（プラン有）,98.59㎡,-,1階建/1階,有　無料,-,-,2年,-,-,6990983962,2026/06/04,不明,,,,34.3467972,134.0549327
55588e3142494231b8305814,新井ビル 1階,https://www.takamatsuhousing.jp/kasi-tenpo/detail-55588e3142494231b8305814/,3,takamatsu_housing,"新井ビル 1階 【バス】 田中 停歩1分 高松市成合町 - 15.07 万円 7,700円 1ヶ月/ なし/ なし 98.41㎡ 29.76坪／0.5063万円 貸店舗・事務所(一部) 1991年10月(築34年9ヶ月) 物件詳細を見る お気に入り登録 お問い合わせをする",15.07万円,1ヶ月/なし,【バス】 田中 停歩1分,香川県高松市成合町,1991年10月(築34年9ヶ月),-,貸店舗・事務所(一部),1ヶ月/なし,-,-,"ごみ処理：1,000円/月",-,新井ビル,飲食店不可,-,賃貸保証等：加入要 全保連・興和アシスト等　保証会社プラン有 Ｐ２台込 トイレ洋式に変更済,98.41㎡,-,2階建/1階,有　無料　　備考：２台込・３台目から１台につき￥４，０００,-,-,2年,-,-,3632279301,2024/10/04,不可,,,,34.2994211,134.0156685
673ead7ac3c8d520f9d36c63,高松プラザビル ６０３,https://www.takamatsuhousing.jp/kasi-tenpo/detail-673ead7ac3c8d520f9d36c63/,3,takamatsu_housing,高松プラザビル ６０３ ＪＲ高徳線 / 栗林公園北口駅 高松市中野町 徒歩6分 15.2295 万円 なし 3ヶ月/ なし/ なし 61.04㎡ 18.46坪／0.8248万円 貸店舗・事務所(一部) 1987年9月(築38年10ヶ月) 物件詳細を見る お気に入り登録 お問い合わせをする,15.2295万円,3ヶ月/なし,ＪＲ高徳線 / 栗林公園北口駅 徒歩6分,香川県高松市中野町,1987年9月(築38年10ヶ月),高松琴平電鉄琴平線 / 栗林公園駅 徒歩12分 ＪＲ高徳線 / 栗林駅 徒歩11分,貸店舗・事務所(一部),3ヶ月/なし,-,-,-,-,高松プラザビル ６０３,24時間利用可　土曜日利用可　土日・祝日利用可　ＯＡフロア　リノベーション,男女別トイレ　エレベーター２基以上　エレベーター　給湯　エアコン　冷房　トイレ,ＩＴ重説対応物件,61.04㎡,-,8階建/6階,"有　8,800円/月　　備考：機械式駐車場サイズ　◆全長５０５０ｍｍ以下　◆全幅１８５０ｍｍ以下　◆タイヤ外幅１７００ｍｍ以下　◆全高１５００ｍｍ以下　◆最低地上高１３０ｍｍ以下　◆重量１６００ｋｇ以下",有,-,2年,-,-,1045279598,2024/11/21,不明,,,2017年05月　　内容：ファサード・共用部,34.3340385,134.0434882
6052fa256962487ccb19b993,高松市 新北町 (昭和町駅) の貸店舗・事務所(一部),https://www.takamatsuhousing.jp/kasi-tenpo/detail-6052fa256962487ccb19b993/,3,takamatsu_housing,高松市 新北町 (昭和町駅) の貸店舗・事務所(一部) パノラマ ＪＲ高徳線 / 昭和町駅 高松市新北町 徒歩18分 15.4 万円 なし 3ヶ月/ なし/ なし 71.87㎡ 21.74坪／0.7084万円 貸店舗・事務所(一部) 2007年1月(築19年6ヶ月) 物件詳細を見る お気に入り登録 お問い合わせをする,15.4万円,3ヶ月/なし,ＪＲ高徳線 / 昭和町駅 徒歩18分,香川県高松市新北町,2007年1月(築19年6ヶ月),-,貸店舗・事務所(一部),3ヶ月/なし,-,-,-,-,-,飲食店不可,エアコン２台以上　ビルトインエアコン　エアコン,賃貸保証等：加入要 興和アシスト㈱へ加入要 駐車場４台が付いております。,71.87㎡,71.87㎡,1階建/1階,有　無料　空き4台,-,準工業,3年,-,なし,6973121092,2025/09/01,不可,,,,34.3529843,134.0256404
68db7f1ba22de730730349b5,プレシャス番町ビル 4F,https://www.takamatsuhousing.jp/kasi-tenpo/detail-68db7f1ba22de730730349b5/,3,takamatsu_housing,"プレシャス番町ビル 4F ＪＲ予讃線 / 高松駅 高松市番町３丁目 徒歩15分 15.8 万円 14,850円 3ヶ月/ なし/ なし 86.88㎡ 26.28坪／0.6012万円 貸店舗・事務所(一部) 1978年2月(築48年5ヶ月) 物件詳細を見る お気に入り登録 お問い合わせをする",15.8万円,3ヶ月/なし,ＪＲ予讃線 / 高松駅 徒歩15分,香川県高松市番町３丁目,1978年2月(築48年5ヶ月),ＪＲ高徳線 / 昭和町駅 徒歩13分,貸店舗・事務所(一部),3ヶ月/なし,-,-,-,-,プレシャス番町ビル 4F,土日・祝日利用可　有人警備　角部屋　24時間セキュリティー　24時間換気システム,男女別トイレ　宅配ＢＯＸ　防犯カメラ　エレベーター　給湯　エアコン　トイレ,主要採光面：北東向き,86.88㎡,-,地上6階地下1階建/1階,"有　16,500円/月　　備考：敷地内空きが無ければ近隣にも専用駐車場有",有　無料,-,2年,-,-,6987843037,2026/02/24,不明,,,,34.3423736,134.0417194
682a97c00113b83abe1a03d1,ツゥーフィートビル 5-B,https://www.takamatsuhousing.jp/kasi-tenpo/detail-682a97c00113b83abe1a03d1/,3,takamatsu_housing,"ツゥーフィートビル 5-B 高松琴平電鉄琴平線 / 瓦町駅 高松市鍛冶屋町 徒歩10分 16.5 万円 30,756円 3ヶ月/ なし/ 1ヶ月 61.62㎡ 18.63坪／0.8852万円 貸店舗（一部） 1991年9月(築34年10ヶ月) 物件詳細を見る お気に入り登録 お問い合わせをする",16.5万円,3ヶ月/なし,高松琴平電鉄琴平線 / 瓦町駅 徒歩10分,香川県高松市鍛冶屋町,1991年9月(築34年10ヶ月),ＪＲ高徳線 / 高松駅 徒歩14分 ＪＲ予讃線 / 高松駅 徒歩14分,貸店舗（一部）,3ヶ月/なし,-,-,-,-,ツゥーフィートビル 5-B,スケルトン　土日・祝日利用可　飲食店可　最上階　耐震構造(新耐震基準)　天井高２.５ｍ以上,防犯カメラ　エレベーター　動力あり　インターネット対応　有線放送,賃貸保証等：加入要 ＵＳＥＮ賃貸保証 バルコニー：あり 主要採光面：北向き,61.62㎡,-,5階建/5階,-,-,商業地域,2031年03月30日まで,定期借家,新賃料 1ヶ月,6986361444,2026/04/27,可,可,,,34.3428604,134.0487343
5b433431e5a69c481006210e,京都興産ビル ５F,https://www.takamatsuhousing.jp/kasi-tenpo/detail-5b433431e5a69c481006210e/,3,takamatsu_housing,"京都興産ビル ５F 高松琴平電鉄志度線 / 瓦町駅 高松市瓦町１丁目 徒歩4分 16.5 万円 7,700円 3ヶ月/ なし/ なし 116.86㎡ 35.34坪／0.4668万円 貸店舗（一部） 1976年10月(築49年9ヶ月) 物件詳細を見る お気に入り登録 お問い合わせをする",16.5万円,3ヶ月/なし,高松琴平電鉄志度線 / 瓦町駅 徒歩4分,香川県高松市瓦町１丁目,1976年10月(築49年9ヶ月),-,貸店舗（一部）,3ヶ月/なし,-,-,-,-,京都興産ビル ５F,飲食店可　最上階,男女別トイレ　エレベーター　トイレ２ヶ所,,116.86㎡,-,6階建/5階,-,-,-,2年,-,-,6966181276,2026/02/05,可,,,,34.3412277,134.051584
68f1b59cc430a27e9e0ec70f,下田井町貸店舗事務所 1階,https://www.takamatsuhousing.jp/kasi-tenpo/detail-68f1b59cc430a27e9e0ec70f/,3,takamatsu_housing,"下田井町貸店舗事務所 1階 高松琴平電鉄長尾線 / 水田駅 高松市下田井町 徒歩25分 16.5 万円 9,900円 2ヶ月/ なし/ 1ヶ月 105.56㎡ 31.93坪／0.5168万円 貸店舗・事務所(一部) 1997年2月(築29年5ヶ月) 物件詳細を見る お気に入り登録 お問い合わせをする",16.5万円,2ヶ月/なし,高松琴平電鉄長尾線 / 水田駅 徒歩25分,香川県高松市下田井町,1997年2月(築29年5ヶ月),高松琴平電鉄長尾線 / 西前田駅 徒歩27分,貸店舗・事務所(一部),2ヶ月/なし,なし,-,-,-,下田井町貸店舗事務所,飲食店可　駐車場３台分以上　天井高２.５ｍ以上,男女別トイレ　給湯　プロパンガス　エアコン　トイレ,主要採光面：南向き,105.56㎡,-,3階建/1階,有　無料　空き8台　　備考：近隣（物件北側）にも２台分　有,-,-,2年,-,-,6988042236,2025/11/04,可,,,,34.293847,134.0928756
699d42258f9bb7ed6b2b1bdd,錦町１丁目　小川マンション１階店舗 1階,https://www.takamatsuhousing.jp/kasi-tenpo/detail-699d42258f9bb7ed6b2b1bdd/,3,takamatsu_housing,錦町１丁目　小川マンション１階店舗 1階 ＪＲ予讃線 / 高松駅 高松市錦町１丁目 徒歩6分 16.5 万円 - 3ヶ月/ なし/ 1ヶ月 68.00㎡ 20.56坪／0.8022万円 貸店舗（一部） 1987年8月(築38年11ヶ月) 物件詳細を見る お気に入り登録 お問い合わせをする,16.5万円,3ヶ月/なし,ＪＲ予讃線 / 高松駅 徒歩6分,香川県高松市錦町１丁目,1987年8月(築38年11ヶ月),-,貸店舗（一部）,3ヶ月/なし,なし,-,-,-,錦町１丁目　小川マンション１階店舗,居抜き　土日・祝日利用可　飲食店可　１フロア１テナント　天井高２.５ｍ以上,冷蔵庫　プロパンガス　ビルトインエアコン　トイレ,賃貸保証等：加入要 全保連 主要採光面：南向き 図面は概略図ですので、必ず内見してください。内見結果が優先です「建物面積／使用部分面積」も概算で す。 テナントによっては不適格または多大な改修費用が発生する場合がありますので、契約前に、保健所、消防などの行政機関にご相談ください。 また、管理費は契約時に別途計算させて頂きます。,68.00㎡,公簿 149.75㎡,6階建/1階,なし,なし,商業地域,2年,-,-,6989634988,2026/04/08,可,不可,,,34.3475208,134.044579
63d8b7d3f47768688d0d5cfc,プレシャス番町ビル（第一讃機ビル） 4 F北東ｶｰﾈｰｼｮﾝ,https://www.takamatsuhousing.jp/kasi-tenpo/detail-63d8b7d3f47768688d0d5cfc/,3,takamatsu_housing,"プレシャス番町ビル（第一讃機ビル） 4 F北東ｶｰﾈｰｼｮﾝ ＪＲ高徳線 / 昭和町駅 高松市番町３丁目 徒歩13分 16.5 万円 14,850円 3ヶ月/ なし/ なし 86.88㎡ 26.28坪／0.6279万円 貸店舗・事務所(一部) 1978年2月(築48年5ヶ月) 物件詳細を見る お気に入り登録 お問い合わせをする",16.5万円,3ヶ月/なし,ＪＲ高徳線 / 昭和町駅 徒歩13分,香川県高松市番町３丁目,1978年2月(築48年5ヶ月),ＪＲ高徳線 / 高松駅 徒歩14分 ＪＲ予讃線 / 高松駅 徒歩14分,貸店舗・事務所(一部),3ヶ月/なし,-,-,"電気基本料金：17,600円/月、　水道料金：2,200円/月、　ガス料金：550円/月",-,プレシャス番町ビル（第一讃機ビル） 4 F北東ｶｰﾈｰｼｮﾝ,有人警備　24時間セキュリティー,男女別トイレ　宅配ＢＯＸ　エレベーター　エアコン　火災警報器（報知機）　トイレ,契約期間要相談（１年契約も相談可能）,86.88㎡,-,地上6階地下1階建/4階,"有　16,500円/月",有　無料,近隣商業,2年,-,-,6978318108,2025/08/22,不明,可,,,34.3423736,134.0417194
5558977d424941055706b417,シャトー古馬場　２階 2階,https://www.takamatsuhousing.jp/kasi-tenpo/detail-5558977d424941055706b417/,3,takamatsu_housing,シャトー古馬場　２階 2階 高松琴平電鉄琴平線 / 瓦町駅 高松市古馬場町 徒歩6分 16.5 万円 - 1ヶ月/ なし/ なし 65.91㎡ 19.93坪／0.8276万円 貸店舗（一部） 1973年1月(築53年6ヶ月) 物件詳細を見る お気に入り登録 お問い合わせをする,16.5万円,1ヶ月/なし,高松琴平電鉄琴平線 / 瓦町駅 徒歩6分,香川県高松市古馬場町,1973年1月(築53年6ヶ月),高松琴平電鉄志度線 / 瓦町駅 徒歩5分,貸店舗（一部）,1ヶ月/なし,なし,-,-,-,シャトー古馬場　２階,居抜き　24時間利用可　飲食店可,男女別トイレ　エレベーター　エアコン　トイレ,保証人不要！,65.91㎡,-,6階建/2階,-,-,商業地域,2年,-,-,6956189401,2026/03/05,可,,,,34.3425721,134.0518077
67ba76203e48c91c26797ad3,高松市 屋島西町 (春日川駅) の貸店舗（一括）,https://www.takamatsuhousing.jp/kasi-tenpo/detail-67ba76203e48c91c26797ad3/,3,takamatsu_housing,高松市 屋島西町 (春日川駅) の貸店舗（一括） 高松琴平電鉄志度線 / 春日川駅 高松市屋島西町 徒歩27分 17 万円 - なし/ なし/ なし 132.48㎡ 40.07坪／0.4243万円 貸店舗（一括） 1984年9月(築41年10ヶ月) 物件詳細を見る お気に入り登録 お問い合わせをする,17万円,なし/なし,高松琴平電鉄志度線 / 春日川駅 徒歩27分,香川県高松市屋島西町,1984年9月(築41年10ヶ月),高松琴平電鉄志度線 / 潟元駅 徒歩22分,貸店舗（一括）,なし/なし,-,-,-,-,-,居抜き　飲食店可　駐車場３台分以上　保証人不要,オープンキッチン　室内洗濯機置場　洗濯機置場　トイレ２ヶ所　トイレ,賃貸保証等：加入要 オリコフォレントインシュア,132.48㎡,-,2階建,有　無料　空き4台　　備考：４～６台可能,-,１種中高,2年,-,-,6985334520,2025/02/23,可,可,,,34.3603444,134.0966033
6745221d019e3c41c94e53fb,高松市 番町１丁目 (瓦町駅) の貸店舗（一部）,https://www.takamatsuhousing.jp/kasi-tenpo/detail-6745221d019e3c41c94e53fb/,3,takamatsu_housing,高松市 番町１丁目 (瓦町駅) の貸店舗（一部） 高松琴平電鉄琴平線 / 瓦町駅 高松市番町１丁目 徒歩12分 18.15 万円 - 6ヶ月/ なし/ なし 38.98㎡ 11.79坪／1.5393万円 貸店舗（一部） 1981年9月(築44年10ヶ月) 物件詳細を見る お気に入り登録 お問い合わせをする,18.15万円,6ヶ月/なし,高松琴平電鉄琴平線 / 瓦町駅 徒歩12分,香川県高松市番町１丁目,1981年9月(築44年10ヶ月),ＪＲ高徳線 / 高松駅 徒歩13分 高松琴平電鉄琴平線 / 片原町駅 徒歩16分,貸店舗（一部）,6ヶ月/なし,-,-,-,-,-,-,エアコン　トイレ,賃貸保証等：加入要 ＪＩＤ　家賃の８０％＋月々２．５％,38.98㎡,-,2階建/1階,なし,なし,-,2年,定期借家,-,6984307793,2025/07/03,不明,,,,34.34249,134.0464464
56d5429b9732ec2933001454,向山ビル２Ｆ 2F,https://www.takamatsuhousing.jp/kasi-tenpo/detail-56d5429b9732ec2933001454/,3,takamatsu_housing,"向山ビル２Ｆ 2F 高松琴平電鉄志度線 / 瓦町駅 高松市瓦町１丁目 徒歩5分 19.8 万円 5,500円 3ヶ月/ なし/ なし 75.60㎡ 22.86坪／0.8659万円 貸店舗（一部） 1975年8月(築50年11ヶ月) 物件詳細を見る お気に入り登録 お問い合わせをする",19.8万円,3ヶ月/なし,高松琴平電鉄志度線 / 瓦町駅 徒歩5分,香川県高松市瓦町１丁目,1975年8月(築50年11ヶ月),-,貸店舗（一部）,3ヶ月/なし,なし,-,-,-,向山ビル２Ｆ 2F,-,エアコン２台以上　都市ガス,保証金なし,75.60㎡,-,地上4階地下1階建/2階,-,-,-,2年,-,-,6959766179,2026/02/09,不明,,,,34.3412277,134.051584
69aa7d5de563002bb48f101b,Ｗｉｔｈビル 1階,https://www.takamatsuhousing.jp/kasi-tenpo/detail-69aa7d5de563002bb48f101b/,3,takamatsu_housing,"Ｗｉｔｈビル 1階 高松琴平電鉄琴平線 / 瓦町駅 高松市瓦町２丁目 徒歩2分 19.8 万円 3,000円 3ヶ月/ なし/ 1ヶ月 81.70㎡ 24.71坪／0.8012万円 貸店舗（一部） 1986年12月(築39年7ヶ月) 物件詳細を見る お気に入り登録 お問い合わせをする",19.8万円,3ヶ月/なし,高松琴平電鉄琴平線 / 瓦町駅 徒歩2分,香川県高松市瓦町２丁目,1986年12月(築39年7ヶ月),-,貸店舗（一部）,3ヶ月/なし,-,-,-,-,Ｗｉｔｈビル 1階,-,エアコン２台以上　ビルトインエアコン　トイレ,賃貸保証等：加入要 ＵＳＥＮ　ＴＲＵＳＴ、全保連　等,81.70㎡,-,6階建/1階,-,-,-,2年,-,なし,6989795321,2026/03/06,不明,,,,34.3399504,134.0514047
5c62452d9732ec08c6b7f9a3,香西貸店舗 1階,https://www.takamatsuhousing.jp/kasi-tenpo/detail-5c62452d9732ec08c6b7f9a3/,3,takamatsu_housing,香西貸店舗 1階 ＪＲ予讃線 / 香西駅 高松市香西東町 徒歩10分 19.8 万円 - 3ヶ月/ なし/ なし 187.74㎡ 56.79坪／0.3487万円 貸店舗（一括） 1976年1月(築50年6ヶ月) 物件詳細を見る お気に入り登録 お問い合わせをする,19.8万円,3ヶ月/なし,ＪＲ予讃線 / 香西駅 徒歩10分,香川県高松市香西東町,1976年1月(築50年6ヶ月),-,貸店舗（一括）,3ヶ月/なし,-,-,-,-,香西貸店舗,-,エアコン　トイレ,賃貸保証等：加入要 全保連株式会社 倉庫付き店舗です。,187.74㎡,-,2階建/1階,有　無料,-,-,2年,-,-,6967628237,2025/07/13,不明,,,,34.3403451,134.007635
5ecf6e6730c1427032fc12e9,アビタシオンＮＹＫ 1F南,https://www.takamatsuhousing.jp/kasi-tenpo/detail-5ecf6e6730c1427032fc12e9/,3,takamatsu_housing,"アビタシオンＮＹＫ 1F南 ＪＲ予讃線 / 香西駅 [バス利用可] バス 香西新橋 停歩4分 高松市香西南町 徒歩15分 19.8 万円 22,000円 54.00万円/ なし/ 19.80万円 182.25㎡ 55.13坪／0.3592万円 貸店舗（一部） 1991年3月(築35年4ヶ月) 物件詳細を見る お気に入り登録 お問い合わせをする",19.8万円,54.00万円/なし,ＪＲ予讃線 / 香西駅 徒歩15分 [バス利用可] バス 香西新橋 停歩4分,香川県高松市香西南町,1991年3月(築35年4ヶ月),-,貸店舗（一部）,54.00万円/なし,-,-,-,-,アビタシオンＮＹＫ 1F南,土曜日利用可　土日・祝日利用可　角部屋　天井高２.５ｍ以上,プロパンガス　エアコン　トイレ,賃貸保証等：加入要 全保連株式会社　初回保証料→月額賃金の１００％、継続保証委託料→月額賃料の１０％／年 主要採光面：東向き ＊当社公式Ｙｏｕｔ ｕｂｅチャンネルにて、室内の動画を公開しております。ぜひご覧ください！,182.25㎡,-,2階建/1階,有　無料　空き4台　　備考：駐車料金賃料に含む,-,-,2年,-,-,6970887489,2025/04/01,不明,,,,34.3394484,134.0002361
640e8a8741708e129e914078,高松市 亀岡町 (栗林公園北口駅) の貸店舗・事務所(一部),https://www.takamatsuhousing.jp/kasi-tenpo/detail-640e8a8741708e129e914078/,3,takamatsu_housing,"高松市 亀岡町 (栗林公園北口駅) の貸店舗・事務所(一部) ＪＲ高徳線 / 栗林公園北口駅 高松市亀岡町 徒歩9分 20 万円 10,000円 3ヶ月/ なし/ なし 99.56㎡ 30.11坪／0.6641万円 貸店舗・事務所(一部) 1965年2月(築61年5ヶ月) 物件詳細を見る お気に入り登録 お問い合わせをする",20万円,3ヶ月/なし,ＪＲ高徳線 / 栗林公園北口駅 徒歩9分,香川県高松市亀岡町,1965年2月(築61年5ヶ月),高松琴平電鉄琴平線 / 瓦町駅 徒歩14分,貸店舗・事務所(一部),3ヶ月/なし,-,-,-,-,2F,飲食店不可　フリーレント,男女別トイレ　エレベーター　給湯　都市ガス　エアコン　トイレ,主要採光面：北向き フリーレント：2ヶ月,99.56㎡,-,5階建/2階,"有　20,000円/月　空き1台",-,-,3年,-,なし,6978666681,2025/10/11,不可,,,,34.3369293,134.0412259
5c822221d032a71c6cedffdc,ガーデンコート高松 401,https://www.takamatsuhousing.jp/kasi-tenpo/detail-5c822221d032a71c6cedffdc/,3,takamatsu_housing,ガーデンコート高松 401 ＪＲ高徳線 / 高松駅 高松市大工町 徒歩14分 20.9 万円 なし なし/ なし/ 2ヶ月 124.89㎡ 37.77坪／0.5533万円 貸店舗・事務所(一部) 1991年4月(築35年3ヶ月) 物件詳細を見る お気に入り登録 お問い合わせをする,20.9万円,なし/なし,ＪＲ高徳線 / 高松駅 徒歩14分,香川県高松市大工町,1991年4月(築35年3ヶ月),ＪＲ予讃線 / 高松駅 徒歩15分 高松琴平電鉄琴平線 / 片原町駅 徒歩5分,貸店舗・事務所(一部),なし/なし,-,-,-,-,ガーデンコート高松 401,１フロア１テナント,エレベーター　エアコン　トイレ２ヶ所　トイレ,賃貸保証等：加入要 全保連　日本セーフティー エアコン新設・エレベーター 保証会社要　諸条件相談可 入町料　（１０，０００円）　商店街賦課金　（１ １，４６８円／月）あり。,124.89㎡,-,5階建/4階,なし,なし,-,1年,-,-,6967146958,2026/02/21,不明,,,,34.3445496,134.0527521
60bdd67067528231e3404a78,ガーデンコート高松 501,https://www.takamatsuhousing.jp/kasi-tenpo/detail-60bdd67067528231e3404a78/,3,takamatsu_housing,ガーデンコート高松 501 ＪＲ高徳線 / 高松駅 高松市大工町 徒歩14分 20.9 万円 なし なし/ なし/ 2ヶ月 123.09㎡ 37.23坪／0.5614万円 貸店舗・事務所(一部) 1991年4月(築35年3ヶ月) 物件詳細を見る お気に入り登録 お問い合わせをする,20.9万円,なし/なし,ＪＲ高徳線 / 高松駅 徒歩14分,香川県高松市大工町,1991年4月(築35年3ヶ月),ＪＲ予讃線 / 高松駅 徒歩15分 高松琴平電鉄琴平線 / 片原町駅 徒歩5分,貸店舗・事務所(一部),なし/なし,-,-,-,-,ガーデンコート高松 501,-,エレベーター　シャワー　エアコン　トイレ,賃貸保証等：加入要 全保連　日本セーフティー エアコン新設・エレベーター 保証会社要,123.09㎡,-,5階建/5階,なし,-,-,1年,-,-,6973745546,2025/05/12,不明,,,,34.3445496,134.0527521
5b432f98d032a70dc813f561,京都興産ビル 3F,https://www.takamatsuhousing.jp/kasi-tenpo/detail-5b432f98d032a70dc813f561/,3,takamatsu_housing,京都興産ビル 3F 高松琴平電鉄志度線 / 瓦町駅 高松市瓦町１丁目 徒歩4分 22 万円 - 3ヶ月/ なし/ なし 116.86㎡ 35.34坪／0.6224万円 貸店舗（一部） 1976年10月(築49年9ヶ月) 物件詳細を見る お気に入り登録 お問い合わせをする,22万円,3ヶ月/なし,高松琴平電鉄志度線 / 瓦町駅 徒歩4分,香川県高松市瓦町１丁目,1976年10月(築49年9ヶ月),-,貸店舗（一部）,3ヶ月/なし,-,-,-,-,京都興産ビル 3F,飲食店可,エレベーター　トイレ,礼金・保証金不要！,116.86㎡,-,6階建/3階,-,-,-,2年,-,-,6966181154,2026/02/05,可,,,,34.3412277,134.051584
681acd9ced5168205e52f3c4,じゃこ丸ビル ５階　南,https://www.takamatsuhousing.jp/kasi-tenpo/detail-681acd9ced5168205e52f3c4/,4,takamatsu_housing,"じゃこ丸ビル ５階　南 ＪＲ高徳線 / 高松駅 高松市西の丸町 徒歩3分 22 万円 33,000円 6ヶ月/ なし/ なし 92.00㎡ 27.82坪／0.7906万円 貸店舗（一部） 2016年6月(築10年1ヶ月) 物件詳細を見る お気に入り登録 お問い合わせをする",22万円,6ヶ月/なし,ＪＲ高徳線 / 高松駅 徒歩3分,香川県高松市西の丸町,2016年6月(築10年1ヶ月),-,貸店舗（一部）,6ヶ月/なし,-,-,-,-,じゃこ丸ビル ５階　南,居抜き　飲食店可　最上階　国道沿いに面する,収納スペース　エレベーター　ビルトインエアコン　多機能トイレ,賃貸保証等：加入要 全保連、興和アシスト、ＵＳＥＮ　等 他所在地：１３番地５　１３番地７ 主要採光面：南向き,92.00㎡,-,5階建/5階,-,-,-,3年,-,なし,6986206533,2025/05/07,可,,,,34.3493418,134.0469457
69e1f4f32b1cfe70dd417739,パールコート 1階,https://www.takamatsuhousing.jp/kasi-tenpo/detail-69e1f4f32b1cfe70dd417739/,4,takamatsu_housing,パールコート 1階 高松琴平電鉄琴平線 / 片原町駅 高松市百間町 徒歩5分 22 万円 - 2ヶ月/ なし/ 1ヶ月 124.58㎡ 37.68坪／0.5838万円 貸店舗・事務所(一部) 1990年5月(築36年2ヶ月) 物件詳細を見る お気に入り登録 お問い合わせをする,22万円,2ヶ月/なし,高松琴平電鉄琴平線 / 片原町駅 徒歩5分,香川県高松市百間町,1990年5月(築36年2ヶ月),ＪＲ高徳線 / 高松駅 徒歩12分 高松琴平電鉄志度線 / 瓦町駅 徒歩12分,貸店舗・事務所(一部),2ヶ月/なし,-,-,-,-,パールコート,スケルトン　土日・祝日利用可　飲食店可,-,,124.58㎡,-,4階建/1階,なし,-,-,2年,-,-,6990383977,2026/04/17,可,,,,34.3451724,134.0528471
68959441674fe57902cecc97,高松市 百間町 (瓦町駅) の貸店舗（一部）,https://www.takamatsuhousing.jp/kasi-tenpo/detail-68959441674fe57902cecc97/,4,takamatsu_housing,高松市 百間町 (瓦町駅) の貸店舗（一部） 高松琴平電鉄志度線 / 瓦町駅 高松市百間町 徒歩11分 22 万円 なし 2ヶ月/ なし/ 1ヶ月 124.58㎡ 37.68坪／0.5838万円 貸店舗（一部） 1990年3月(築36年4ヶ月) 物件詳細を見る お気に入り登録 お問い合わせをする,22万円,2ヶ月/なし,高松琴平電鉄志度線 / 瓦町駅 徒歩11分,香川県高松市百間町,1990年3月(築36年4ヶ月),高松琴平電鉄琴平線 / 片原町駅 徒歩6分 高松琴平電鉄琴平線 / 瓦町駅 徒歩12分,貸店舗（一部）,2ヶ月/なし,-,-,-,-,102,スケルトン　24時間利用可　土曜日利用可　土日・祝日利用可　飲食店可　１フロア１テナント,エレベーター　都市ガス　ビルトインエアコン　エアコン　インターネット対応,賃貸保証等：加入要 月額賃料等×１００％＋保証システム登録事務手数料：３，３００円　月額賃料等の１．５％保証料 パールコート１０２号 飲食可 建物 向かい側に大型コインパーキングあり スケルトン テナント　店舗,124.58㎡,-,5階建/1階,-,-,-,2年,-,-,6987278495,2025/11/21,可,,,,34.3451724,134.0528471
678dbd615146490136a2bcc3,セントラル高松中新町ビル（旧太陽生命高松中新町ビル） ３０２,https://www.takamatsuhousing.jp/kasi-tenpo/detail-678dbd615146490136a2bcc3/,4,takamatsu_housing,セントラル高松中新町ビル（旧太陽生命高松中新町ビル） ３０２ 高松琴平電鉄琴平線 / 瓦町駅 高松市中新町 徒歩7分 23.5543 万円 なし 6ヶ月/ なし/ なし 74.54㎡ 22.54坪／1.0447万円 貸店舗・事務所(一部) 1993年4月(築33年3ヶ月) 物件詳細を見る お気に入り登録 お問い合わせをする,23.5543万円,6ヶ月/なし,高松琴平電鉄琴平線 / 瓦町駅 徒歩7分,香川県高松市中新町,1993年4月(築33年3ヶ月),高松琴平電鉄長尾線 / 瓦町駅 徒歩7分 高松琴平電鉄志度線 / 瓦町駅 徒歩7分,貸店舗・事務所(一部),6ヶ月/なし,-,-,-,-,セントラル高松中新町ビル（旧太陽生命高松中新町ビル） ３０２,-,男女別トイレ　エレベーター２基以上　エレベーター　給湯　トイレ,ＩＴ重説対応物件,74.54㎡,-,地上9階地下1階建/3階,なし,なし,-,2年,-,-,1190779004,2025/01/20,不明,,,,34.3370423,134.0477376
678dbd617f54e6649ea1dfc1,セントラル高松中新町ビル（旧太陽生命高松中新町ビル） ２０２,https://www.takamatsuhousing.jp/kasi-tenpo/detail-678dbd617f54e6649ea1dfc1/,4,takamatsu_housing,セントラル高松中新町ビル（旧太陽生命高松中新町ビル） ２０２ 高松琴平電鉄琴平線 / 瓦町駅 高松市中新町 徒歩7分 23.5543 万円 なし 6ヶ月/ なし/ なし 74.54㎡ 22.54坪／1.0447万円 貸店舗・事務所(一部) 1993年4月(築33年3ヶ月) 物件詳細を見る お気に入り登録 お問い合わせをする,23.5543万円,6ヶ月/なし,高松琴平電鉄琴平線 / 瓦町駅 徒歩7分,香川県高松市中新町,1993年4月(築33年3ヶ月),高松琴平電鉄長尾線 / 瓦町駅 徒歩7分 高松琴平電鉄志度線 / 瓦町駅 徒歩7分,貸店舗・事務所(一部),6ヶ月/なし,-,-,-,-,セントラル高松中新町ビル（旧太陽生命高松中新町ビル） ２０２,-,男女別トイレ　エレベーター２基以上　エレベーター　給湯　トイレ,ＩＴ重説対応物件,74.54㎡,-,地上9階地下1階建/2階,なし,なし,-,2年,-,-,1190778904,2025/01/20,不明,,,,34.3370423,134.0477376
5ce350d0e5a69c2656af61c7,高松市 東山崎町 (水田駅) の貸店舗・事務所(一括),https://www.takamatsuhousing.jp/kasi-tenpo/detail-5ce350d0e5a69c2656af61c7/,4,takamatsu_housing,高松市 東山崎町 (水田駅) の貸店舗・事務所(一括) 高松琴平電鉄長尾線 / 水田駅 高松市東山崎町 徒歩7分 24.2 万円 なし 6ヶ月/ なし/ なし 141.60㎡ 42.83坪／0.565万円 貸店舗・事務所(一括) 1996年10月(築29年9ヶ月) 物件詳細を見る お気に入り登録 お問い合わせをする,24.2万円,6ヶ月/なし,高松琴平電鉄長尾線 / 水田駅 徒歩7分,香川県高松市東山崎町,1996年10月(築29年9ヶ月),-,貸店舗・事務所(一括),6ヶ月/なし,-,-,-,-,-,-,エアコン,,141.60㎡,-,1階建,有　無料　空き3台,-,-,2年,-,-,6968303299,2026/06/11,不明,,,,34.3078228,134.0959696
58bf9517e5a69c0e2c12e0ed,高松市 六条町 (水田駅) の貸店舗（一括）,https://www.takamatsuhousing.jp/kasi-tenpo/detail-58bf9517e5a69c0e2c12e0ed/,4,takamatsu_housing,高松市 六条町 (水田駅) の貸店舗（一括） 高松琴平電鉄長尾線 / 水田駅 高松市六条町 徒歩5分 25 万円 - 3ヶ月/ なし/ なし 182.38㎡ 55.16坪／0.4532万円 貸店舗（一括） 2003年4月(築23年3ヶ月) 物件詳細を見る お気に入り登録 お問い合わせをする,25万円,3ヶ月/なし,高松琴平電鉄長尾線 / 水田駅 徒歩5分,香川県高松市六条町,2003年4月(築23年3ヶ月),高松琴平電鉄長尾線 / 元山駅 徒歩15分 高松琴平電鉄長尾線 / 西前田駅 徒歩20分,貸店舗（一括）,3ヶ月/なし,-,-,-,-,-,居抜き　飲食店可　デザイナーズ,男女別トイレ　オープンキッチン　収納スペース　バス・トイレ別室　シャワー　プロパンガス　ビルトインエアコン　トイレ２ヶ所　トイレ,主要採光面：南西向き ★現況：空き店舗／和食店「六条食房ふぅ」跡（居抜き）／随時内覧可 ★厨房機器等⇒残置物あり／駐車場⇒約１０台分あり／敷地約 １００坪あり,182.38㎡,公簿 332.09㎡,2階建,有　無料　空き10台,-,準住居　１種住居,3年,-,-,6962665401,2017/03/08,可,,,,34.2985968,134.0836537
6a0eb8f8bda945109354afbb,ＡＫビルⅩⅢ　１階 1階,https://www.takamatsuhousing.jp/kasi-tenpo/detail-6a0eb8f8bda945109354afbb/,4,takamatsu_housing,ＡＫビルⅩⅢ　１階 1階 高松琴平電鉄琴平線 / 片原町駅 高松市百間町 徒歩4分 25.3 万円 - 6ヶ月/ なし/ なし 76.00㎡ 22.98坪／1.1005万円 貸店舗（一部） 1966年6月(築60年1ヶ月) 物件詳細を見る お気に入り登録 お問い合わせをする,25.3万円,6ヶ月/なし,高松琴平電鉄琴平線 / 片原町駅 徒歩4分,香川県高松市百間町,1966年6月(築60年1ヶ月),-,貸店舗（一部）,6ヶ月/なし,-,-,-,-,ＡＫビルⅩⅢ　１階,-,トイレ,賃貸保証等：加入要 全保連、興和アシスト、ＵＳＥＮ　等 別途ライオン通り商店街費１０，２５０円要,76.00㎡,-,4階建/1階,なし,-,-,3年,-,なし,6990796580,2026/05/21,不明,,,,34.3451724,134.0528471
68d9f87b7f54e611de549e33,ＣＵＢＥ高松　旧共栄火災海上保険株式会社高松支社 １Ｆ,https://www.takamatsuhousing.jp/kasi-tenpo/detail-68d9f87b7f54e611de549e33/,4,takamatsu_housing,ＣＵＢＥ高松　旧共栄火災海上保険株式会社高松支社 １Ｆ 高松琴平電鉄琴平線 / 瓦町駅 高松市塩屋町 徒歩5分 26.0656 万円 なし 6ヶ月/ なし/ なし 97.93㎡ 29.62坪／0.8799万円 貸店舗・事務所(一部) 1978年9月(築47年10ヶ月) 物件詳細を見る お気に入り登録 お問い合わせをする,26.0656万円,6ヶ月/なし,高松琴平電鉄琴平線 / 瓦町駅 徒歩5分,香川県高松市塩屋町,1978年9月(築47年10ヶ月),高松琴平電鉄長尾線 / 瓦町駅 徒歩5分 高松琴平電鉄志度線 / 瓦町駅 徒歩5分,貸店舗・事務所(一部),6ヶ月/なし,-,-,"水道料：3,258円/月",-,ＣＵＢＥ高松　旧共栄火災海上保険株式会社高松支社 １Ｆ,24時間利用可　土曜日利用可　土日・祝日利用可　リノベーション,男女別トイレ　エレベーター　給湯　エアコン　冷房　トイレ,ＩＴ重説対応物件,97.93㎡,-,7階建/1階,なし,なし,-,2年,-,-,1148083613,2025/09/29,不明,,,2025年04月　　内容：共用部美装！,34.342155,134.0550633
59d30e12e5a69c6ccf3e274c,高松市 鍛冶屋町 (瓦町駅) の貸店舗（一部）,https://www.takamatsuhousing.jp/kasi-tenpo/detail-59d30e12e5a69c6ccf3e274c/,4,takamatsu_housing,"高松市 鍛冶屋町 (瓦町駅) の貸店舗（一部） 高松琴平電鉄琴平線 / 瓦町駅 高松市鍛冶屋町 徒歩10分 26.4 万円 22,000円 3ヶ月/ なし/ なし 124.23㎡ 37.57坪／0.7026万円 貸店舗（一部） 1988年1月(築38年6ヶ月) 物件詳細を見る お気に入り登録 お問い合わせをする",26.4万円,3ヶ月/なし,高松琴平電鉄琴平線 / 瓦町駅 徒歩10分,香川県高松市鍛冶屋町,1988年1月(築38年6ヶ月),高松琴平電鉄琴平線 / 片原町駅 徒歩10分 ＪＲ高徳線 / 高松駅 徒歩14分,貸店舗（一部）,3ヶ月/なし,-,-,-,-,3Ｆ,飲食店可,都市ガス　エアコン　トイレ,賃貸保証等：加入要 全保連（株）初回保障委託料　賃料・共益費の８０％　２年目以降　賃料・共益費の１０％／年,124.23㎡,-,6階建/3階,なし,なし,商業地域,3年,-,-,6964215955,2026/05/15,可,,,,34.3428604,134.0487343
6a07ab7dce03c2ec06377e02,高松市 国分寺町新居 (端岡駅) の貸店舗・事務所(一括),https://www.takamatsuhousing.jp/kasi-tenpo/detail-6a07ab7dce03c2ec06377e02/,4,takamatsu_housing,高松市 国分寺町新居 (端岡駅) の貸店舗・事務所(一括) ＪＲ予讃線 / 端岡駅 高松市国分寺町新居 徒歩14分 27.5 万円 - 3ヶ月/ なし/ 1ヶ月 167.55㎡ 50.68坪／0.5426万円 貸店舗・事務所(一括) 2001年3月(築25年4ヶ月) 物件詳細を見る お気に入り登録 お問い合わせをする,27.5万円,3ヶ月/なし,ＪＲ予讃線 / 端岡駅 徒歩14分,香川県高松市国分寺町新居,2001年3月(築25年4ヶ月),-,貸店舗・事務所(一括),3ヶ月/なし,-,-,-,-,-,-,バス・トイレ別室　給湯　トイレ２ヶ所,,167.55㎡,-,2階建,有　無料　空き16台,有　無料,-,2年,-,-,6990724927,2026/05/18,不明,,,,34.3150123,133.9666553
63d8a4e80cccef06e5316d54,プレシャス番町ビル（第一讃機ビル） 2F南東コスモス,https://www.takamatsuhousing.jp/kasi-tenpo/detail-63d8a4e80cccef06e5316d54/,4,takamatsu_housing,"プレシャス番町ビル（第一讃機ビル） 2F南東コスモス ＪＲ高徳線 / 昭和町駅 高松市番町３丁目 徒歩13分 27.5 万円 24,200円 3ヶ月/ なし/ なし 169.00㎡ 51.12坪／0.538万円 貸店舗・事務所(一部) 1978年2月(築48年5ヶ月) 物件詳細を見る お気に入り登録 お問い合わせをする",27.5万円,3ヶ月/なし,ＪＲ高徳線 / 昭和町駅 徒歩13分,香川県高松市番町３丁目,1978年2月(築48年5ヶ月),ＪＲ高徳線 / 高松駅 徒歩14分 ＪＲ予讃線 / 高松駅 徒歩14分,貸店舗・事務所(一部),3ヶ月/なし,-,-,"電気基本料金：24,200円/月、　水道料金：2,200円/月、　ガス料金：550円/月",-,プレシャス番町ビル（第一讃機ビル） 2F南東コスモス,有人警備　飲食店不可　駐車場３台分以上　24時間セキュリティー　耐震構造(新耐震基準),男女別トイレ　宅配ＢＯＸ　エレベーター　給湯　エアコン　火災警報器（報知機）　トイレ,主要採光面：南向き 部屋が広い場合については２つに分けることもできます。,169.00㎡,-,地上6階地下1階建/5階,"有　16,500円/月　空き3台",有　無料,近隣商業,2年,-,なし,6978316899,2025/08/22,不可,可,,,34.3423736,134.0417194
660e5dbfedc6e56a05971a7b,巧匠ビル　１・２階,https://www.takamatsuhousing.jp/kasi-tenpo/detail-660e5dbfedc6e56a05971a7b/,4,takamatsu_housing,巧匠ビル　１・２階 高松琴平電鉄琴平線 / 片原町駅 高松市今新町 徒歩7分 28 万円 - 6ヶ月/ なし/ なし 235.74㎡ 71.31坪／0.3927万円 貸店舗（一部） 1960年10月(築65年9ヶ月) 物件詳細を見る お気に入り登録 お問い合わせをする,28万円,6ヶ月/なし,高松琴平電鉄琴平線 / 片原町駅 徒歩7分,香川県高松市今新町,1960年10月(築65年9ヶ月),-,貸店舗（一部）,6ヶ月/なし,なし,-,-,-,巧匠ビル　１・２階,-,エアコン２台以上　ビルトインエアコン　トイレ,賃貸保証等：加入要 全保連、興和アシスト、ＵＳＥＮ　等 １階：１１７．８７㎡（約３５．６５坪） ２階：１１７．８７㎡（約３５．６５坪）,235.74㎡,-,3階建/1～2階,-,-,-,3年,-,なし,6981965684,2024/04/04,不明,,,,34.3439421,134.0526969
653f4bd6e89777535faced84,オフィスビルいずみ東１階 1階,https://www.takamatsuhousing.jp/kasi-tenpo/detail-653f4bd6e89777535faced84/,4,takamatsu_housing,オフィスビルいずみ東１階 1階 高松琴平電鉄琴平線 / 伏石駅 高松市上天神町 徒歩17分 29.7 万円 - 3ヶ月/ なし/ なし 176.00㎡ 53.23坪／0.5579万円 貸店舗・事務所(一部) 1979年8月(築46年11ヶ月) 物件詳細を見る お気に入り登録 お問い合わせをする,29.7万円,3ヶ月/なし,高松琴平電鉄琴平線 / 伏石駅 徒歩17分,香川県高松市上天神町,1979年8月(築46年11ヶ月),高松琴平電鉄琴平線 / 太田駅 徒歩24分 高松琴平電鉄琴平線 / 三条駅 徒歩27分,貸店舗・事務所(一部),3ヶ月/なし,-,-,-,-,オフィスビルいずみ東１階,24時間セキュリティー,給湯　プロパンガス　トイレ,賃貸保証等：加入要 加入時家賃１ヶ月、更新年１回￥１０，０００,176.00㎡,-,3階建/1階,"有　5,500円/月",有　無料,-,2年,-,なし,6980438588,2026/01/11,不明,,,,34.3115266,134.0391502
68955a821363053550874c30,高松市 国分寺町福家 (挿頭丘駅) の貸店舗・事務所(一部),https://www.takamatsuhousing.jp/kasi-tenpo/detail-68955a821363053550874c30/,4,takamatsu_housing,高松市 国分寺町福家 (挿頭丘駅) の貸店舗・事務所(一部) パノラマ 高松琴平電鉄琴平線 / 挿頭丘駅 高松市国分寺町福家 徒歩14分 33 万円 なし 3ヶ月/ なし/ 1ヶ月 108.27㎡ 32.75坪／1.0076万円 貸店舗・事務所(一部) 2001年4月(築25年3ヶ月) 物件詳細を見る お気に入り登録 お問い合わせをする,33万円,3ヶ月/なし,高松琴平電鉄琴平線 / 挿頭丘駅 徒歩14分,香川県高松市国分寺町福家,2001年4月(築25年3ヶ月),高松琴平電鉄琴平線 / 岡本駅 徒歩23分 高松琴平電鉄琴平線 / 畑田駅 徒歩24分,貸店舗・事務所(一部),3ヶ月/なし,なし,-,-,-,-,飲食店可,トイレ,賃貸保証等：加入要 興和アシスト㈱へ加入要 バルコニー：あり 業種によっては価格相談可。,108.27㎡,-,2階建/1階,有　無料　空き15台,-,-,3年,-,なし,6987273483,2025/08/08,可,,,,34.2790659,133.972223
63e7433dd93d1c3663901541,ガーデンコート高松 2F,https://www.takamatsuhousing.jp/kasi-tenpo/detail-63e7433dd93d1c3663901541/,4,takamatsu_housing,ガーデンコート高松 2F 高松琴平電鉄琴平線 / 片原町駅 高松市大工町 徒歩5分 33 万円 - 20.00万円/ なし/ 66.00万円 199.51㎡ 60.35坪／0.5468万円 貸店舗（一部） 1991年4月(築35年3ヶ月) 物件詳細を見る お気に入り登録 お問い合わせをする,33万円,20.00万円/なし,高松琴平電鉄琴平線 / 片原町駅 徒歩5分,香川県高松市大工町,1991年4月(築35年3ヶ月),高松琴平電鉄志度線 / 瓦町駅 徒歩10分 ＪＲ高徳線 / 高松駅 徒歩14分,貸店舗（一部）,20.00万円/なし,-,-,-,-,ガーデンコート高松 2F,24時間利用可　土曜日利用可　土日・祝日利用可　飲食店可　１フロア１テナント　角部屋　保証人不要,エアコン２台以上　収納スペース　エレベーター　都市ガス　ビルトインエアコン　エアコン　トイレ,賃貸保証等：加入要 相談可 ２Ｆは約８１．９８㎡、３Ｆは約４２．９７㎡、条件等相談可能 入町料　（１０，０００円）　商店街賦課金（１１，４６８円 ）あり。,199.51㎡,-,地上5階地下2階建/2～3階,-,なし,-,1年,-,-,6978415413,2023/02/11,可,,,,34.3445496,134.0527521
5558977b424941747cdcc717,エーワン藤塚ビル　１階駐車場・倉庫　２階・３階事務所,https://www.takamatsuhousing.jp/kasi-tenpo/detail-5558977b424941747cdcc717/,4,takamatsu_housing,エーワン藤塚ビル　１階駐車場・倉庫　２階・３階事務所 ＪＲ高徳線 / 栗林駅 高松市藤塚町２丁目 徒歩6分 33 万円 - 3ヶ月/ なし/ なし 223.89㎡ 67.72坪／0.4873万円 貸店舗（一部） 1989年6月(築37年1ヶ月) 物件詳細を見る お気に入り登録 お問い合わせをする,33万円,3ヶ月/なし,ＪＲ高徳線 / 栗林駅 徒歩6分,香川県高松市藤塚町２丁目,1989年6月(築37年1ヶ月),高松琴平電鉄琴平線 / 栗林公園駅 徒歩8分,貸店舗（一部）,3ヶ月/なし,-,-,-,-,エーワン藤塚ビル　１階駐車場・倉庫　２階・３階事務所,-,収納スペース　トイレ,保証人なし！！,223.89㎡,公簿 262.88㎡,3階建/1～3階,-,-,近隣商業,2年,-,-,6956305064,2026/02/05,不明,,,,34.3339638,134.0508466
678dbd617f54e65d5a95dbcb,ＣＵＢＥ高松　旧共栄火災海上保険株式会社高松支社 ５Ｆ,https://www.takamatsuhousing.jp/kasi-tenpo/detail-678dbd617f54e65d5a95dbcb/,4,takamatsu_housing,ＣＵＢＥ高松　旧共栄火災海上保険株式会社高松支社 ５Ｆ 高松琴平電鉄琴平線 / 瓦町駅 高松市塩屋町 徒歩5分 33.1485 万円 なし 6ヶ月/ なし/ なし 132.85㎡ 40.18坪／0.8249万円 貸店舗・事務所(一部) 1978年9月(築47年10ヶ月) 物件詳細を見る お気に入り登録 お問い合わせをする,33.1485万円,6ヶ月/なし,高松琴平電鉄琴平線 / 瓦町駅 徒歩5分,香川県高松市塩屋町,1978年9月(築47年10ヶ月),高松琴平電鉄長尾線 / 瓦町駅 徒歩5分 高松琴平電鉄志度線 / 瓦町駅 徒歩5分,貸店舗・事務所(一部),6ヶ月/なし,-,-,"水道料：4,419円/月",-,ＣＵＢＥ高松　旧共栄火災海上保険株式会社高松支社 ５Ｆ,24時間利用可　土曜日利用可　土日・祝日利用可　リノベーション,男女別トイレ　エレベーター　給湯　エアコン　冷房　トイレ,ＩＴ重説対応物件,132.85㎡,-,7階建/5階,なし,なし,-,2年,-,-,1190778704,2025/01/20,不明,,,2025年04月　　内容：共用部美装！,34.342155,134.0550633
678dbd617f54e665070e0af6,ＣＵＢＥ高松　旧共栄火災海上保険株式会社高松支社 ４Ｆ,https://www.takamatsuhousing.jp/kasi-tenpo/detail-678dbd617f54e665070e0af6/,4,takamatsu_housing,ＣＵＢＥ高松　旧共栄火災海上保険株式会社高松支社 ４Ｆ 高松琴平電鉄琴平線 / 瓦町駅 高松市塩屋町 徒歩5分 33.1485 万円 なし 6ヶ月/ なし/ なし 132.85㎡ 40.18坪／0.8249万円 貸店舗・事務所(一部) 1978年9月(築47年10ヶ月) 物件詳細を見る お気に入り登録 お問い合わせをする,33.1485万円,6ヶ月/なし,高松琴平電鉄琴平線 / 瓦町駅 徒歩5分,香川県高松市塩屋町,1978年9月(築47年10ヶ月),高松琴平電鉄長尾線 / 瓦町駅 徒歩5分 高松琴平電鉄志度線 / 瓦町駅 徒歩5分,貸店舗・事務所(一部),6ヶ月/なし,-,-,"水道料：4,419円/月",-,ＣＵＢＥ高松　旧共栄火災海上保険株式会社高松支社 ４Ｆ,24時間利用可　土曜日利用可　土日・祝日利用可　リノベーション,男女別トイレ　エレベーター　給湯　エアコン　冷房　トイレ,ＩＴ重説対応物件,132.85㎡,-,7階建/4階,なし,なし,-,2年,-,-,1190778604,2025/01/20,不明,,,2025年04月　　内容：共用部美装！,34.342155,134.0550633
67a47b12991eeb6eed4aac18,高松市 林町 (伏石駅) の貸店舗（一括）,https://www.takamatsuhousing.jp/kasi-tenpo/detail-67a47b12991eeb6eed4aac18/,4,takamatsu_housing,高松市 林町 (伏石駅) の貸店舗（一括） 高松琴平電鉄琴平線 / 伏石駅 高松市林町 徒歩24分 35 万円 - 6ヶ月/ なし/ なし 223.90㎡ 67.72坪／0.5168万円 貸店舗（一括） 1995年8月(築30年11ヶ月) 物件詳細を見る お気に入り登録 お問い合わせをする,35万円,6ヶ月/なし,高松琴平電鉄琴平線 / 伏石駅 徒歩24分,香川県高松市林町,1995年8月(築30年11ヶ月),-,貸店舗（一括）,6ヶ月/なし,-,-,-,-,-,スケルトン　24時間利用可　土日・祝日利用可　１フロア１テナント　駐車場３台分以上　国道沿いに面する,トイレ,ロードサイド店舗,223.90㎡,-,1階建,有　無料　空き6台,なし,-,3年,-,なし,6985116005,2026/03/30,不明,,,,34.3005438,134.069878
5558977d424941055700b417,カーラビル １F,https://www.takamatsuhousing.jp/kasi-tenpo/detail-5558977d424941055700b417/,4,takamatsu_housing,"カーラビル １F 高松琴平電鉄琴平線 / 瓦町駅 高松市瓦町２丁目 徒歩6分 49.5 万円 11,000円 3ヶ月/ なし/ なし 124.54㎡ 37.67坪／1.314万円 貸店舗（一部） 1977年5月(築49年2ヶ月) 物件詳細を見る お気に入り登録 お問い合わせをする",49.5万円,3ヶ月/なし,高松琴平電鉄琴平線 / 瓦町駅 徒歩6分,香川県高松市瓦町２丁目,1977年5月(築49年2ヶ月),高松琴平電鉄琴平線 / 片原町駅 徒歩12分,貸店舗（一部）,3ヶ月/なし,なし,-,-,-,カーラビル １F,スケルトン　24時間利用可　土曜日利用可　飲食店可,エアコン２台以上　プロパンガス　動力あり,,124.54㎡,-,6階建/1階,-,-,商業地域,2年,-,-,6955739633,2026/05/19,可,,,,34.3399504,134.0514047
680f3150c8d81631e329df64,西村ジョイ屋島店　１階テナント　Ｃ区画 1階,https://www.takamatsuhousing.jp/kasi-tenpo/detail-680f3150c8d81631e329df64/,4,takamatsu_housing,"西村ジョイ屋島店　１階テナント　Ｃ区画 1階 高松琴平電鉄志度線 / 春日川駅 高松市屋島西町 徒歩18分 51.4272 万円 85,712円 3ヶ月/ なし/ なし 515.20㎡ 155.84坪／0.33万円 貸店舗（一部） 1997年11月(築28年8ヶ月) 物件詳細を見る お気に入り登録 お問い合わせをする",51.4272万円,3ヶ月/なし,高松琴平電鉄志度線 / 春日川駅 徒歩18分,香川県高松市屋島西町,1997年11月(築28年8ヶ月),高松琴平電鉄志度線 / 潟元駅 徒歩20分 高松琴平電鉄志度線 / 沖松島駅 徒歩29分,貸店舗（一部）,3ヶ月/なし,-,-,"電気代：188,566円/月",-,西村ジョイ屋島店　１階テナント　Ｃ区画,-,-,賃貸保証等：加入要 全保連株式会社。契約時賃料合計の１００％（１か月分）、２年目より１０％の保証委託料が必要です。 西村ジョイ屋島店の１階店舗 内　Ｃ区画のテナントとなります。 Ａ，Ｂ，Ｄ区画も募集中であり、賃料等の条件は異なりますのでお気軽にご相談ください。 テナント面積は相談可能です。 出店業種、看板設置代、廃棄物処理費等は別途協議といたします。 営業可能時間は西村ジョイに準じて、９時～２０時となります。 貸主様にて利用中ですが、内見、現地打ち合わせは可能です。,515.20㎡,-,3階建/1階,有　無料,有　無料,準工業　２種住居,3年,-,なし,6986129619,2025/04/28,不明,,,,34.3603444,134.0966033
555897fe42494105814fab17,ソレイユ第一ビル 202,https://www.takamatsuhousing.jp/kasi-tenpo/detail-555897fe42494105814fab17/,4,takamatsu_housing,"ソレイユ第一ビル 202 高松琴平電鉄琴平線 / 瓦町駅 高松市亀井町 徒歩5分 53.96 万円 161,882円 6ヶ月/ なし/ なし 324.36㎡ 98.11坪／0.55万円 貸店舗（一部） 1983年10月(築42年9ヶ月) 物件詳細を見る お気に入り登録 お問い合わせをする",53.96万円,6ヶ月/なし,高松琴平電鉄琴平線 / 瓦町駅 徒歩5分,香川県高松市亀井町,1983年10月(築42年9ヶ月),-,貸店舗（一部）,6ヶ月/なし,-,-,-,-,ソレイユ第一ビル 202,飲食店可,エレベーター,賃貸保証等：加入要 興和アシスト株式会社　全保連株式会社　等 亀井町　田町交番近く　２Ｆ　約９８．１１坪 スケルトン　飲食店可,324.36㎡,-,地上5階地下1階建/2階,なし,-,-,3年,-,-,6933361901,2020/08/17,可,,,,34.3401075,134.0481231
60743b77298a4d7ba61a7822,オフィスビルいずみ,https://www.takamatsuhousing.jp/kasi-tenpo/detail-60743b77298a4d7ba61a7822/,4,takamatsu_housing,オフィスビルいずみ 高松琴平電鉄琴平線 / 伏石駅 高松市上天神町 徒歩17分 55 万円 - 3ヶ月/ なし/ なし 584.00㎡ 176.65坪／0.3114万円 貸店舗・事務所(一部) 1979年8月(築46年11ヶ月) 物件詳細を見る お気に入り登録 お問い合わせをする,55万円,3ヶ月/なし,高松琴平電鉄琴平線 / 伏石駅 徒歩17分,香川県高松市上天神町,1979年8月(築46年11ヶ月),高松琴平電鉄琴平線 / 太田駅 徒歩24分 高松琴平電鉄琴平線 / 三条駅 徒歩27分,貸店舗・事務所(一部),3ヶ月/なし,-,-,-,-,オフィスビルいずみ,24時間セキュリティー,男女別トイレ　エレベーター　給湯　プロパンガス　トイレ,,584.00㎡,-,3階建/1～3階,"有　5,500円/月　　備考：駐車場５台まで無料　６台目以降は￥５，５００／月",有　無料,-,2年,-,なし,6973327672,2022/09/06,不明,,,,34.3115266,134.0391502
57aa80db9732ec15a177a0ec,瓦町スクエアビルド ５階,https://www.takamatsuhousing.jp/kasi-tenpo/detail-57aa80db9732ec15a177a0ec/,4,takamatsu_housing,"瓦町スクエアビルド ５階 高松琴平電鉄琴平線 / 瓦町駅 高松市瓦町２丁目 徒歩1分 83.13 万円 277,100円 6ヶ月/ なし/ なし 458.03㎡ 138.55坪／0.60万円 貸店舗（一部） 1997年4月(築29年3ヶ月) 物件詳細を見る お気に入り登録 お問い合わせをする",83.13万円,6ヶ月/なし,高松琴平電鉄琴平線 / 瓦町駅 徒歩1分,香川県高松市瓦町２丁目,1997年4月(築29年3ヶ月),高松琴平電鉄長尾線 / 瓦町駅 徒歩1分 高松琴平電鉄志度線 / 瓦町駅 徒歩1分,貸店舗（一部）,6ヶ月/なし,-,-,-,-,瓦町スクエアビルド ５階,-,エレベーター,主要採光面：南西向き ★現況：スケルトン／敷金応相談／駅前立地 ★駅前商業ビル／１階ドラッグストア・地階ライブハウス営業中／他階居酒屋・カラオケ 店・美容外科等営業中,458.03㎡,-,地上7階地下1階建/5階,-,-,-,2年,-,-,6961044952,2025/12/18,不明,,,,34.3399504,134.0514047
6968a44f2c4b41c3593e8b9c,ＷｅＢａｓｅ高松 B1-1F,https://www.takamatsuhousing.jp/kasi-tenpo/detail-6968a44f2c4b41c3593e8b9c/,4,takamatsu_housing,"ＷｅＢａｓｅ高松 B1-1F 高松琴平電鉄琴平線 / 瓦町駅 高松市瓦町１丁目 徒歩6分 220 万円 - 10ヶ月/ なし/ 1ヶ月 1,038.74㎡ 314.21坪／0.7002万円 貸店舗（一部） 1978年3月(築48年4ヶ月) 物件詳細を見る お気に入り登録 お問い合わせをする",220万円,10ヶ月/なし,高松琴平電鉄琴平線 / 瓦町駅 徒歩6分,香川県高松市瓦町１丁目,1978年3月(築48年4ヶ月),-,貸店舗（一部）,10ヶ月/なし,-,-,-,-,ＷｅＢａｓｅ高松 B1-1F,スケルトン　24時間利用可　土日・祝日利用可　飲食店可　耐震構造(新耐震基準)　天井高２.５ｍ以上,-,賃貸保証等：加入要 保証会社要加入（日本セーフティ、総賃料の１ヶ月分） 賃料大幅改定！！諸条件ご相談ください！,"1,038.74㎡",-,地上12階地下2階建/B1～1階,有　無料　空き5台　　備考：平置き５台あり,-,-,10年,定期借家,-,6989088416,2026/01/16,可,,,,34.3412277,134.051584
673304b1b1a9b138a07f12fd,西村ジョイ屋島店　２階北 2階,https://www.takamatsuhousing.jp/kasi-tenpo/detail-673304b1b1a9b138a07f12fd/,4,takamatsu_housing,"西村ジョイ屋島店　２階北 2階 高松琴平電鉄志度線 / 春日川駅 高松市屋島西町 徒歩18分 262.7571 万円 453,030円 6ヶ月/ なし/ なし 2,722.96㎡ 823.69坪／0.319万円 貸店舗（一部） 1997年11月(築28年8ヶ月) 物件詳細を見る お気に入り登録 お問い合わせをする",262.7571万円,6ヶ月/なし,高松琴平電鉄志度線 / 春日川駅 徒歩18分,香川県高松市屋島西町,1997年11月(築28年8ヶ月),高松琴平電鉄志度線 / 潟元駅 徒歩20分 高松琴平電鉄志度線 / 沖松島駅 徒歩29分,貸店舗（一部）,6ヶ月/なし,-,-,"電気代：724,847円/月",-,西村ジョイ屋島店　２階北,-,-,西村ジョイ屋島店の２階北側店舗部分となります。 ２階店舗が約８２３坪、１階荷捌き場が約２８．５坪です。 （一部区画のみなど面積調整のご相談可能で す。） 看板設置代、廃棄物処理費等は別途必要となります。 営業可能時間は西村ジョイに準じて、９時～２０時となります。 内見は可能です。,"2,722.96㎡",-,3階建/2階,有　無料,有,準工業　２種住居,3年,-,-,6984166080,2024/11/25,不明,,,,34.3603444,134.0966033
